번호,도서명,저자,출판사,자료유형,국제표준도서번호,카테고리,데이터기준일
1,운동생리학과 운동처방,백일영,대한미디어,전자책,1471000346 ,예술/대중문화,2023-03-10
2,연구논문 작성법,배종근,동국대학교출판부,전자책,1615000275 ,인문/역사,2023-03-10
3,칸트 대 비트겐 슈타인,수잔프롬,동국대학교출판부,전자책,1615000429 ,인문/역사,2023-03-10
4,21세기 경영법칙 101(후나이식경영법 1),후나이 유키오,서음출판사,전자책,3366000015 ,경제경영,2023-03-10
5,매상고향상 비법(후나이식경영법 6),후나이 유키오,서음출판사,전자책,3366000899 ,경제경영,2023-03-10
6,베이식 경영법(후나이식경영법 7),후나이 유키오,서음출판사,전자책,3366000929 ,경제경영,2023-03-10
7,성공을 위한 인간학(후나이식경영법 4),후나이 유키오,서음출판사,전자책,3366001100 ,경제경영,2023-03-10
8,성공의 노하우(후나이식경영법 2),후나이 유키오,서음출판사,전자책,3366001119 ,경제경영,2023-03-10
9,신유통 혁명(후나이식경영법 8),후나이 유키오,서음출판사,전자책,3366001178 ,경제경영,2023-03-10
10,유통업계의 미래(후나이식경영법 9),후나이 유키오,서음출판사,전자책,3366001577 ,경제경영,2023-03-10
11,인간시대의 경영법(후나이식경영법 3),후나이 유키오,서음출판사,전자책,3366001879 ,경제경영,2023-03-10
12,패션화시대의 경영법(후나이식경영법 5),후나이 유키오,서음출판사,전자책,3366002239 ,경제경영,2023-03-10
13,암 스스로 고쳐라,마세 겐이찌,서음출판사,전자책,3366002603 ,건강/의학,2023-03-10
14,상한론병증감별치료,안규섭 외,성보사,전자책,3502000220 ,건강/의학,2023-03-10
15,상한론총강,배병철,성보사,전자책,3502000603 ,건강/의학,2023-03-10
16,실용중풍치료학,배병철 외,성보사,전자책,3502000646 ,건강/의학,2023-03-10
17,체질의학원론,서민욱,성보사,전자책,3502000697 ,건강/의학,2023-03-10
18,의림개착평역,곽동열 외,성보사,전자책,3502000700 ,건강/의학,2023-03-10
19,BEHIND THE SCENES OF ROYAL PALACES IN KOREA(YIDYNASTY),HA TAE-HUNG,연세대학교출판부,전자책,4576000160 ,인문/역사,2023-03-10
20,광개토대왕(두산동아 테마위인),이상교,두산동아,전자책,8900113666 ,아동,2023-03-10
21,세종대왕(두산동아 테마위인),차보금,두산동아,전자책,8900113674 ,아동,2023-03-10
22,이윤기의 그리스 로마 신화. 1,이윤기,웅진닷컴,전자책,8901029359 ,인문/역사,2023-03-10
23,이윤기의 그리스 로마 신화. 2,이윤기,웅진닷컴,전자책,8901035871 ,인문/역사,2023-03-10
24,이윤기의 그리스 로마 신화. 3,이윤기,웅진닷컴,전자책,8901047144 ,인문/역사,2023-03-10
25,그 많던 싱아는 누가 다 먹었을까,박완서,웅진씽크빅,전자책,8901051591 ,소설,2023-03-10
26,만해 한용운(사르비아총서 102),임중빈,범우사,전자책,8908032053 ,종교,2023-03-10
27,도산 안창호(사르비아총서 103),이광수,범우사,전자책,8908032061 ,인문/역사,2023-03-10
28,압록강은 흐른다(사르비아총서 301),이미륵,범우사,전자책,8908032126 ,소설,2023-03-10
29,마하트마 간디(사르비아총서 106),로맹 롤랑,범우사,전자책,8908032169 ,시/에세이,2023-03-10
30,늪텃집 처녀 외 (사루비아총서 641),라겔뢰프,범우사,전자책,890803322X,소설,2023-03-10
31,화훼장식기능사 필기(5차개선) (369 기술자격 시리즈),권오향,교학사,전자책,8909146842 ,과학/공학,2023-03-10
32,한식조리사 실기(최신개정판),최숙희,교학사,전자책,8909151773 ,가정/생활/요리,2023-03-10
33,정보화 기초(HANGUL 2007),이형범,교학사,전자책,8909155167 ,IT/프로그래밍,2023-03-10
34,정보화 실무(EXCEL 2007),이형범,교학사,전자책,8909155183 ,IT/프로그래밍,2023-03-10
35,정보화 실무(POWERPOINT 2007),이형범,교학사,전자책,8909155205 ,IT/프로그래밍,2023-03-10
36,일러스트레이터 CS3+포토샵 CS3(개정판),이해구,교학사,전자책,8909156856 ,IT/프로그래밍,2023-03-10
37,일러스트레이터 CS4,우석진,교학사,전자책,8909157046 ,IT/프로그래밍,2023-03-10
38,노벨,엄기원,삼성당,전자책,8914016455 ,아동,2023-03-10
39,아라비안 나이트,권영미 엮음,삼성출판사,전자책,8915016424 ,아동,2023-03-10
40,지킬박사와 하이드,로버트 스티븐슨,삼성출판사,전자책,8915032861 ,아동,2023-03-10
41,불멸의 밑반찬,김지현,삼성출판사,전자책,8915067509 ,가정/생활/요리,2023-03-10
42,감동의 도시락,용동희,삼성출판사,전자책,8915067517 ,가정/생활/요리,2023-03-10
43,약이 되는 음식,김봉찬,삼성출판사,전자책,891506755X,가정/생활/요리,2023-03-10
44,최신 칼로리북,편집부,삼성출판사,전자책,8915067568 ,건강/의학,2023-03-10
45,엔조이 와인,이정윤,삼성출판사,전자책,8915067606 ,가정/생활/요리,2023-03-10
46,샐러드 생활,최현정,삼성출판사,전자책,8915067614 ,가정/생활/요리,2023-03-10
47,스무살 요가,진소원,삼성출판사,전자책,8915067630 ,건강/의학,2023-03-10
48,작은집 인테리어,백민정,삼성출판사,전자책,8915067649 ,가정/생활/요리,2023-03-10
49,기적의 발마사지,편집부,삼성출판사,전자책,8915067657 ,건강/의학,2023-03-10
50,하룻밤에 읽는 미국사,손세호,랜덤하우스,전자책,8925541351 ,인문/역사,2023-03-10
51,미녀들의 영어 수다,레이한,두앤비컨텐츠,전자책,8925541467 ,국어/외국어,2023-03-10
52,여드름 비책,최형석,랜덤하우스,전자책,8925543834 ,건강/의학,2023-03-10
53,건강하게 살려면 거울을 봐라,남무길,랜덤하우스코리아,전자책,8925544822 ,건강/의학,2023-03-10
54,카라마조프가의 형제들 (논술 프로그램 세계명작 36),심영미 엮음,예림당,전자책,8930200567 ,아동,2023-03-10
55,사랑의 요정 (논술 프로그램 세계명작 37),김영자 엮음,예림당,전자책,8930200575 ,아동,2023-03-10
56,몽테크리스토 백작 (논술 프로그램 세계명작 39),심경석,예림당,전자책,8930200591 ,아동,2023-03-10
57,홍당무 (논술 프로그램 세계명작 40),홍성지 엮음,예림당,전자책,8930200605 ,아동,2023-03-10
58,말괄량이 길들이기(논술프로그램세계명작 42),셰익스피어,예림당,전자책,8930200621 ,아동,2023-03-10
59,플루타르크 영웅전 (논술프로그램세계명작 50),플루타르크,예림당,전자책,8930200702 ,아동,2023-03-10
60,첫사랑 (문예 세계문학선 46),투르게네프,문예출판사,전자책,8931005377 ,소설,2023-03-10
61,할리우드 영화의 모든 것,서정남,이론과실천,전자책,893136024X,예술/대중문화,2023-03-10
62,아이폰 영화 만들기,유순미,영진닷컴,전자책,8931440901 ,IT/프로그래밍,2023-03-10
63,페이스북 쉽게 배우기,진민정,영진닷컴,전자책,8931442289 ,IT/프로그래밍,2023-03-10
64,사랑의 학교(논술대비세계명작 53),쥘 베른,지경사,전자책,8931902972 ,아동,2023-03-10
65,파브르 곤충기(논술대비세계명작 54),파브르,지경사,전자책,8931902980 ,아동,2023-03-10
66,세계의 무서운 이야기 50선(베스트 오브 베스트 11),이효성,지경사,전자책,8931903790 ,아동,2023-03-10
67,톰 아저씨의 오두막집(논술대비 세계명작 35),해리엣 비처 스토,지경사,전자책,8931907842 ,아동,2023-03-10
68,비밀의 화원(논술대비 세계명작 39),프랜시스 엘리자 버넷,지경사,전자책,8931907885 ,아동,2023-03-10
69,해저 2만리(논술대비 세계명작 40),쥘 베른,지경사,전자책,8931907893 ,아동,2023-03-10
70,사계절 별자리 이야기(21세기시리즈 24),해바라기,지경사,전자책,8931911343 ,아동,2023-03-10
71,사랑의 가족(논술대비세계명작 28),아그네스 자퍼,지경사,전자책,8931911785 ,아동,2023-03-10
72,톰 소여의 모험(논술대비 세계명작 57),마크 트웨인,지경사,전자책,8931915322 ,아동,2023-03-10
73,삼총사(논술대비 세계명작 65),이상교,지경사,전자책,8931915675 ,아동,2023-03-10
74,피터팬 (논술대비 세계명작76),강원희,지경사,전자책,8931916639 ,아동,2023-03-10
75,셜록 홈즈의 모험,아서 코난 도일,지경사,전자책,8931917279 ,아동,2023-03-10
76,바스커빌가의 개(논술대비 세계명작 15),아서 코난 도일,지경사,전자책,8931917902 ,아동,2023-03-10
77,소공녀,프랜시스 엘리자 버넷,지경사,전자책,8931918143 ,아동,2023-03-10
78,적과 흑,스탕달,지경사,전자책,8931918445 ,아동,2023-03-10
79,오만과 편견,제인 오스틴,지경사,전자책,8931918453 ,아동,2023-03-10
80,어머니,막심 고리키,지경사,전자책,8931918836 ,아동,2023-03-10
81,소나기 사하촌(외),황순원,지경사,전자책,8931919166 ,아동,2023-03-10
82,받아쓰기 1-2 바르게 읽고 쓰는 우리말 공부,이창건,지경사,전자책,8931919816 ,아동,2023-03-10
83,받아쓰기 2-2 바르게 읽고 쓰는 우리말 공부,이창건,지경사,전자책,8931919832 ,아동,2023-03-10
84,키다리 아저씨,진 웹스터,지경사,전자책,893191993X,아동,2023-03-10
85,똑똑한 어린이 한자사전,지경사 편집부,지경사,전자책,8931921004 ,아동,2023-03-10
86,초등학생 문화 예술 체육사전,김인성,지경사,전자책,8931921047 ,아동,2023-03-10
87,목욕탕,다와다 요코,을유문화사,전자책,8932471681 ,소설,2023-03-10
88,CompTIA Security+,배동규,기전연구사,전자책,8933608419 ,IT/프로그래밍,2023-03-10
89,엑셀 2010,강동식,기전연구사,전자책,8933608486 ,IT/프로그래밍,2023-03-10
90,나의 꽃밭에 님의 꽃이 피었습니다,고명수,한길사,전자책,8935659940 ,인문/역사,2023-03-10
91,나는 인간으로 살고 싶다,이상경,한길사,전자책,8935659959 ,인문/역사,2023-03-10
92,책의 공화국에서,김언호,한길사,전자책,8935660027 ,인문/역사,2023-03-10
93,중학생이 보는 도련님,나쓰메 소세키,신원문화사,전자책,893591276X,교재/수험서,2023-03-10
94,대한민국 인생등급,스포니 김,신원문화사,전자책,8935914932 ,가정/생활/요리,2023-03-10
95,쉬운말성경 신약. 1(사복음서),성서원 편집팀,성서원,전자책,8936018485 ,종교,2023-03-10
96,쉬운말성경 신약. 2(바울서신),성서원 편집팀,성서원,전자책,8936018493 ,종교,2023-03-10
97,쉬운말성경 신약. 3(공동서신),성서원 편집팀,성서원,전자책,8936018507 ,종교,2023-03-10
98,"쉬운말성경 신약. 4(사도행전,요한계시록)",성서원 편집팀,성서원,전자책,8936018515 ,종교,2023-03-10
99,여자 38 두번째 선택,김은영,파프리카,전자책,8936309617 ,자기계발,2023-03-10
100,와인 스케치 오 작가의 엉뚱하고 발랄한 와인 탐험,오현숙,파프리카,전자책,893630965X,가정/생활/요리,2023-03-10
101,한눈에 반한 우리문화 20,오세기 외,아이세움,전자책,8937811626 ,아동,2023-03-10
102,깡통 소년,크리스티네 뇌스틀링거,아이세움,전자책,8937840111 ,아동,2023-03-10
103,조선왕조실록(초등학생을 위한),조선왕조실록팀,대교출판,전자책,8939507754 ,아동,2023-03-10
104,과학을 꿀꺽 해버린 동화 3.4학년,홍윤희,대교출판,전자책,8939513940 ,아동,2023-03-10
105,1.2학년 눈높이 수학 학습 동화,김용란,대교출판,전자책,8939513967 ,아동,2023-03-10
106,3.4학년 눈높이 수학학습동화,김용란,대교출판,전자책,8939513975 ,아동,2023-03-10
107,5.6학년 눈높이 수학학습동화,김용란,대교출판,전자책,8939513983 ,아동,2023-03-10
108,돌아온 진돗개 백구(눈높이어린이문고38),송재찬,대교출판,전자책,8939514130 ,아동,2023-03-10
109,안내견 탄실이(1),고정욱,대교출판,전자책,8939515714 ,아동,2023-03-10
110,안내견 탄실이(2),고정욱,대교출판,전자책,8939515722 ,아동,2023-03-10
111,안내견 탄실이(3),고정욱,대교출판,전자책,8939515730 ,아동,2023-03-10
112,짜장면(눈높이어린이문고68),박재형,대교출판,전자책,8939516400 ,아동,2023-03-10
113,네 손가락의 피아니스트 1(만화),고정욱,대교출판,전자책,8939516494 ,아동,2023-03-10
114,네 손가락의 피아니스트 2(만화),고정욱,대교출판,전자책,8939516508 ,아동,2023-03-10
115,칠칠단의 비밀 1,방정환,대교출판,전자책,8939517350 ,아동,2023-03-10
116,칠칠단의 비밀 2,방정환,대교출판,전자책,8939517369 ,아동,2023-03-10
117,조리사시험 필기,배태자,일진사,전자책,8942908098 ,가정/생활/요리,2023-03-10
118,80일간의 세계일주,쥘 베른,중앙출판사,전자책,8945121951 ,아동,2023-03-10
119,수레바퀴 아래서,헤르만 헤세,중앙출판사,전자책,8945122044 ,아동,2023-03-10
120,깜장고무신,조대현,문공사,전자책,8945214070 ,아동,2023-03-10
121,누리야 누리야,양귀자,문공사,전자책,894521450X,아동,2023-03-10
122,나는 왜 새가 좋을까,윤무부,문공사,전자책,8945215158 ,아동,2023-03-10
123,과학 올림피아드 3학년 예상 문제집,김진규,문공사,전자책,8945217940 ,아동,2023-03-10
124,과학 올림피아드 4학년 예상 문제집,김진규,문공사,전자책,8945217959 ,아동,2023-03-10
125,과학 올림피아드 6학년 예상 문제집,김진규,문공사,전자책,8945217975 ,아동,2023-03-10
126,꽃이 지고 나면 잎이 보이듯이 이해인 쓰고 황규백 그리다,이해인,샘터사,전자책,8946418079 ,시/에세이,2023-03-10
127,뉴스 잉글리시,윤희영,샘터,전자책,8946418133 ,국어/외국어,2023-03-10
128,버킷리스트,강창균,한국경제신문사,전자책,8947527866 ,시/에세이,2023-03-10
129,바보 빅터,호아킴 데 포사다,한국경제신문사,전자책,8947527939 ,시/에세이,2023-03-10
130,달님은 알지요,김향이,비룡소,전자책,8949120305 ,아동,2023-03-10
131,영모가 사라졌다(일공일삼 20),공지희,비룡소,전자책,8949180197 ,아동,2023-03-10
132,연애&섹스 카운슬러,김경화,대명종,전자책,8951027112 ,로맨스,2023-03-10
133,스폰서 카페,영화영,대명종,전자책,8951027341 ,로맨스,2023-03-10
134,하얀 이방인,김지영,대명종,전자책,8951027368 ,로맨스,2023-03-10
135,온기가 필요해,김진주,디키스토리,전자책,8951027376 ,로맨스,2023-03-10
136,핏빛 연심,김지영,대명종,전자책,8951027546 ,로맨스,2023-03-10
137,현혹,김경화,대명종,전자책,8951027805 ,로맨스,2023-03-10
138,얼룩진 교감,김지영,대명종,전자책,8951028704 ,로맨스,2023-03-10
139,송명근의 건강 교과서,송명근,살림LIFE,전자책,8952210913 ,건강/의학,2023-03-10
140,내 고추는 천연 기념물 (꾸러기 문고 5),박상률,시공주니어,전자책,8952709926 ,아동,2023-03-10
141,안나 카레니나(논술세계명작 57),편집부,계림닷컴,전자책,8953301998 ,아동,2023-03-10
142,대장 불리바(논술세계명작 54),고골리,계림닷컴,전자책,8953302013 ,아동,2023-03-10
143,빌헬름 텔(논술세계명작 55),실러,계림닷컴,전자책,8953302021 ,아동,2023-03-10
144,장 크리스토프(논술세계명작 58),롤랑,계림닷컴,전자책,895330203X,아동,2023-03-10
145,테스(논술세계명작 60),하디,계림닷컴,전자책,8953302056 ,아동,2023-03-10
146,적과 흑(논술세계명작 61),스탕달,계림닷컴,전자책,8953302064 ,아동,2023-03-10
147,새교과서 국어동화 3학년,이슬기,계림닷컴,전자책,8953302102 ,아동,2023-03-10
148,새교과서 수학동화 3학년,윤병욱 외,계림닷컴,전자책,8953302110 ,아동,2023-03-10
149,새교과서 과학동화 3학년,박종규,계림닷컴,전자책,8953302129 ,아동,2023-03-10
150,새교과서 국어동화 4학년,원유순 외,계림닷컴,전자책,8953302153 ,아동,2023-03-10
151,새교과서 수학동화 4학년,윤병욱 외,계림닷컴,전자책,8953302161 ,아동,2023-03-10
152,빨간 머리 앤,루시 모드 몽고메리,계림,전자책,8953308038 ,아동,2023-03-10
153,레 미제라블,빅토르 위고,계림,전자책,8953308135 ,아동,2023-03-10
154,초등학교 국어과 좋은 수업,임용운,국학자료원,전자책,895410066X,인문/역사,2023-03-10
155,천마봉. 1,몽월,드림북스,전자책,8954231845 ,무협,2023-03-10
156,천마봉. 2,몽월,드림북스,전자책,8954231853 ,무협,2023-03-10
157,천마봉. 3,몽월,드림북스,전자책,8954231861 ,무협,2023-03-10
158,천마봉. 4,몽월,드림북스,전자책,8954232167 ,무협,2023-03-10
159,천마봉. 5,몽월,드림북스,전자책,8954232361 ,무협,2023-03-10
160,천마봉. 6,몽월,드림북스,전자책,895423237X,무협,2023-03-10
161,천마봉. 7,몽월,드림북스,전자책,8954232876 ,무협,2023-03-10
162,천마봉. 8,몽월,드림북스,전자책,8954232884 ,무협,2023-03-10
163,천마봉. 9,몽월,드림북스,전자책,8954234348 ,무협,2023-03-10
164,천마봉. 10(완결),몽월,드림북스,전자책,8954234526 ,무협,2023-03-10
165,30초 건강코칭,안병리,새로운제안,전자책,8955333021 ,건강/의학,2023-03-10
166,철저하게 장사꾼으로 살아라,이경태,새로운제안,전자책,8955333110 ,경제경영,2023-03-10
167,혁신 현장에서 답을 찾다,신언정,새로운제안,전자책,8955333196 ,경제경영,2023-03-10
168,100만원 경영학,이동현,새로운제안,전자책,8955333285 ,경제경영,2023-03-10
169,난 이제부터 남자다,이규희,세상모든책,전자책,8955600208 ,아동,2023-03-10
170,훈장을 단 허수아비,강원희,세상모든책,전자책,8955600224 ,아동,2023-03-10
171,너하고 안 놀아,고정욱,세상모든책,전자책,8955600593 ,유아,2023-03-10
172,꿈 은행 꿈을 저축해 드립니다,주경희,세상모든책,전자책,8955602294 ,아동,2023-03-10
173,영자신문을 읽는 10가지 공식(HOW TO READ THE KOREA TIMES),이창섭,한나래,전자책,8955661177 ,국어/외국어,2023-03-10
174,선,김성우,무한,전자책,8956012296 ,종교,2023-03-10
175,불교 교양을 만나다,이현정,무한,전자책,8956012377 ,종교,2023-03-10
176,유아체육 프로그램,B. J. LOGSDON 외,대한미디어,전자책,8956540365 ,인문/역사,2023-03-10
177,피트니스 워킹,THERESE IKNOIAN,대한미디어,전자책,8956542090 ,여행/취미,2023-03-10
178,성공하는 골프 레슨,PAUL G. SCHEMPP,대한미디어,전자책,8956542287 ,여행/취미,2023-03-10
179,당뇨병 예방과 치료를 위한 실천계획,DARRY E. BARNES,대한미디어,전자책,8956542317 ,건강/의학,2023-03-10
180,어린이를 위한 아이다,김선희,은행나무아이들,전자책,8956600457 ,아동,2023-03-10
181,테이핑 세라피 바이블,천길영,대경북스,전자책,8956762414 ,여행/취미,2023-03-10
182,운동처방총론 과학적 운동처방과 운동요법의 실제,김재구,대경북스,전자책,8956762473 ,여행/취미,2023-03-10
183,스포츠 마사지,김홍식,대경북스,전자책,8956762570 ,여행/취미,2023-03-10
184,스포츠마케팅,이병기,대경북스,전자책,8956762716 ,여행/취미,2023-03-10
185,영어끝장 소영이처럼,이소영,일송북,전자책,8957321004 ,가정/생활/요리,2023-03-10
186,흔들리는 영혼,김지영,동아,전자책,8957903305 ,로맨스,2023-03-10
187,생존의 밥상,김수현,넥서스BOOKS,전자책,8957973699 ,건강/의학,2023-03-10
188,세상을 바꾼 과학논쟁,강윤재,궁리,전자책,8958203102 ,과학/공학,2023-03-10
189,신화가 된 여자 오프라 윈프리(개정판),자넷 로우,청년정신,전자책,8958610468 ,시/에세이,2023-03-10
190,어린이 살아있는 한국사 교과서 1,윤종배,휴머니스트,전자책,8958620420 ,아동,2023-03-10
191,어린이 살아있는 한국사 교과서 2,윤종배,휴머니스트,전자책,8958620439 ,아동,2023-03-10
192,진중권의 서양 미술사,진중권,휴머니스트,전자책,8958622385 ,예술/대중문화,2023-03-10
193,민주주의를 만든 생각들 고대 편,구민정,휴머니스트,전자책,8958624434 ,정치/사회,2023-03-10
194,민주주의를 만든 생각들 근현대 편,구민정,휴머니스트,전자책,8958624442 ,정치/사회,2023-03-10
195,우리들의 일그러진 영웅1(통합형 논술 활용노트001),이문열,이가서,전자책,8958641932 ,교재/수험서,2023-03-10
196,우리들의 일그러진 영웅2(통합형논술활용노트02),이문열,이가서,전자책,8958641940 ,교재/수험서,2023-03-10
197,봉주르 와인,이다도시,위즈덤하우스,전자책,8959133655 ,가정/생활/요리,2023-03-10
198,박찬일의 와인 셀렉션,박찬일,예담,전자책,8959133728 ,가정/생활/요리,2023-03-10
199,30일간의 파리지앵 놀이,생갱,예담,전자책,8959133876 ,여행/취미,2023-03-10
200,퇴계에게 공부법을 배우다,설흔,예담,전자책,8959134007 ,인문/역사,2023-03-10
201,심리학 오디세이,장근영,예담,전자책,895913404X,인문/역사,2023-03-10
202,나는 조금씩 인생을 알아가는 중이다,권소연,예담,전자책,8959136735 ,시/에세이,2023-03-10
203,만해 한용운 평전,김삼웅,시대의창,전자책,8959402133 ,인문/역사,2023-03-10
204,여자 길에 반하다,유혜준,미래의창,전자책,8959891169 ,여행/취미,2023-03-10
205,트렌드 코리아 2012,김난도,미래의창,전자책,895989172X,경제경영,2023-03-10
206,명화감상 미술놀이,하늘벼리,넥서스주니어,전자책,8959942189 ,가정/생활/요리,2023-03-10
207,태교 동화 태담 놀이,구름돌,넥서스주니어,전자책,8960005517 ,가정/생활/요리,2023-03-10
208,커플여행,홍미경,넥서스BOOKS,전자책,8960005711 ,여행/취미,2023-03-10
209,다윈코드 변화가 늦으면 모든 것을 잃는다,김영한,넥서스 BIZ,전자책,8960005991 ,경제경영,2023-03-10
210,KBS 한국어능력시험 완벽 준비서 (전4권),최지평,넥서스,전자책,8960009113 ,인문/역사,2023-03-10
211,운동과 건강,최승욱,성신여자대학교출판부,전자책,8960200298 ,건강/의학,2023-03-10
212,영화 예술학 입문,배상준,성신여자대학교출판부,전자책,8960200301 ,예술/대중문화,2023-03-10
213,책 쓰는 블로그,김정한,에세이퍼블리싱,전자책,8960237779 ,인문/역사,2023-03-10
214,레테의 강,고윤숙,에세이퍼블리싱,전자책,8960238066 ,소설,2023-03-10
215,입학사정관제로 기적만들기,이호경,에세이퍼블리싱,전자책,8960238112 ,청소년,2023-03-10
216,교과서를 통째로 삼킨 1학년 OX 퀴즈,박광철,재미북스,전자책,8960240230 ,아동,2023-03-10
217,교과서를 통째로 삼킨 2학년 O X 퀴즈,박광철,재미북스,전자책,8960240419 ,아동,2023-03-10
218,시간의 얼굴,서풍,디키스토리,전자책,8960283584 ,로맨스,2023-03-10
219,안철수 공부법,심정섭,황금부엉이,전자책,8960303232 ,가정/생활/요리,2023-03-10
220,CEO 꿈의 연봉에 도전하라,최병권,중앙경제평론사,전자책,8960540439 ,경제경영,2023-03-10
221,똑똑한 아이들의 경제교실,안동훈,중앙경제평론사,전자책,8960540528 ,아동,2023-03-10
222,파생상품 투자상담사(핵심)(상),김재욱,중앙경제평론사,전자책,8960540579 ,교재/수험서,2023-03-10
223,파생상품 투자상담사(핵심)(하),김재욱,중앙경제평론사,전자책,8960540587 ,교재/수험서,2023-03-10
224,핵심 증권투자 상담사(상)(제1과목 제2과목),김재욱,중앙경제평론사,전자책,8960540625 ,교재/수험서,2023-03-10
225,핵심 증권투자 상담사(하)(제3과목 제4과목),김재욱,중앙경제평론사,전자책,8960540633 ,교재/수험서,2023-03-10
226,고객 졸도 서비스,문충태,중앙경제평론사,전자책,8960540641 ,경제경영,2023-03-10
227,위험관리가 회사의 미래를 결정한다,김중구,원앤원북스,전자책,896060108X,경제경영,2023-03-10
228,경제학자 CEO 현장에서 경영을 말하다,정순원,원앤원북스,전자책,8960601136 ,경제경영,2023-03-10
229,사기의 경영학,김영수,원앤원북스,전자책,8960601233 ,경제경영,2023-03-10
230,잘 되는 회사는 실패에서 배운다,윤경훈,원앤원북스,전자책,8960601969 ,경제경영,2023-03-10
231,불안 버리기,최주연,소울메이트,전자책,8960601977 ,인문/역사,2023-03-10
232,생각의 기술,이창후,소울메이트,전자책,8960602051 ,인문/역사,2023-03-10
233,실전에 강해지는 인사 노무지식의 모든 것,박현웅,원앤원북스,전자책,8960602124 ,경제경영,2023-03-10
234,아빠 양육,강현식,소울메이트,전자책,8960602175 ,가정/생활/요리,2023-03-10
235,행복 세일즈,김용일,휴먼앤북스,전자책,8960780642 ,경제경영,2023-03-10
236,플루타르코스 영웅전. 4,플루타르코스,휴먼앤북스,전자책,8960781207 ,인문/역사,2023-03-10
237,플루타르코스 영웅전. 5,플루타르코스,휴먼앤북스,전자책,8960781282 ,인문/역사,2023-03-10
238,어린이를 위한 정직,우봉규,위즈덤하우스,전자책,8960861685 ,아동,2023-03-10
239,서른살 직장인 책읽기를 배우다,구본준,위즈덤하우스,전자책,8960861839 ,인문/역사,2023-03-10
240,글쓰기로 돈버는 자유기고 한번 해볼까,황성근,위즈덤하우스,전자책,8960861901 ,인문/역사,2023-03-10
241,긍정의 대화법,장은영,위즈덤하우스,전자책,8960861944 ,자기계발,2023-03-10
242,학교가 알려주지 않는 세상의 진실,민성원,위즈덤하우스,전자책,8960861979 ,자기계발,2023-03-10
243,국내파 10인의 해외취업 성공기,김연,위즈덤하우스,전자책,8960862029 ,교재/수험서,2023-03-10
244,박원순의 아름다운 가치사전,박원순,위즈덤하우스,전자책,8960864749 ,시/에세이,2023-03-10
245,반기문 영어 연설문,최형두,위즈덤하우스,전자책,8960865176 ,국어/외국어,2023-03-10
246,하루 15분 정리의 힘,윤선현,위즈덤하우스,전자책,8960865273 ,자기계발,2023-03-10
247,한자능력검정시험 1급(예상 기출문제집)(8절),송지연,넥서스아카데미,전자책,8960870307 ,인문/역사,2023-03-10
248,커피와 샌드위치,다케우치 마사히로,씨앤톡,전자책,8960980889 ,경제경영,2023-03-10
249,알기 쉬운 소아동의보감 0~8세,신재용,중앙생활사,전자책,8961410377 ,건강/의학,2023-03-10
250,난 EFT로 두드렸을 뿐이고,설기문,중앙생활사,전자책,8961410393 ,건강/의학,2023-03-10
251,우리집 119 맹 따주기 응급처치,이수맹,중앙생활사,전자책,8961410431 ,건강/의학,2023-03-10
252,우울증 치유 완전정복,황원준,중앙생활사,전자책,8961410458 ,건강/의학,2023-03-10
253,다이어트 완전정복,남재현,중앙생활사,전자책,8961410466 ,건강/의학,2023-03-10
254,위장병 완전정복,김한식,중앙생활사,전자책,8961410474 ,건강/의학,2023-03-10
255,치질 치료 완전정복,정희원,중앙생활사,전자책,8961410482 ,건강/의학,2023-03-10
256,백내장 완전정복,김봉현,중앙생활사,전자책,8961410490 ,건강/의학,2023-03-10
257,가정 동의보감,한승섭,중앙생활사,전자책,8961410547 ,건강/의학,2023-03-10
258,눈 건강 완전정복,김병진,중앙생활사,전자책,8961410555 ,건강/의학,2023-03-10
259,어린이 탈무드(가장 먼저 읽고 싶은),양미진,홍진P&M,전자책,8961424521 ,아동,2023-03-10
260,문주. 1,야생화,영상노트,전자책,8961565249 ,무협,2023-03-10
261,문주. 2,야생화,영상노트,전자책,8961565257 ,무협,2023-03-10
262,무당제일 문지기. 1,천서림,영상노트,전자책,8961565397 ,무협,2023-03-10
263,무당제일 문지기. 2,천서림,영상노트,전자책,8961565400 ,무협,2023-03-10
264,문주. 3,야생화,영상노트,전자책,8961565559 ,무협,2023-03-10
265,무당제일 문지기. 3,천서림,영상노트,전자책,8961565745 ,무협,2023-03-10
266,지옥철의 야누스,설아,영상노트,전자책,8961565761 ,로맨스,2023-03-10
267,문주. 4,야생화,영상노트,전자책,8961565842 ,무협,2023-03-10
268,무당제일 문지기. 4,천서림,영상노트,전자책,8961566059 ,무협,2023-03-10
269,문주. 5,야생화,영상노트,전자책,8961566067 ,무협,2023-03-10
270,무당제일 문지기. 5,천서림,영상노트,전자책,8961566334 ,무협,2023-03-10
271,문주. 6,야생화,영상노트,전자책,8961566393 ,무협,2023-03-10
272,무당제일 문지기. 6(완결),천서림,영상노트,전자책,8961566601 ,무협,2023-03-10
273,문주. 7(완결),야생화,영상노트,전자책,896156661X,무협,2023-03-10
274,에밀,장 자크 루소,돋을새김,전자책,8961670131 ,인문/역사,2023-03-10
275,이럴땐 이런 음악,이헌석,돋을새김,전자책,8961670301 ,예술/대중문화,2023-03-10
276,마해영의 야구본색,마해영,미래를소유한사람들,전자책,8962170108 ,여행/취미,2023-03-10
277,야구가 기가 막혀,기영노,미래를소유한사람들,전자책,8962170140 ,여행/취미,2023-03-10
278,나는 누구인가,박세웅,미래를소유한사람들,전자책,8962170396 ,종교,2023-03-10
279,권력의 역설,우종창,미래를소유한사람들,전자책,896217040X,인문/역사,2023-03-10
280,100세까지 치매 없이 건강하게 사는 101가지 방법,시라사와 다쿠지,라이프맵,전자책,8962602865 ,건강/의학,2023-03-10
281,17살 돈의 가치를 알아야 할 나이,한진수,책읽는수요일,전자책,8962603322 ,경제경영,2023-03-10
282,지리산 둘레길,이송이,스타일북스,전자책,8962603543 ,여행/취미,2023-03-10
283,벌거벗은 유전자,미샤 앵그리스트,과학동아북스,전자책,8962860740 ,과학/공학,2023-03-10
284,알기쉬운 ERP PLUS,신철,미래와경영,전자책,8962870118 ,경제경영,2023-03-10
285,엄마 내 말 좀 들어줘,박동욱,미래와경영,전자책,8962870193 ,가정/생활/요리,2023-03-10
286,린(LEAN) 경영혁신,남영학,미래와경영,전자책,8962870207 ,경제경영,2023-03-10
287,피부미용사 1권으로 따자 필기시험,안문경,미래와경영,전자책,8962870274 ,과학/공학,2023-03-10
288,1등학원 경영 상담으로 성공하라,박동옥,미래와경영,전자책,8962870282 ,경제경영,2023-03-10
289,발칙한 학원경영 대박학원엔 특별한 1%가 있다,허신영,미래와경영,전자책,8962870312 ,경제경영,2023-03-10
290,FC 대충하려면 지금 때려쳐라,채완기,미래와경영,전자책,8962870711 ,경제경영,2023-03-10
291,부기와 기초경리 지식쌓기,MKRI,미래와경영,전자책,8962870770 ,경제경영,2023-03-10
292,핫라인. 1,아사렐라,디키스토리,전자책,8963211622 ,로맨스,2023-03-10
293,핫라인. 2,아사렐라,디키스토리,전자책,8963211630 ,로맨스,2023-03-10
294,아나와 히키,히키,발해,전자책,8963214060 ,로맨스,2023-03-10
295,168시간 일주일 사용법,케빈 호건,비전코리아,전자책,8963220303 ,자기계발,2023-03-10
296,신 명심보감,이동필,책나무,전자책,8963391876 ,인문/역사,2023-03-10
297,이순신1,이광수,책나무,전자책,8963392287 ,소설,2023-03-10
298,이순신2,이광수,책나무,전자책,8963392295 ,소설,2023-03-10
299,이순신3,이광수,책나무,전자책,8963392309 ,소설,2023-03-10
300,날개,이상,책나무,전자책,8963392317 ,소설,2023-03-10
301,메밀꽃필무렵,이효석,책나무,전자책,8963392414 ,소설,2023-03-10
302,상록수1,심훈,책나무,전자책,8963392430 ,소설,2023-03-10
303,상록수3,심훈,책나무,전자책,8963392457 ,소설,2023-03-10
304,불,현진건,책나무,전자책,8963392473 ,소설,2023-03-10
305,빈처,현진건,책나무,전자책,8963392503 ,소설,2023-03-10
306,흉터,이정숙,디키스토리,전자책,8963590127 ,로맨스,2023-03-10
307,수사법 사전,장하늘,다산초당,전자책,896370016X,인문/역사,2023-03-10
308,초등 고민 탈출학교,이민식,다산어린이,전자책,8963700216 ,아동,2023-03-10
309,유통만 알아도 돈이 보인다,김영호,다산북스,전자책,8963700229 ,경제경영,2023-03-10
310,마케팅 찬스 새로운 마케팅 기회를 포착하는 25가지 기술,김훈철,다산북스,전자책,8963700518 ,경제경영,2023-03-10
311,롱런 마케팅 지속적인 성장을 만드는 5가지 마케팅 코드,김훈철,다산북스,전자책,8963700526 ,경제경영,2023-03-10
312,한자신동남매의 공부비밀,이정현,다산에듀,전자책,8963700593 ,가정/생활/요리,2023-03-10
313,글쓰기 표현사전(문장 표현의 거의 모든것),장하늘,다산초당,전자책,8963700682 ,인문/역사,2023-03-10
314,청개구리 초등 심리학,양소영,다산에듀,전자책,8963700976 ,가정/생활/요리,2023-03-10
315,골프 천재가 된 홍대리. 2,김헌,다산라이프,전자책,8963702898 ,여행/취미,2023-03-10
316,협상천재가 된 홍대리,김성형,다산북스,전자책,896370467X,자기계발,2023-03-10
317,환율천재가 된 홍대리,윤채현,다산라이프,전자책,8963705056 ,경제경영,2023-03-10
318,토익공부 하지마,김지완,비욘드올(BEYOND ALL),전자책,8963705498 ,국어/외국어,2023-03-10
319,독서 천재가 된 홍대리,이지성,다산라이프,전자책,896370632X,자기계발,2023-03-10
320,난설헌,최문희,다산책방,전자책,8963706850 ,소설,2023-03-10
321,어느 날 내가 공부에 미쳤습니다,박철범,다산에듀,전자책,8963707814 ,종교,2023-03-10
322,세일즈 천재가 된 홍대리,신윤순,다산라이프,전자책,8963708977 ,경제경영,2023-03-10
323,과학 일시정지,가치를꿈꾸는과학교사모임,양철북,전자책,8963720047 ,과학/공학,2023-03-10
324,일컬음,E.A.CHEL,좋은땅,전자책,8964491440 ,종교,2023-03-10
325,내 아이 첫 심리여행,유복희,미디어윌M&B,전자책,896471024X,가정/생활/요리,2023-03-10
326,내 아이를 망치는 위험한 칭찬,정윤경,담소,전자책,8964710266 ,가정/생활/요리,2023-03-10
327,세계사 여자를 만나다,김정미,아름다운사람들,전자책,8965130832 ,인문/역사,2023-03-10
328,당신이 영어를 못하는 24가지 이유,정찬용,씽크스마트,전자책,8965290171 ,국어/외국어,2023-03-10
329,비밀의 방,강청은,다인북스,전자책,8965470420 ,소설,2023-03-10
330,스피킹도 패턴이다,백선엽,위아북스,전자책,896614005X,국어/외국어,2023-03-10
331,책에 미친 바보(개정판),이덕무,미다스북스,전자책,8966370020 ,인문/역사,2023-03-10
332,황제를 지배한 여인들,시앙쓰,미다스북스,전자책,8966370241 ,인문/역사,2023-03-10
333,창의와 혁신의 브랜드 다이슨 스토리,레인 캐러더스,미래사,전자책,8970875743 ,경제경영,2023-03-10
334,살롱 스킨 케어 경락의 이론과 실제,김경미,광문각,전자책,8970934987 ,건강/의학,2023-03-10
335,피부미용,김남연,광문각,전자책,897093507X,과학/공학,2023-03-10
336,영양학 미용 건강 비만,윤동화,광문각,전자책,8970935118 ,과학/공학,2023-03-10
337,식품기사 필기시험,차광종,광문각,전자책,8970935193 ,과학/공학,2023-03-10
338,HAIR 장,장철환,광문각,전자책,8970935215 ,과학/공학,2023-03-10
339,피부미용사 시험 필기 총정리,김주덕,광문각,전자책,8970935258 ,과학/공학,2023-03-10
340,열대병,소진탁,연세대학교출판부,전자책,8971412054 ,건강/의학,2023-03-10
341,대한민국 핵심 산업의 창조경영전략,연세대학교 창조경영센터,연세대학교출판부,전자책,897141877X,경제경영,2023-03-10
342,은유와 문화의 만남 보편성과 다양성,ZOLTAN KOVECSES,연세대학교출판부,전자책,897141880X,인문/역사,2023-03-10
343,죽은 시인의 사회,톰 슐만,시간과공간사(임재원),전자책,8971421479 ,소설,2023-03-10
344,마주 보고 크는 나무(레벨2004),조성자,시공주니어,전자책,8972598356 ,아동,2023-03-10
345,녹지대. 1,박경리,현대문학,전자책,8972755842 ,소설,2023-03-10
346,녹지대. 2,박경리,현대문학,전자책,8972755850 ,소설,2023-03-10
347,조선시대 사람들은 어떻게 살았을까 1(개정판),한국역사연구회,청년사,전자책,8972783862 ,인문/역사,2023-03-10
348,조선시대 사람들은 어떻게 살았을까(개정판),한국역사연구회,청년사,전자책,8972783870 ,인문/역사,2023-03-10
349,고려시대 사람들은 어떻게 살았을까 1,한국역사연구회,청년사,전자책,8972783889 ,인문/역사,2023-03-10
350,최열 아저씨의 지구촌 환경 이야기 1(풀꽃문고 1),최열,청년사,전자책,8972787191 ,아동,2023-03-10
351,생명 윤리와 법,권복규,이화여자대학교출판부,전자책,8973008188 ,건강/의학,2023-03-10
352,지구지역 시대의 문화경계,이화인문과학원,이화여자대학교출판부,전자책,8973008358 ,인문/역사,2023-03-10
353,젠더와 탈 경계의 지형,이화인문과학원,이화여자대학교출판부,전자책,8973008366 ,인문/역사,2023-03-10
354,인터 미디어와 탈경계 문화,이화인문과학원,이화여자대학교출판부,전자책,8973008374 ,인문/역사,2023-03-10
355,매일매일 영어로 말하기,로버트 김,삼영서관,전자책,8973183486 ,국어/외국어,2023-03-10
356,고전의 숲에서 지혜를 찾다,이서규,평단문화사,전자책,8973432931 ,인문/역사,2023-03-10
357,한국근대사,이윤섭,평단문화사,전자책,8973433016 ,인문/역사,2023-03-10
358,서양철학사 산책,강성률,평단문화사,전자책,8973433083 ,인문/역사,2023-03-10
359,동양철학사 산책,강성률,평단문화사,전자책,8973433091 ,인문/역사,2023-03-10
360,책 세상을 경영하다,심상훈,평단문화사,전자책,8973433105 ,경제경영,2023-03-10
361,데일 카네기 행복의 연금술,데일 카네기,평단문화사,전자책,8973433113 ,자기계발,2023-03-10
362,5주만 투자하면 과외공부 안 시켜도 된다,김순혜,소담출판사,전자책,8973819720 ,가정/생활/요리,2023-03-10
363,살잡이 까망콩,정주영,국일미디어,전자책,8974255391 ,건강/의학,2023-03-10
364,과자 내 아이를 해치는 달콤한 유혹. 2,안병수,국일미디어,전자책,8974255510 ,건강/의학,2023-03-10
365,생각하는 아이 기다리는 엄마,홍수현,국일미디어,전자책,8974255723 ,가정/생활/요리,2023-03-10
366,아기개미와 꽃씨,한국아동문학학회,상서각,전자책,8974313030 ,아동,2023-03-10
367,유아언어지도,이명옥,신광문화사,전자책,8974323419 ,인문/역사,2023-03-10
368,읽기와 쓰기,권혁래,숭실대학교출판부,전자책,8974502372 ,인문/역사,2023-03-10
369,흥미있는 생활과학(개정판),고재귀,숭실대학교출판부,전자책,8974502429 ,과학/공학,2023-03-10
370,하멜표류기(낯선조선 땅에서 보낸 13년 20일의 기록)(오래된 책방03),헨드릭 하멜,서해문집,전자책,8974831759 ,인문/역사,2023-03-10
371,영혼육(상),이재록,우림,전자책,8975572196 ,종교,2023-03-10
372,꽃들에게 희망을(칼라판),트리나 포올러스,선영사,전자책,8975586014 ,소설,2023-03-10
373,불황기 경영전략,삼성경제연구소,삼성경제연구소,전자책,8976333977 ,경제경영,2023-03-10
374,나는 고집한다 고로 존재한다,삼성경제연구소,삼성경제연구소,전자책,8976334302 ,경제경영,2023-03-10
375,SERI 경영 노트. 2,삼성경제연구소,삼성경제연구소,전자책,8976334329 ,경제경영,2023-03-10
376,그들의 성공엔 특별한 스토리가 있다,삼성경제연구소,삼성경제연구소,전자책,8976334442 ,경제경영,2023-03-10
377,광해군(역사인물 다시읽기),한명기,역사비평사,전자책,8976968005 ,인문/역사,2023-03-10
378,미솔로지,토머스 불핀치,오늘의책,전자책,8977183243 ,인문/역사,2023-03-10
379,황금 물고기(좋은 그림동화 7),알렉산드르 세르개이비치푸쉬킨,가교,전자책,8977770904 ,아동,2023-03-10
380,구렁덩덩 신선비(최하림 시인이 들려주는 구수한 옛날이야기5),최하림,가교,전자책,897777103X,아동,2023-03-10
381,입체영화 산업론,베니김,MJ미디어,전자책,8978801927 ,예술/대중문화,2023-03-10
382,커피 풍경,김은실,MJ미디어,전자책,897880196X,가정/생활/요리,2023-03-10
383,열려라 거미나라,임문순 외,지성사,전자책,897889061X,아동,2023-03-10
384,꿈꾸는 달팽이,권오길,지성사,전자책,8978891004 ,과학/공학,2023-03-10
385,산사의 숲 초록에 젖다,김재일,지성사,전자책,8978891985 ,과학/공학,2023-03-10
386,비키니 입은 그리스 로마,김문환,지성사,전자책,8978891993 ,인문/역사,2023-03-10
387,자전거 도무지 헤어나올 수 없는 아홉 가지 매력,윤준호,지성사,전자책,8978892000 ,여행/취미,2023-03-10
388,어린이 글짓기 대백과,박진환,자유지성사,전자책,8979970986 ,인문/역사,2023-03-10
389,아주 특별한 자전거,김윤정,자유지성사,전자책,8979971508 ,아동,2023-03-10
390,콧구멍속의 비밀,이은하,여명미디어,전자책,8980196512 ,아동,2023-03-10
391,놀부는 어떻게 부자가 됐나요,어린이문화진흥회,여명미디어,전자책,8980197985 ,아동,2023-03-10
392,북미 학교도서관을 가다,전국학교도서관담당교사 서울모임,우리교육,전자책,8980406762 ,인문/역사,2023-03-10
393,금시조(다시읽는명작시리즈 20),이문열,맑은소리,전자책,8980501005 ,소설,2023-03-10
394,학마을 사람들,이범선,맑은소리,전자책,8980501919 ,소설,2023-03-10
395,자유 발도르프 학교의 감성교육,고야스 미치코,밝은누리,전자책,8981000670 ,인문/역사,2023-03-10
396,집 없는 아이(저학년 세계명작8),엑토르 말로,계림문고,전자책,8981067090 ,아동,2023-03-10
397,나의 라임오렌지나무(저학년 세계명작40),바스콘셀로스,계림,전자책,8981067414 ,아동,2023-03-10
398,명탐정 홈스(논술세계명작 27),코난 도일,계림,전자책,8981067716 ,아동,2023-03-10
399,국어 1학년(새교과서학습동화),김종상,계림닷컴,전자책,8981068771 ,아동,2023-03-10
400,수학 1학년(새교과서학습동화),안선모,계림닷컴,전자책,898106878X,아동,2023-03-10
401,바른생활 1학년(새교과서학습동화),조재성 외,계림닷컴,전자책,8981068798 ,아동,2023-03-10
402,슬기로운생활 1학년(새교과서학습동화),이슬기,계림닷컴,전자책,8981068801 ,아동,2023-03-10
403,수학 2학년 새교과서 학습동화,원유순 외,계림닷컴,전자책,8981068828 ,아동,2023-03-10
404,바른생활 2학년(새교과서학습동화),박성배,계림닷컴,전자책,8981068836 ,아동,2023-03-10
405,슬기로운생활 2학년(새교과서학습동화),이화주 외,계림닷컴,전자책,8981068844 ,아동,2023-03-10
406,라퐁텐우화,라퐁텐,효리원,전자책,898339367X,아동,2023-03-10
407,정글북,루디야드 키플링,효리원,전자책,898339398X,아동,2023-03-10
408,행복한 왕자,오스카 와일드,효리원,전자책,8983394617 ,아동,2023-03-10
409,시턴 동물기,어니스트 시턴,효리원,전자책,8983394625 ,아동,2023-03-10
410,폭풍의 언덕,에밀리 브론테,효리원,전자책,8983394668 ,아동,2023-03-10
411,걸리버 여행기,조너선 스위프트,효리원,전자책,8983394676 ,아동,2023-03-10
412,파랑새,마테를링크,효리원,전자책,8983394757 ,아동,2023-03-10
413,크리스마스 캐럴,찰스 디킨스,효리원,전자책,8983395311 ,아동,2023-03-10
414,오페라의 유령,가스통 르루,효리원,전자책,8983398531 ,아동,2023-03-10
415,어린이라서 좋은 이유,양재홍,효리원,전자책,8983399198 ,아동,2023-03-10
416,폰더 씨의 위대한 하루,앤디 앤드루스,세종서적,전자책,8984073474 ,시/에세이,2023-03-10
417,새로 쓴 심리학,김태형,세창출판사,전자책,8984112364 ,인문/역사,2023-03-10
418,아랍 문화,공일주,세창출판사,전자책,8984113743 ,인문/역사,2023-03-10
419,행복한 수학교실 (주경이의),김완철 외,진한엠엔비,전자책,8984321354 ,아동,2023-03-10
420,지식경영과 R&D 관리,한국특허기술연구원,진한엠엔비,전자책,8984323861 ,경제경영,2023-03-10
421,스마트워크 경영시대의 사회통합과 노동대변혁,오동섭,진한엠엔비,전자책,898432504X,경제경영,2023-03-10
422,클린 UCC제작과 건강한 SNS 사용법,안종배,진한엠엔비,전자책,8984325325 ,IT/프로그래밍,2023-03-10
423,배고프면 화나는 그녀 여행을 떠나다,신예희,시그마북스,전자책,8984453463 ,여행/취미,2023-03-10
424,기업이 알아야 할 고객 니즈의 50가지 진실,마이클 솔로몬,시그마북스,전자책,8984453579 ,경제경영,2023-03-10
425,영화로 만나는 치유의 심리학,김준기,시그마북스,전자책,8984453625 ,인문/역사,2023-03-10
426,장자(21세기와 소통하다),안희진,시그마북스,전자책,8984453641 ,인문/역사,2023-03-10
427,고객에게 사랑받는 브랜드의 51가지 진실,브라이언 틸,시그마북스,전자책,8984453668 ,경제경영,2023-03-10
428,인류의 운명을 바꾼 역사의 순간들 군사편,탕민,시그마북스,전자책,8984453684 ,인문/역사,2023-03-10
429,디자인풀 컴퍼니,마티 뉴마이어,시그마북스,전자책,8984453692 ,경제경영,2023-03-10
430,인류의 운명을 바꾼 역사의 순간들 전쟁편,류펑,시그마북스,전자책,8984453714 ,인문/역사,2023-03-10
431,열두 광주리 가득히 1,워치만 니,한국복음서원,전자책,8984782513 ,종교,2023-03-10
432,열두 광주리 가득히 2,워치만 니,한국복음서원,전자책,8984782521 ,종교,2023-03-10
433,일곱 광주리 가득히 2,워치만 니,한국복음서원,전자책,8984783625 ,종교,2023-03-10
434,일곱 광주리 가득히 3,워치만 니,한국복음서원,전자책,8984783633 ,종교,2023-03-10
435,일곱 광주리 가득히 4,워치만 니,한국복음서원,전자책,8984783641 ,종교,2023-03-10
436,일곱 광주리 가득히 5,워치만 니,한국복음서원,전자책,898478365X,종교,2023-03-10
437,일곱 광주리 가득히 6,워치만 니,한국복음서원,전자책,8984783668 ,종교,2023-03-10
438,일곱 광주리 가득히 8,워치만 니,한국복음서원,전자책,8984783684 ,종교,2023-03-10
439,일곱 광주리 가득히 9,워치만 니,한국복음서원,전자책,8984783692 ,종교,2023-03-10
440,생명의 미학,박상철,생각의나무,전자책,8984987352 ,과학/공학,2023-03-10
441,엄마표 영어학교,송지은,생각의나무,전자책,8984989371 ,가정/생활/요리,2023-03-10
442,웰에이징(WELLAGING MANUAL),박상철,생각의나무,전자책,8984989541 ,건강/의학,2023-03-10
443,호모디지쿠스로 진화하라,윤종록,생각의나무,전자책,8984989681 ,자기계발,2023-03-10
444,러시아 문화예술의 천년,이덕형,생각의나무,전자책,8984989835 ,인문/역사,2023-03-10
445,당신은 혼자가 아닙니다,정태기,상담과치유,전자책,8987670155 ,종교,2023-03-10
446,물개섬의 세이야 잘 있니,이와사 메구미,푸른길,전자책,8987691802 ,아동,2023-03-10
447,효과적인 리더십의 기본,톰 매시,가람북,전자책,8987744965 ,자기계발,2023-03-10
448,별,알퐁스 도데,대교베텔스만,전자책,8988879775 ,소설,2023-03-10
449,제대로 통하는 소셜 마케팅 7가지 법칙,김태욱,다우,전자책,8988964381 ,경제경영,2023-03-10
450,지구와 함께하는 7일간의 여행,홍연미,수선재,전자책,8989150728 ,시/에세이,2023-03-10
451,지구를 빛낸 우주인 이야기,클레온,수선재,전자책,8989150809 ,시/에세이,2023-03-10
452,재무설계학교,김현용,프로방스,전자책,8989239621 ,경제경영,2023-03-10
453,하버드대학 공부벌레들의 30계명,이우각,프로방스,전자책,8989239680 ,시/에세이,2023-03-10
454,기도의 힘(신묘장구대다라니),덕양선원,우리글,전자책,8989376971 ,종교,2023-03-10
455,스무 살 정의를 말하다,고재석,미다스북스,전자책,8989548624 ,인문/역사,2023-03-10
456,북한 사찰음식,김연식,다할미디어,전자책,8989988632 ,가정/생활/요리,2023-03-10
457,술 이야기,이종기,다할미디어,전자책,8989988691 ,가정/생활/요리,2023-03-10
458,나의 선택,안철수 외,정음,전자책,8990164192 ,시/에세이,2023-03-10
459,셜록 홈즈 명작선,아서 코난 도일,미네르바,전자책,8990229855 ,국어/외국어,2023-03-10
460,아르센 뤼팽 명작선,모리스 르블랑,미네르바,전자책,8990229863 ,국어/외국어,2023-03-10
461,긍정의 매뉴얼,조현,미네르바,전자책,8990299608 ,자기계발,2023-03-10
462,하루동안의 공부파업,지젤 비엔느,거인,전자책,899033232X,아동,2023-03-10
463,좋은 부모 되기 40일 프로젝트,송재환,도토리창고,전자책,8990449510 ,가정/생활/요리,2023-03-10
464,네가 행복하면 나도 행복해,송윤,토토북,전자책,8990611059 ,아동,2023-03-10
465,그런데요 생태계가 뭐예요,김성화 외,토토북,전자책,8990611121 ,아동,2023-03-10
466,틀려도 괜찮아,마키타 신지,토토북,전자책,8990611261 ,아동,2023-03-10
467,뇌를 두배로 쓰는 초학습법,윤희정,자유로운상상,전자책,8990805198 ,아동,2023-03-10
468,과학의 미래 청소년이 묻고 과학자가 답하다,박승덕,자유로운상상,전자책,8990805570 ,과학/공학,2023-03-10
469,내 몸 희망보고서,아보 도오루,부광,전자책,8990926343 ,건강/의학,2023-03-10
470,똑똑한 여우들의 영양만점 홈베이킹,이지혜,경향미디어,전자책,8990991757 ,가정/생활/요리,2023-03-10
471,초등 과목별 독서비법,서용훈,경향미디어,전자책,8990991765 ,가정/생활/요리,2023-03-10
472,집중력을 높이는 유아놀이,최정금,경향미디어,전자책,8990991773 ,가정/생활/요리,2023-03-10
473,유아 영어놀이(엄마는 선생님),이명진,경향에듀,전자책,8990991870 ,가정/생활/요리,2023-03-10
474,초등 공부습관이 평생성적을 만든다,서상훈,경향에듀,전자책,8990991897 ,가정/생활/요리,2023-03-10
475,월스트리트,CCTV다큐멘터리 월스트리트 제작진,미르북스,전자책,899103117X,경제경영,2023-03-10
476,내 인생에 버려야할 40가지,마크 고울스톤,아인북스,전자책,8991042295 ,자기계발,2023-03-10
477,여자직장인 잔혹사,임기양,마젤란,전자책,8991059481 ,자기계발,2023-03-10
478,적벽대전은 섹스대전이었다,모봉구,아름다운사람들(이상순),전자책,8991066623 ,인문/역사,2023-03-10
479,떠돌이 감독의 돌로 영화만들기,신지승,아름다운사람들(이상순),전자책,8991066631 ,예술/대중문화,2023-03-10
480,영혼을 훔치는 강의의 기술,김해원,아름다운사람들(이상순),전자책,8991066682 ,자기계발,2023-03-10
481,크리스찬이여 핸들을 꺾어라,국인남,아름다운사람들(이상순),전자책,8991066933 ,종교,2023-03-10
482,그녀의 프라다 백에 담긴 책,이유정,북포스,전자책,8991120296 ,자기계발,2023-03-10
483,책에게 말을 걸다,오정화,북포스,전자책,8991120504 ,인문/역사,2023-03-10
484,인문학 공부법,안상헌,북포스,전자책,8991120636 ,인문/역사,2023-03-10
485,삼성을 이기는 강소기업 전략,나종호,비즈니스북스,전자책,8991204821 ,경제경영,2023-03-10
486,그리스인 이야기. 1,앙드레 보나르,책과함께,전자책,8991221785 ,인문/역사,2023-03-10
487,인물 과학사. 1 한국의 과학자들,박성래,책과함께,전자책,8991221904 ,과학/공학,2023-03-10
488,인물 과학사. 2 세계의 과학자들,박성래,책과함께,전자책,8991221912 ,과학/공학,2023-03-10
489,스시수첩(초밥왕이 알려주는 94가지),사카모토 가즈오,우듬지,전자책,8991292402 ,가정/생활/요리,2023-03-10
490,와인수첩(내 손에 쏙 들어오는 80가지),이정윤,우듬지,전자책,8991292410 ,가정/생활/요리,2023-03-10
491,사케수첩,최창근,우듬지,전자책,8991292429 ,가정/생활/요리,2023-03-10
492,가방 들어주는 아이,고정욱,황매아이들,전자책,899131208X,아동,2023-03-10
493,체르노빌의 아이들,히로세 다카시,프로메테우스출판사,전자책,8991503187 ,소설,2023-03-10
494,세컨 네이처(SECOND NATURE),마이클 폴란,황소자리,전자책,899150860X,과학/공학,2023-03-10
495,엄마 헌장,권영숙,이미지박스,전자책,8991684629 ,가정/생활/요리,2023-03-10
496,삼국유사,일연,매월당,전자책,8991702732 ,인문/역사,2023-03-10
497,성품 좋은 아이로 키우는 부모의 말 한마디,이영숙,위즈덤하우스,전자책,8991731333 ,가정/생활/요리,2023-03-10
498,우리아이 두뇌를 깨우는 똑똑한 질문법,호원희,예담,전자책,8991731368 ,가정/생활/요리,2023-03-10
499,내 아이 첫 영어,김수희,예담프렌드,전자책,8991731376 ,가정/생활/요리,2023-03-10
500,일 하면서 아이를 잘 키운다는 것,이수연,예담프렌드,전자책,8991731562 ,가정/생활/요리,2023-03-10
501,엄마가 아이를 아프게 한다,문은희,예담,전자책,8991731570 ,가정/생활/요리,2023-03-10
502,다시 개천에서 용나게 하라,오치규,예담프렌드,전자책,8991731600 ,가정/생활/요리,2023-03-10
503,인기높은 이색 및 실용학과로 취업난을 뚫는다!,김용식,코리아데이타뱅크,전자책,8991746721 ,자기계발,2023-03-10
504,"(유망직업,창업아이템500선) 21C 직업의 승부사들, 시대별 적성에 맞는 직업아이템이 평생직업으로 만든다",김용식,코리아데이타뱅크,전자책,8991746780 ,자기계발,2023-03-10
505,스캔들 미술사,하비 래클린,리베르,전자책,8991759513 ,인문/역사,2023-03-10
506,데일카네기 성공대화론,데일 카네기,리베르,전자책,8991759742 ,자기계발,2023-03-10
507,공무원 시험 준비생을 위한 합격이야기,김선옥,미디어숲,전자책,8991907318 ,교재/수험서,2023-03-10
508,바보가 바보들에게,김수환,산호와진주,전자책,8991984231 ,종교,2023-03-10
509,초등학교 입학전 읽기능력이 평생성적을 결정한다,이정균,미르북스,전자책,899198424X,가정/생활/요리,2023-03-10
510,열여섯살 오바마처럼,김윤정,미르북스,전자책,8991984258 ,자기계발,2023-03-10
511,바보가 바보들에게 두번째 이야기,김수환,산호와진주,전자책,8991984290 ,종교,2023-03-10
512,바보가 바보들에게 세번째 이야기,김수환,산호와진주,전자책,8991984320 ,종교,2023-03-10
513,조선 명탐정 정약용. 1,이수광,산호와진주,전자책,8991984568 ,소설,2023-03-10
514,조선 명탐정 정약용. 2,이수광,산호와진주,전자책,8991984576 ,소설,2023-03-10
515,미네르바의 경제 전쟁,박대성,미르북스,전자책,8991984770 ,경제경영,2023-03-10
516,영어 단어 기억의 비밀,김윤환,미르에듀,전자책,8991984908 ,국어/외국어,2023-03-10
517,프렌드십 경영 경쟁과 협력의 조화,강진구,토네이도,전자책,8992060777 ,경제경영,2023-03-10
518,건강에 목숨 걸지마라,이승남,브리즈,전자책,8992060815 ,건강/의학,2023-03-10
519,아름다움이란 이름의 편견,데버러 L. 로우드,베가북스,전자책,8992309376 ,인문/역사,2023-03-10
520,우체부가 사라졌어요,클레르 프라네크,키다리,전자책,8992365152 ,아동,2023-03-10
521,엉뚱 해결사 맥스의 부자소동. 1 마술사에 도전하다,트리나 위베,키다리,전자책,8992365179 ,아동,2023-03-10
522,엉뚱 해결사 맥스의 부자소동. 2 시민 영웅이 된 맥스,트리나 위베,키다리,전자책,8992365187 ,아동,2023-03-10
523,엉뚱 해결사 맥스의 부자소동. 3 맥스 영화감독 되다,트리나 위베,키다리,전자책,8992365195 ,아동,2023-03-10
524,별이 있었네,나태주,토담미디어,전자책,8992430590 ,시/에세이,2023-03-10
525,미국영어 스피킹,신동운,스타북스,전자책,8992433913 ,국어/외국어,2023-03-10
526,"영재, 대한민국 청소년 10%를 위한 책",제임스 웨브,두드림,전자책,8992524315 ,가정/생활/요리,2023-03-10
527,무한도전 중학영단어. 1 기초,이창열,앱투스미디어,전자책,8992630131 ,교재/수험서,2023-03-10
528,무한도전 중학영단어. 2 발전,이창열,앱투스미디어,전자책,899263014X,교재/수험서,2023-03-10
529,무한도전 중학영단어. 3 도약,이창열,앱투스미디어,전자책,8992630158 ,교재/수험서,2023-03-10
530,무한도전 중학영단어. 4 완성,이창열,앱투스미디어,전자책,8992630166 ,교재/수험서,2023-03-10
531,무한도전 중학영숙어,이창열,앱투스미디어,전자책,8992630174 ,교재/수험서,2023-03-10
532,나는 최고의 일본 무역상이다,황동명,행간,전자책,8992714610 ,경제경영,2023-03-10
533,청소년 사전,조재연,마음의숲,전자책,8992783582 ,가정/생활/요리,2023-03-10
534,행복한 작은학교 365일간의 기록,이길로,글담,전자책,8992814119 ,가정/생활/요리,2023-03-10
535,신나는 조직을 위한 펀경영(2009)(개정증보판),박기찬,다밋,전자책,8993019061 ,경제경영,2023-03-10
536,시나리오 플래닝 불확실한 미래의 생존전략,유정식,지형,전자책,8993111138 ,경제경영,2023-03-10
537,코골이 축농증 수술 절대로 하지마라,이우정,지형,전자책,8993111189 ,건강/의학,2023-03-10
538,나는 불온한 선비다,이종호,역사의아침,전자책,8993119279 ,인문/역사,2023-03-10
539,책쾌 송신용,이민희,역사의아침,전자책,8993119287 ,인문/역사,2023-03-10
540,차라리 자녀를 사랑 하지마라,이호분,팜파스,전자책,8993195307 ,가정/생활/요리,2023-03-10
541,맛있는 다이어리,김노다,풀로엮은집,전자책,8993265097 ,가정/생활/요리,2023-03-10
542,우리집 한방백과,김용석,풀로엮은집,전자책,8993265119 ,건강/의학,2023-03-10
543,서른아홉 화려한 나를 꿈꾼다,진아,다산라이프,전자책,8993285381 ,자기계발,2023-03-10
544,내 아이 이웃과 함께 더 큰 세상으로,정병길,휘닉스,전자책,8993335362 ,가정/생활/요리,2023-03-10
545,여드름 한방으로 한방에 치료하자,하늘토 한의원,매직하우스,전자책,899334213X,건강/의학,2023-03-10
546,여드름 한방으로 한방에 해결하자,정우현,매직하우스,전자책,8993342237 ,건강/의학,2023-03-10
547,등산이 내 몸을 망친다,정덕환,헬스조선,전자책,8993357501 ,건강/의학,2023-03-10
548,간암완치설명서,한광협,헬스조선,전자책,8993357552 ,건강/의학,2023-03-10
549,인생의 작은 법칙들,피터 피츠사이몬스,프리윌,전자책,8993379025 ,인문/역사,2023-03-10
550,깨달음의 중심에 너를 세워라,박영만,프리윌,전자책,8993379173 ,자기계발,2023-03-10
551,동행 기적을 그리는 호박수녀,윤석인,가라뫼,전자책,8993409064 ,종교,2023-03-10
552,어학연수 영어첫걸음,Jackie Go (고윤경),랭컴,전자책,8993417881 ,국어/외국어,2023-03-10
553,약초 민간요법,성환길,푸른행복,전자책,8993426007 ,건강/의학,2023-03-10
554,철학은 엄마보다 힘이 쎄다,박기복,행복한나무,전자책,8993460183 ,인문/역사,2023-03-10
555,철학은 선생님보다 힘이 쎄다,박기복,행복한나무,전자책,8993460191 ,인문/역사,2023-03-10
556,청소년을 위한 진로 교과서,코칭맘스쿨,행복한나무,전자책,8993460272 ,인문/역사,2023-03-10
557,춤추면 보인다,김요,루덴스,전자책,8993473218 ,종교,2023-03-10
558,믿을 수 없는 생물 진화론,기타무라 유이치,아르고나인,전자책,8993497192 ,과학/공학,2023-03-10
559,이층 왼쪽방 남자,유선희,청어,전자책,8993563349 ,로맨스,2023-03-10
560,잘 되는 리더는 심리학을 안다,하르무트 라우퍼,갈매나무,전자책,8993635110 ,자기계발,2023-03-10
561,승자의 뇌구조,한스 게오르크 호이젤,갈매나무,전자책,8993635129 ,자기계발,2023-03-10
562,장하준이 말하지 않은 23가지,송원근,북오션,전자책,8993662487 ,경제경영,2023-03-10
563,참 쉬운 세금,손종성,북오션,전자책,8993662533 ,경제경영,2023-03-10
564,이렇게 팔아서 남는게 있나요,김철민,플럼북스,전자책,8993691002 ,경제경영,2023-03-10
565,낭만시를 읽다,강문순 (엮음),부북스,전자책,8993785376 ,시/에세이,2023-03-10
566,사이언티픽 아메리칸 발명 발견대사전,로드니 P. 칼라일,책보세,전자책,8993854319 ,과학/공학,2023-03-10
567,노무현의 길,이송평,책보세,전자책,8993854394 ,정치/사회,2023-03-10
568,약이 되는 밥상. 2,MBC명의가추천하는약이되는밥상제작팀,MBC프로덕션,전자책,899386621X,건강/의학,2023-03-10
569,이룰수 없는 사랑. 1,김인숙,다인북스,전자책,8993886024 ,로맨스,2023-03-10
570,이룰수 없는 사랑. 2,김인숙,다인북스,전자책,8993886032 ,로맨스,2023-03-10
571,앙큼한 순이의 남자 철이,이경,다인북스,전자책,8993886067 ,로맨스,2023-03-10
572,헤어짐 후에 남는 것,윤현수,다인북스,전자책,8993886075 ,로맨스,2023-03-10
573,황태가 칼에게 꽂혔을때,손리나,다인북스,전자책,8993886245 ,로맨스,2023-03-10
574,잘못된 시작,문정미,다인북스,전자책,8993886326 ,로맨스,2023-03-10
575,스틸,윤채우,다인북스,전자책,8993886563 ,로맨스,2023-03-10
576,신데렐라의 유혹,남현서,다인북스,전자책,8993886571 ,로맨스,2023-03-10
577,달려라 정봉주,정봉주,왕의서재,전자책,8993949468 ,정치/사회,2023-03-10
578,치매 극복 프로젝트,황의완,조선앤북,전자책,8993968489 ,건강/의학,2023-03-10
579,신문으로 경제공부 Re Start,한국금융연구원,조선앤북,전자책,8993968632 ,경제경영,2023-03-10
580,유진S 뷰티 시크릿,유진,시드페이퍼,전자책,8993976082 ,건강/의학,2023-03-10
581,야구 아는 여자,김정란,나무수,전자책,8994030018 ,여행/취미,2023-03-10
582,사계절의 홈베이킹,한선명,나무수,전자책,8994030034 ,가정/생활/요리,2023-03-10
583,우리 아빠가 달라졌어요,이보연,끌레마,전자책,8994081151 ,가정/생활/요리,2023-03-10
584,인문학 콘서트. 3,이어령,이숲,전자책,8994228144 ,인문/역사,2023-03-10
585,동서양 철학 콘서트 동양철학 편,성태용,이숲,전자책,8994228179 ,인문/역사,2023-03-10
586,동서양 철학 콘서트 서양철학 편,엄정식,이숲,전자책,8994228187 ,인문/역사,2023-03-10
587,명작 스캔들,장 프랑수아 셰뇨,이숲,전자책,8994228195 ,예술/대중문화,2023-03-10
588,영혼의 나침반,사티시 쿠마르,이숲,전자책,8994228292 ,시/에세이,2023-03-10
589,데스노트에 이름을 쓰면 살인죄일까,김지룡,애플북스,전자책,8994353097 ,정치/사회,2023-03-10
590,사물의 민낯,김지룡,애플북스,전자책,8994353178 ,인문/역사,2023-03-10
591,베스트셀러 30년,한기호,교보문고,전자책,8994464840 ,인문/역사,2023-03-10
592,우리 산하에 인문학을 입히다,홍인희,교보문고,전자책,8994464891 ,인문/역사,2023-03-10
593,과학자들의 비밀노트,한국연구재단,중앙에듀북스,전자책,8994465111 ,과학/공학,2023-03-10
594,U 컴퓨팅 산업동향과 정책방향,BIR Research Group,비아이알,전자책,8994613587 ,IT/프로그래밍,2023-03-10
595,재미있는 윤리경영 이야기. 2,서울과학종합대학원,IWELL(아이웰콘텐츠),전자책,8994630031 ,경제경영,2023-03-10
596,쑥부쟁이,이병례,청어,전자책,8994638369 ,소설,2023-03-10
597,버킷리스트 45,김민송,팬덤북스,전자책,8994792279 ,시/에세이,2023-03-10
598,유럽에서 꼭 가봐야 할 여행지 100,정보상,상상출판,전자책,8994799087 ,여행/취미,2023-03-10
599,바보이반,톨스토이,원고지와만년필,전자책,8994856005 ,소설,2023-03-10
600,사람에겐 얼마만큼의 땅이 필요한가,톨스토이,원고지와만년필,전자책,8994856021 ,소설,2023-03-10
601,오만과 편견,제인 오스틴,원고지와만년필,전자책,899485620X,소설,2023-03-10
602,기타 멋지게 한 곡,이철원,가디언,전자책,8994909192 ,예술/대중문화,2023-03-10
603,재미있고 기상천외한 뇌이야기,김병완,라떼북,전자책,8994983643 ,과학/공학,2023-03-10
604,취업 성공 전략,이윤석,아이이펍,전자책,8994991018 ,경제경영,2023-03-10
605,직장인을 웃게 하는 경제 동화,조영관 외,아이이펍,전자책,8994991077 ,경제경영,2023-03-10
606,흥하는 창업 망하는 창업,조현구,아이이펍,전자책,8994991239 ,경제경영,2023-03-10
607,행복한 똥누기,책생각,일곱난쟁이,전자책,8995787309 ,아동,2023-03-10
608,60세에 떠난 세계여행기,배삼순,가라뫼,전자책,8995807423 ,여행/취미,2023-03-10
609,야생화 재배와 이용,박노복,푸른행복,전자책,8995986298 ,여행/취미,2023-03-10
610,맛있는 한국사 인물전,양창진,이숲,전자책,8996125245 ,인문/역사,2023-03-10
611,스페인에서 날아온 맛있는 편지,정세영,이숲,전자책,899612527X,가정/생활/요리,2023-03-10
612,힐링맘,르네 피터슨 트뤼도,베스트프렌드,전자책,8996146358 ,가정/생활/요리,2023-03-10
613,생각 다이어트,우승용,아이본,전자책,8996178446 ,자기계발,2023-03-10
614,스티브 잡스와 26인의 부자들,이수광,미루북스,전자책,8996272477 ,경제경영,2023-03-10
615,50타를 꿈꾸는 미친 골퍼가 되는법,양성주,해피골프,전자책,8996283800 ,여행/취미,2023-03-10
616,우주로켓,조경철,별공작소,전자책,899628971X,과학/공학,2023-03-10
617,이상한 나라의 앨리스,루이스캐럴,왓북,전자책,8996338001 ,청소년,2023-03-10
618,맞춤형특목고 공부법,조영경,채운북스,전자책,8996339318 ,가정/생활/요리,2023-03-10
619,공자 팬클럽 홍대지부,명로진,푸른지식,전자책,8996431524 ,인문/역사,2023-03-10
620,꽃 들여다보다,기태완,푸른지식,전자책,8996431575 ,인문/역사,2023-03-10
621,협동조합 참 좋다,김현대,푸른지식,전자책,8996431583 ,경제경영,2023-03-10
622,아빠 공부,김대범,책비,전자책,8996506583 ,가정/생활/요리,2023-03-10
623,철학자의 서재,한국철학사상연구회,알렙,전자책,8996517119 ,인문/역사,2023-03-10
624,철학자의 서재. 2 오래된 책 위험한 책 희망의 책,한국철학사상연구회,알렙,전자책,8996517178 ,인문/역사,2023-03-10
625,승자의 음모,조준현,카르페디엠,전자책,8996533459 ,경제경영,2023-03-10
626,괜찮아 열일곱 살,이나미,이랑,전자책,8996537128 ,인문/역사,2023-03-10
627,자연은 왜 이런 선택을 했을까,요제프 H. 라이히홀프,이랑,전자책,8996537144 ,과학/공학,2023-03-10
628,지식인의 서재,한정원,행성:B잎새,전자책,8996541494 ,인문/역사,2023-03-10
629,한 줄의 경제학,한겨레 경제부,어바웃어북,전자책,8996584827 ,경제경영,2023-03-10
630,행복할 권리,마이클 폴리,어크로스,전자책,8996588717 ,인문/역사,2023-03-10
631,사촌이 땅을 사면 배가 아픈 철학적 이유,피터 케이브,어크로스,전자책,8996588725 ,인문/역사,2023-03-10
632,김제동이 만나러 갑니다,김제동,위즈덤경향,전자책,8996628700 ,시/에세이,2023-03-10
633,토론하는 거실 글쓰기 식탁,박기복,행복한미래,전자책,8996631914 ,가정/생활/요리,2023-03-10
634,독도실록 1905,예영준,책밭,전자책,8996656933 ,인문/역사,2023-03-10
635,벼랑에 선 사람들,제정임,오월의봄,전자책,899668757X,정치/사회,2023-03-10
636,정종철도 성공한 아빠의 뱃살혁명,정종철,위즈덤 스타일,전자책,8996706647 ,건강/의학,2023-03-10
637,생각뿐인 나를 넘어서라,이성우,참돌출판사,전자책,8996707589 ,경제경영,2023-03-10
638,과학자들의 비밀노트,한국과학재단,중앙에듀북스,전자책,8996710105 ,과학/공학,2023-03-10
639,십대라는 이름의 외계인,김영아,라이스메이커,전자책,8996751871 ,가정/생활/요리,2023-03-10
640,락 더 보트,류정민,인카운터,전자책,8996767522 ,정치/사회,2023-03-10
641,시원스쿨 말하기 Basic 영문법,이시원,시원스쿨닷컴,전자책,8996786667 ,국어/외국어,2023-03-10
642,영어 먼저 문법부터 쓰레기통에 버려라(2013 개정판),James Ryu,진짜영어사,전자책,8996832014 ,국어/외국어,2023-03-10
643,청소년을 위한 삼국지. 1,이세영,도서출판그림책,전자책,8996839906 ,소설,2023-03-10
644,청소년을 위한 삼국지. 2,이세영,도서출판그림책,전자책,8996839914 ,소설,2023-03-10
645,청소년을 위한 삼국지. 3,이세영,도서출판그림책,전자책,8996839922 ,소설,2023-03-10
646,청소년을 위한 삼국지. 4,이세영,도서출판그림책,전자책,8996839930 ,소설,2023-03-10
647,청소년을 위한 삼국지. 5,이세영,도서출판그림책,전자책,8996839949 ,소설,2023-03-10
648,청소년을 위한 삼국지. 6,이세영,도서출판그림책,전자책,8996839957 ,소설,2023-03-10
649,청소년을 위한 삼국지. 7,이세영,도서출판그림책,전자책,8996839965 ,소설,2023-03-10
650,청소년을 위한 삼국지. 8,이세영,도서출판그림책,전자책,8996839973 ,소설,2023-03-10
651,청소년을 위한 삼국지. 9,이세영,도서출판그림책,전자책,8996839981 ,소설,2023-03-10
652,청소년을 위한 삼국지. 10,이세영,도서출판그림책,전자책,899683999X,소설,2023-03-10
653,스티브 잡스 바로가기,전동하 (엮음),라이터스,전자책,8997051032 ,경제경영,2023-03-10
654,아버지의 길. 1 노몬한의 조선인,이재익,황소북스,전자책,8997092146 ,소설,2023-03-10
655,아버지의 길. 2 노르망디의 코리안,이재익,황소북스,전자책,8997092154 ,소설,2023-03-10
656,경제학 혁명,데이비드 오렐,행성비(웨이브),전자책,8997132016 ,경제경영,2023-03-10
657,한국인이 가장 사랑하는 세계의 명시 100선,하이네 외,루니스,전자책,8997136089 ,시/에세이,2023-03-10
658,나는 꼼수다 정치 상식 사전,김민찬,미르북스,전자책,8997213199 ,정치/사회,2023-03-10
659,노인과 바다 세트(한글판 영문판),어니스트 헤밍웨이,더클래식,전자책,8997213229 ,소설,2023-03-10
660,동물 농장 세트(한글판 영문판),조지 오웰,더클래식,전자책,899721330X,소설,2023-03-10
661,위대한 개츠비(한글판 영문판),F. 스콧 피츠제럴드,더클래식,전자책,8997213571 ,소설,2023-03-10
662,논어(한글 한문 영어판),공자,더클래식,전자책,8997213628 ,인문/역사,2023-03-10
663,작은집 큰생각,임형남,교보문고,전자책,8997235222 ,과학/공학,2023-03-10
664,로미오는 정말 줄리엣을 사랑했을까,김태형,교보문고,전자책,899723546X,인문/역사,2023-03-10
665,무엇이 세상을 바꿀 것인가,정지훈,교보문고,전자책,8997235583 ,경제경영,2023-03-10
666,직독 직해로 읽는 유엔 사무총장 반기문 영어 연설문,이현구,리치바닐라,전자책,8997262467 ,국어/외국어,2023-03-10
667,직독직해로 읽는 어린왕자,생텍쥐페리,리치바닐라,전자책,8997262491 ,국어/외국어,2023-03-10
668,직독직해로 읽는 노인과 바다,어니스트 헤밍웨이,리치바닐라,전자책,8997262505 ,국어/외국어,2023-03-10
669,직독직해로 읽는 로미오와 줄리/베니스의 상인/오셀로,"찰스 램, 매리 램",리치바닐라,전자책,8997262513 ,국어/외국어,2023-03-10
670,직독직해로 읽는 오헨리 단편선,오 헨리,리치바닐라,전자책,8997262564 ,국어/외국어,2023-03-10
671,발가락이 닮았다,김동인,더플래닛,전자책,8997306553 ,소설,2023-03-10
672,봄·봄,김유정,더플래닛,전자책,8997306588 ,소설,2023-03-10
673,스스로 성장하는 나무 1,문현실,더플래닛,전자책,8997306758 ,소설,2023-03-10
674,스스로 성장하는 나무 2 (완결),문현실,더플래닛,전자책,8997306766 ,소설,2023-03-10
675,내가 가장 좋아하는 고전동화,에드릭 브리덴버그,왓북,전자책,8997342215 ,청소년,2023-03-10
676,안철수의 서재,이채윤,푸른영토,전자책,8997348019 ,인문/역사,2023-03-10
677,수레바퀴 아래서,헤르만 헤세,인콘텐츠,전자책,8997388142 ,소설,2023-03-10
678,유쾌 상쾌 통쾌 변비탈출기,손대호,전나무숲,전자책,8997484001 ,건강/의학,2023-03-10
679,알아서 잘하는 아이는 없다,채수문,행복에너지,전자책,8997580299 ,가정/생활/요리,2023-03-10
680,파르테논 신전. 1,이윤,라떼북,전자책,8997602535 ,소설,2023-03-10
681,파르테논 신전. 2,이윤,라떼북,전자책,8997602543 ,소설,2023-03-10
682,한국인 남편과 잘사는 법,나넷 크루즈 방,샤이니월드,전자책,8997989049 ,가정/생활/요리,2023-03-10
683,동시란 무엇인가,최지훈,한국문학도서관,전자책,9050019280 ,아동,2023-03-10
684,망령들의 합창,김주현,한국문학도서관,전자책,9050019640 ,아동,2023-03-10
685,애기똥풀과 보리깜부기,김옥진,한국문학도서관,전자책,9050024030 ,아동,2023-03-10
686,우산 셋이 나란히,정원석,한국문학도서관,전자책,9050027740 ,아동,2023-03-10
687,해처럼 나무처럼,이창규,한국문학도서관,전자책,9050029050 ,아동,2023-03-10
688,UFO를 훔친 소년,김주현,한국문학도서관,전자책,9050029490 ,아동,2023-03-10
689,꿈꾸는 맑은 물_강태희,강태희,한국문학도서관,전자책,9050030660 ,아동,2023-03-10
690,한국인이 가장 사랑하는 명시 100선,편집부,루니스,전자책,9050085760 ,시/에세이,2023-03-10
691,그리스인 이야기. 2,앙드레보나르,책과함께,전자책,9050087330 ,인문/역사,2023-03-10
692,그리스인 이야기. 3,앙드레 보나르,책과함께,전자책,9050087340 ,인문/역사,2023-03-10
693,부부싸움 필승기,박경남,안북,전자책,9050087730 ,소설,2023-03-10
694,점쟁이 찾아가지 마!,홍윤흥,아담출판사,전자책,9050088350 ,소설,2023-03-10
695,수평선 너머로(교보근현대문학선002),김동인,교보문고,전자책,9050088720 ,소설,2023-03-10
696,이순신전(교보근현대문학선006),신채호,교보문고,전자책,9050088760 ,소설,2023-03-10
697,꿈(교보근현대문학선009),이광수,교보문고,전자책,9050088790 ,소설,2023-03-10
698,단종애사(교보근현대문학선014),이광수,교보문고,전자책,9050088840 ,소설,2023-03-10
699,이순신전(교보근현대문학선015),이광수,교보문고,전자책,9050088850 ,소설,2023-03-10
700,냉동어(교보근현대문학선028),채만식,교보문고,전자책,9050088980 ,소설,2023-03-10
701,낙조(교보근현대문학선035),김사량,교보문고,전자책,9050089050 ,소설,2023-03-10
702,실락원의 별上(교보근현대문학선039),김내성,교보문고,전자책,9050089090 ,소설,2023-03-10
703,실락원의 별中(교보근현대문학선040),김내성,교보문고,전자책,9050089100 ,소설,2023-03-10
704,실락원의 별下(교보근현대문학선041),김내성,교보문고,전자책,9050089110 ,소설,2023-03-10
705,"우울증, 누구도 안전할 수 없다 (의학기자들이 말하는 건강시리즈)",헬스조선 편집팀,헬스조선,전자책,9050089550 ,건강/의학,2023-03-10
706,면역력을 키우는 바른 먹거리 (의학기자들이 말하는 건강시리즈),헬스조선 편집팀,헬스조선,전자책,9050089910 ,건강/의학,2023-03-10
707,불안하니까 사람이다,김현철,애플북스,전자책,9050095230 ,인문/역사,2023-03-10
708,나의 손은 말굽으로 변하고,박범신,중앙북스,전자책,9050097500 ,소설,2023-03-10
709,"지금 우리에게 필요한건, 삼림욕 (의학기자들이 말하는 건강 시리즈)",헬스조선 편집팀,헬스조선,전자책,9050102680 ,건강/의학,2023-03-10
710,12주 체지방 다이어트 (요요없이 지방만 골라 빼는),오상우,헬스조선,전자책,9050106530 ,건강/의학,2023-03-10
711,가을 우울증! 이렇게 해결한다 (의학기자들이 말하는 건강시리즈),헬스조선 편집팀,헬스조선,전자책,9050106540 ,건강/의학,2023-03-10
712,님의 침묵,한용운,도서출판 앱북,전자책,9050107360 ,소설,2023-03-10
713,노천명 詩 선집,노천명,도서출판 앱북,전자책,9050107400 ,소설,2023-03-10
714,이상화 詩 선집,이상화,도서출판 앱북,전자책,9050107420 ,소설,2023-03-10
715,배따라기,김동인,도서출판 앱북,전자책,9050107550 ,소설,2023-03-10
716,삶이 우리를 속일지라도 희망은 날개를 가지고 있다,하이네,도서출판그림책,전자책,9050114600 ,시/에세이,2023-03-10
717,청소년을 위한 위대한 영혼의 마당,이신화,도서출판그림책,전자책,9050114710 ,청소년,2023-03-10
718,행복한가족을만드는가족생활백서,방규원,도서출판그림책,전자책,9050114850 ,가정/생활/요리,2023-03-10
719,나의 스마트 폰 지혜로운 활용법,나경애,한국미디어학교,전자책,9050118150 ,IT/프로그래밍,2023-03-10
720,약이 되는 밥상.1 - 암을 이기는 밥상 1/4,MBC프로덕션,MBC프로덕션,전자책,9050118210 ,건강/의학,2023-03-10
721,약이 되는 밥상.1 - 심장을 지키는 밥상 2/4,주이상,MBC프로덕션,전자책,9050118220 ,건강/의학,2023-03-10
722,약이 되는 밥상.1 - 혈당을 낮추는 밥상 3/4,주이상,MBC프로덕션,전자책,9050118230 ,건강/의학,2023-03-10
723,약이 되는 밥상.1 - 치매를 피하는 밥상 4/4,주이상,MBC프로덕션,전자책,9050118240 ,건강/의학,2023-03-10
724,약이 되는 밥상.2 - 몸이 가벼워지는 밥상 1/6,강재헌,MBC프로덕션,전자책,9050118250 ,건강/의학,2023-03-10
725,약이 되는 밥상.2 - 살이 찌지 않는 밥상 3/6,주이상,MBC프로덕션,전자책,9050118260 ,건강/의학,2023-03-10
726,약이 되는 밥상.2 - 노화를 늦추는 밥상 5/6,주이상,MBC프로덕션,전자책,9050118270 ,건강/의학,2023-03-10
727,약이 되는 밥상.2 - 우울증을 극복하는 밥상 6/6,주이상,MBC프로덕션,전자책,9050118280 ,건강/의학,2023-03-10
728,약이 되는 밥상.2 - 여성이 건강해지는 밥상 4/6,주이상,MBC프로덕션,전자책,9050130610 ,건강/의학,2023-03-10
729,약이 되는 밥상.2 - 남자가 건강해지는 밥상 2/6,주이상,MBC프로덕션,전자책,9050130620 ,건강/의학,2023-03-10
730,운수좋은날·빈처,현진건,인콘텐츠,전자책,9050140540 ,소설,2023-03-10
731,디지털 독서 습관 건강하게 키우는법,나경애,한국미디어학교,전자책,9050149990 ,청소년,2023-03-10
732,"청소년 미디어중독 예방, 치료 프로그램",나경애,한국미디어학교,전자책,9050151940 ,건강/의학,2023-03-10
733,이상화단편 3연작,이상화,퇴근길,전자책,9050155180 ,소설,2023-03-10
734,저학년 세계전래동화,편집부,작은평화,전자책,9070026180 ,아동,2023-03-10
735,해파리의 노래,고영님,한국문학도서관,전자책,9070041880 ,아동,2023-03-10
736,여름 사랑 - 반하다,김지운,디키스토리,전자책,9070046640 ,로맨스,2023-03-10
737,열락의 정원 1,이기린,디키스토리,전자책,9070048780 ,로맨스,2023-03-10
738,열락의 정원 2,이기린,디키스토리,전자책,9070048790 ,로맨스,2023-03-10
739,야수가 나타났다,이기린,디키스토리,전자책,9070048800 ,로맨스,2023-03-10
740,이지환 단편집,이지환,디키스토리,전자책,9070049810 ,로맨스,2023-03-10
741,우독사,이지환,디키스토리,전자책,9070049820 ,로맨스,2023-03-10
742,이혼의 조건 1,이지환,디키스토리,전자책,9070049830 ,로맨스,2023-03-10
743,이혼의 조건 2,이지환,디키스토리,전자책,9070049840 ,로맨스,2023-03-10
744,이혼의 조건 3,이지환,디키스토리,전자책,9070049850 ,로맨스,2023-03-10
745,여자는 하늘 남자는 땅,강경인,디키스토리,전자책,9070050880 ,로맨스,2023-03-10
746,열병 熱病,서야,디키스토리,전자책,9070051800 ,로맨스,2023-03-10
747,여름 밤의 비밀,편집부,마음미디어,전자책,9070052620 ,로맨스,2023-03-10
748,백설공주는 왜 자꾸 문을 열어 줄까,박현희,뜨인돌,전자책,9580733457 ,정치/사회,2023-03-10
749,상록수2,심훈,책나무,전자책,9788963392 ,소설,2023-03-10
750,직독직해로 읽는 플란다스의 개,위다,리치바닐라,전자책,9897262520 ,국어/외국어,2023-03-10
751,국화꽃 향기_베이직,김희재,올댓스토리,전자책,ABE0000010,소설,2023-03-10
752,7급 공무원_베이직,천성일,올댓스토리,전자책,ABE0000020,소설,2023-03-10
753,극락도살인사건_베이직,김한민,올댓스토리,전자책,ABE0000030,소설,2023-03-10
754,내남자의 로맨스_베이직,김선미,올댓스토리,전자책,ABE0000040,소설,2023-03-10
755,내머리속의 지우개_베이직,이재한,올댓스토리,전자책,ABE0000050,소설,2023-03-10
756,뜨거운것이 좋아_베이직,김수아,올댓스토리,전자책,ABE0000060,소설,2023-03-10
757,실미도_베이직,김희재,올댓스토리,전자책,ABE0000070,소설,2023-03-10
758,싸움_베이직,한지승,올댓스토리,전자책,ABE0000080,소설,2023-03-10
759,연애의 목적_베이직,고윤희,올댓스토리,전자책,ABE0000090,소설,2023-03-10
760,파이란_베이직,안상훈,올댓스토리,전자책,ABE0000100,소설,2023-03-10
761,편지_베이직,이정국,올댓스토리,전자책,ABE0000110,소설,2023-03-10
762,내남자의 로맨스_코멘트,김선미,올댓스토리,전자책,ABE0000150,소설,2023-03-10
763,내머리속의 지우개_코멘트,이재한,올댓스토리,전자책,ABE0000160,소설,2023-03-10
764,성경 이야기_구약편,Kidsing사업부,이북코리아,전자책,D120600260,종교,2023-03-10
765,성경 이야기_신약편,Kidsing사업부,이북코리아,전자책,D120600270,종교,2023-03-10
766,인터넷 시작하는 내아이를 위해 부모가 꼭 해야 할 것들,나경애,한국미디어학교,전자책,D120600810,가정/생활/요리,2023-03-10
767,유대인의 자녀교육,홍익희,유페이퍼,전자책,D120800300,청소년,2023-03-10
768,삼국유적답사와 함께 읽는 소설 삼국지 제1권,유현민,이인북스,전자책,D120801090,인문/역사,2023-03-10
769,삼국유적답사와 함께 읽는 소설 삼국지 제2권,유현민,이인북스,전자책,D120801100,인문/역사,2023-03-10
770,삼국유적답사와 함께 읽는 소설 삼국지 제3권,유현민,이인북스,전자책,D120801110,인문/역사,2023-03-10
771,삼국유적답사와 함께 읽는 소설 삼국지 제4권,유현민,이인북스,전자책,D120801120,인문/역사,2023-03-10
772,그리스인 조르바(영문판),니코스 카잔차키스,더클래식,전자책,D120801160,소설,2023-03-10
773,그리스인 조르바(한글판),니코스 카잔차키스,더클래식,전자책,D120801170,소설,2023-03-10
774,삼국유적답사와 함께 읽는 소설 삼국지 제5권,유현민,이인북스,전자책,D120801180,인문/역사,2023-03-10
775,삼국유적답사와 함께 읽는 소설 삼국지 제6권,유현민,이인북스,전자책,D120801190,인문/역사,2023-03-10
776,삼국유적답사와 함께 읽는 소설 삼국지 제7권,유현민,이인북스,전자책,D120801200,인문/역사,2023-03-10
777,삼국유적답사와 함께 읽는 소설 삼국지 제8권,유현민,이인북스,전자책,D120801210,인문/역사,2023-03-10
778,삼국유적답사와 함께 읽는 소설 삼국지 제9권,유현민,이인북스,전자책,D120801220,인문/역사,2023-03-10
779,삼국유적답사와 함께 읽는 소설 삼국지 제10권,유현민,이인북스,전자책,D120801230,인문/역사,2023-03-10
780,방정환 선생님 시 모음집,방정환,온이퍼브,전자책,D120801980,시/에세이,2023-03-10
781,김영랑 시선집,<김영랑> 저,스토리클래스,전자책,9791185337 ,시/에세이,2023-03-10
782,젊은 날의 한구절,채만식,한국저작권위원회,전자책,없음,소설,2023-03-10
783,이영녀,김우진,한국저작권위원회,전자책,없음,소설,2023-03-10
784,구마검,이해조,한국저작권위원회,전자책,없음,소설,2023-03-10
785,흑치상지,현진건,한국저작권위원회,전자책,없음,소설,2023-03-10
786,지새는 안개,현진건,한국저작권위원회,전자책,없음,소설,2023-03-10
787,조선상고사,신채호,한국저작권위원회,전자책,없음,소설,2023-03-10
788,모(母)된 감상기(感想記),나혜석,한국저작권위원회,전자책,없음,소설,2023-03-10
789,백조(白潮)는 흐르는데 별 하나 나 하나,홍사용,한국저작권위원회,전자책,없음,소설,2023-03-10
790,쉽고 빠른 조선역사,최남선,한국저작권위원회,전자책,없음,소설,2023-03-10
791,이순신전,신채호,한국저작권위원회,전자책,없음,소설,2023-03-10
792,기미년 3월 1일,함세덕,한국저작권위원회,전자책,없음,소설,2023-03-10
793,조선사의 기자는 지나의 기자가 아니다,최남선,한국저작권위원회,전자책,없음,소설,2023-03-10
794,낙화암,함세덕,한국저작권위원회,전자책,없음,소설,2023-03-10
795,냉동어(冷凍魚),채만식,한국저작권위원회,전자책,없음,소설,2023-03-10
796,단군성적순례,현진건,한국저작권위원회,전자책,없음,소설,2023-03-10
797,"이토 히로부미, 안중근을 쏘다","<이태진>,<조동성> 원작/<김성민> 글",IWELL(아이웰콘텐츠),전자책,9788996007 ,소설,2023-03-10
798,사회in 요점북,두산동아,두산동아,전자책,없음,아동,2023-03-10
799,역사in 요점북,두산동아,두산동아,전자책,없음,아동,2023-03-10
800,Swiss 걷기여행,스위스 정부 관광청,아이이펍(i-ePub),전자책,9788994991 ,여행/취미,2023-03-10
801,Swiss Hidden Pearls,스위스 정부 관광청,아이이펍(i-ePub),전자책,9788994991 ,여행/취미,2023-03-10
802,Swiss Honeymoon,스위스 정부 관광청,아이이펍(i-ePub),전자책,9788994991 ,여행/취미,2023-03-10
803,문명1,<김경진> 저,까데뜨(CADET),전자책,9788996647 ,정치/사회,2023-03-10
804,문명 II,<김경진> 저,까데뜨(CADET),전자책,9788996647 ,정치/사회,2023-03-10
805,일리안 프로젝트2,<김종래> 저,유페이퍼(개인출판),전자책,E000802435380,로맨스,2023-03-10
806,일리안 프로젝트 1,<김종래> 저,유페이퍼(개인출판),전자책,E000812435380,로맨스,2023-03-10
807,nhn 게임문학상 귀인별곡,<오승훈> 저,북누리,전자책,없음,청소년,2023-03-10
808,nhn 게임문학상 지구를지켜줘,"<박선용> ,<이건욱> ,<전유선>",북누리,전자책,없음,청소년,2023-03-10
809,nhn 게임문학상 앤드월드,<손원호> 저,북누리,전자책,없음,청소년,2023-03-10
810,nhn 게임문학상 카페오드,<장재호> 저,북누리,전자책,없음,청소년,2023-03-10
811,nhn 게임문학상 꾼,<몽상가들> 저,북누리,전자책,없음,청소년,2023-03-10
812,nhn 게임문학상 화성전기 기간트마키아,<꽃비주리> 저,북누리,전자책,없음,청소년,2023-03-10
813,nhn 게임문학상 보드빌,<전준후> 저,북누리,전자책,없음,청소년,2023-03-10
814,nhn 게임문학상 아이템홀릭,<현무훈>저,북누리,전자책,없음,청소년,2023-03-10
815,nhn 게임문학상 블랙코인,<전민재> 저,북누리,전자책,없음,청소년,2023-03-10
816,nhn 게임문학상 블랙힐스,<하규철> 저,북누리,전자책,없음,판타지,2023-03-10
817,nhn 게임문학상 나이트워커,<꼬미> 저,북누리,전자책,없음,판타지,2023-03-10
818,nhn 게임문학상 포스트노엘,<이승환> 저,북누리,전자책,없음,판타지,2023-03-10
819,nhn 게임문학상 와처&프리커서,<아란> 저,북누리,전자책,없음,판타지,2023-03-10
820,nhn 게임문학상 도가비전,<보린&왕고래> 저,북누리,전자책,없음,판타지,2023-03-10
821,nhn 게임문학상 그들이 사는 세계,<윤성호> 저,북누리,전자책,없음,판타지,2023-03-10
822,자취생 이야기,<배진성> 저,다이피아,전자책,9878996535 ,시/에세이,2023-03-10
823,통일세상 동화로 만나요,<윤숙희 외 10> 저,랜덤하우스코리아,전자책,E000542435583,유아,2023-03-10
824,Angela Kim이 알려주는 미국유학 성공비결,Angela Kim,아이이펍(i-ePub),전자책,9788994991 ,자기계발,2023-03-10
825,무력유죄,김몽,유페이퍼,전자책,없음,정치/사회,2023-03-10
826,나는 조국을 사랑했는가(하),<엄인종> 저,eBook21,전자책,없음,인문/역사,2023-03-10
827,나는 조국을 사랑했는가(상),<엄인종> 저,eBook21,전자책,없음,인문/역사,2023-03-10
828,新千字房,<玄甫 이홍표> 저,유페이퍼(개인출판),전자책,없음,인문/역사,2023-03-10
829,Fly to the Ocean,<조은비> 저,아이이펍(i-ePub),전자책,9788994991 ,여행/취미,2023-03-10
830,해피램지 스케치,<이승준> 저,해피램지,전자책,9788996729 ,유아,2023-03-10
831,작은 소리도 크게 듣겠습니다.,<국민권익위원회> 저,국민권익위원회,전자책,없음,정치/사회,2023-03-10
832,청춘의 고전 - 번외편,<한국철학사상연구회> 저,알렙,전자책,9788997779 ,인문/역사,2023-03-10
833,푸른 바람이 된 소녀,<이푸론> 저,유페이퍼(개인출판),전자책,9788996871 ,소설,2023-03-10
834,"구글 창업자, 래리 페이지와 세르게이 브린",<홍익희> 저,홍익인간,전자책,E000132435418,경제경영,2023-03-10
835,문명의 시계는 상승을 노래하고,<다생소활> 저,다생소활,전자책,9788995896 ,인문/역사,2023-03-10
836,초원에서 무지개를 보다,<금희연> 등저,아이이펍(i-ePub),전자책,9788994991 ,정치/사회,2023-03-10
837,그래도 나는 문학이 좋다,<YES24 문학담당> 저,YES24 기획상품,전자책,없음,시/에세이,2023-03-10
838,미국 선거는 유대인 눈치 보기,<홍익희> 저,홍익인간,전자책,E000912435417,정치/사회,2023-03-10
839,시간은 달린다,<최현> 저,이북스펍,전자책,9788996479 ,인문/역사,2023-03-10
840,김규항 교육 칼럼 - 아이를 살리는 7가지 약속,<김규항> 저,전자책나무,전자책,없음,인문/역사,2023-03-10
841,빗속의 고양이,<어니스트 헤밍웨이> 저,Feline Books(고양이 출판사),전자책,9788998109 ,소설,2023-03-10
842,집고양이,<벤조 패터슨> 저,Feline Books(고양이 출판사),전자책,9788998109 ,소설,2023-03-10
843,기업과 법무 제1호,<이준보> 저,한국기업법무협회,전자책,없음,정치/사회,2023-03-10
844,기업과 법무 제2호,<이준보> 저,한국기업법무협회,전자책,없음,정치/사회,2023-03-10
845,기업과 법무 제3호,<이준보> 저,한국기업법무협회,전자책,없음,정치/사회,2023-03-10
846,기업과 법무 제4호,<이준보> 저,한국기업법무협회,전자책,없음,정치/사회,2023-03-10
847,"삶의 무게, 줄이기",<다생소활> 저,다생소활,전자책,9788996710 ,자기계발,2023-03-10
848,정보와 커뮤니케이션,<이문학> 저,문학출판사,전자책,E000162435929,인문/역사,2023-03-10
849,맛있고 재미있는 한식 이야기,<농림수산식품부> 저,단비,전자책,없음,가정/생활/요리,2023-03-10
850,스타 감성 인터뷰 섹시 미인 정인아,<스케치북> 저,엘루,전자책,9788998251 ,여행/취미,2023-03-10
851,손봉돈의 영어 이디엄 사전 파트A,"<손봉돈>,<손부호> 공저",타임비,전자책,9788997847 ,국어/외국어,2023-03-10
852,고교 선택이 대학을 바꾼다,<베리타스알파 편집국> 저,베리타스알파,전자책,9788966711 ,청소년,2023-03-10
853,Two Rabits English,<최회계사> 저,유페이퍼(개인출판),전자책,없음,국어/외국어,2023-03-10
854,네 이웃을 알지어다,<엘리자벳 R. 루이스> 저,유페이퍼(개인출판),전자책,9788998109 ,소설,2023-03-10
855,톰슨의 고양이,<로버트 무어 윌리엄스> 저,유페이퍼(개인출판),전자책,9788998109 ,소설,2023-03-10
856,오빤 强男스타일,"<고준철>,<문광호>,<이용설> 공저",유페이퍼(개인출판),전자책,없음,시/에세이,2023-03-10
857,개미와베짱이,<장영휘> 저,유페이퍼(개인출판),전자책,없음,유아,2023-03-10
858,성공하는 사람들의 목표관리 시스템,"<이종우>,<고승재> 공저",IWELL(아이웰콘텐츠),전자책,9788994630 ,자기계발,2023-03-10
859,올해의 책을 통해 돌아본 지난 10년,<예스24> 저,YES24 기획상품,전자책,없음,정치/사회,2023-03-10
860,네티즌 추천 대한민국 대표 작가,<채널예스 편집부> 저,채널예스,전자책,없음,시/에세이,2023-03-10
861,즐거운 독서와 글쓰기 (2012),<YES24 컨텐츠팀> 저,YES24 기획상품,전자책,2572742150 ,유아,2023-03-10
862,대한민국 대표 시인 특집,<채널예스 편집부> 저,채널예스,전자책,없음,시/에세이,2023-03-10
863,진짜 가격은 얼마인가요?,<(재)아이쿱협동조합연구소> 저,롤링다이스,전자책,9788996938 ,인문/역사,2023-03-10
864,마우마우 마을에서 온 다람쥐,<조한서> 저,u-paper(유페이퍼),전자책,없음,유아,2023-03-10
865,길 위의 멘토를 찾아 떠나는 여행,<강영훈> 저,유페이퍼,전자책,없음,자기계발,2023-03-10
866,One Hour 손자병법,<권해영> 저,유페이퍼,전자책,없음,인문/역사,2023-03-10
867,Two Friends,<기 드 모파상> 저,내츄럴,전자책,없음,소설,2023-03-10
868,기업과 법무 제6호,<한국기업법무협회> 저,이스턴미디어,전자책,없음,정치/사회,2023-03-10
869,기업과 법무 제7호,<한국기업법무협회> 저,이스턴미디어,전자책,없음,정치/사회,2023-03-10
870,행복 한 우리아가,<석민우> 저,VIP부동산경제연구소,전자책,없음,가정/생활/요리,2023-03-10
871,소설수업 소설이란 무엇인가,<최옥정> 저,푸른영토,전자책,9788997348 ,시/에세이,2023-03-10
872,원페이지 홍기현,"<A+어학원 원장 홍기현/삐급여행>,< 조명화> 저",세계견문록,전자책,9788998841 ,여행/취미,2023-03-10
873,문학의 숲을 거닐다,<YES24문학담당> 편,예스24,전자책,없음,인문/역사,2023-03-10
874,사진과 나,<아우름> 저,아우름,전자책,없음,시/에세이,2023-03-10
875,한글의 창조원리,<김동제> 저,upaper,전자책,없음,국어/외국어,2023-03-10
876,어린이 책세상 2013,<YES24 컨텐츠팀> 저,예스24,전자책,2591905970 ,아동,2023-03-10
877,살아내는 것만으로도 장하다!,<다생소활> 저,다생소활,전자책,9788996710 ,자기계발,2023-03-10
878,당신을 이해한다는 것,"<하수진>,< 이다혜>,< 박진희>,< 강수현> 저",키메이커,전자책,9788969330 ,소설,2023-03-10
879,치카! 차카! 푸!,"<이영>,< 최종환>,< 박희라> 저",키메이커,전자책,9788969330 ,유아,2023-03-10
880,붉은 고양이,<로버트 샘슨> 저,Feline Books(고양이 출판사),전자책,9788998109 ,판타지,2023-03-10
881,99℃,<호아킴 데 포사다> 저/<이의수> 역,인사이트북스,전자책,없음,소설,2023-03-10
882,부의 추월차선,<엠제이 드마코> 저/<신소영> 역,토트출판사,전자책,9791190000000 ,경제경영,2023-03-10
883,달의 뒷면은 비밀에 부쳐,<츠지무라 미즈키> 저/<오유리> 역,작가정신,전자책,9788972885 ,소설,2023-03-10
884,섀도우 헌터스 2,<카산드라 클레어> 저,웅진씽크빅,전자책,없음,소설,2023-03-10
885,섀도우 헌터스 1,<카산드라 클레어> 저,웅진씽크빅,전자책,없음,소설,2023-03-10
886,섀도우 헌터스 3,<카산드라 클레어> 저,웅진씽크빅,전자책,없음,소설,2023-03-10
887,주군의 태양 1,"<황하영> 저/<홍미란>,<홍정은> 극본",소네트,전자책,없음,소설,2023-03-10
888,FUN한 카툰 잉글리쉬 2,<Terry E. Kim> 저,이북스펍,전자책,9791155190 ,국어/외국어,2023-03-10
889,FUN한 카툰 잉글리쉬 3,<Terry E. Kim> 저,이북스펍,전자책,9791155190 ,국어/외국어,2023-03-10
890,FUN한 카툰 잉글리쉬 1,<Terry E. Kim> 저,이북스펍,전자책,9791155190 ,국어/외국어,2023-03-10
891,어린이를 위한 미래직업 100,<최정원> 저,이케이북,전자책,9788996897 ,아동,2023-03-10
892,"아빠, 철학이 뭐예요?",<리하르트 다비트 프레히트> 저,21세기북스,전자책,9788950952 ,아동,2023-03-10
893,주군의 태양 2,"<극본 : 홍정은>,<홍미란 / 소설: 황하영> 저",소네트,전자책,없음,소설,2023-03-10
894,공부하는 힘,<황농문> 저,위즈덤하우스,전자책,9788960866 ,자기계발,2023-03-10
895,행복한 그림자의 춤,<앨리스 먼로 > 저,웅진씽크빅,전자책,없음,소설,2023-03-10
896,트렌드 코리아 2014,"<김난도>,<전미영>,<이향은>,<이준영>,<김서영>,<최지혜> 공저",미래의창,전자책,9788960000000 ,경제경영,2023-03-10
897,잡스가 워즈워드의 시를 읽는 이유는,<조숙경> 저,엠에스디미디어,전자책,없음,과학/공학,2023-03-10
898,서민의 기생충 열전,<서민> 저,을유문화사,전자책,9788930000000 ,과학/공학,2023-03-10
899,신기루,<이금이> 저,푸른책들,전자책,없음,청소년,2023-03-10
900,"열다섯, 비밀의 방",<장미 외 3인> 저,푸른책들,전자책,없음,청소년,2023-03-10
901,5학년 5반 아이들,<윤숙희> 저,푸른책들,전자책,9788960000000 ,유아,2023-03-10
902,똑소리나는 귀농귀촌,"<권경미>,< 김부성> 저",고래가숨쉬는도서관,전자책,9789000000000 ,시/에세이,2023-03-10
903,부모와 자녀가 함께 읽는 어린이책 200선,<이주영> 저,고래가숨쉬는도서관,전자책,9791190000000 ,아동,2023-03-10
904,부모와 자녀가 함께 읽는 어린이책 200선,<이주영> 저,고래가숨쉬는도서관,전자책,9791190000000 ,아동,2023-03-10
905,부모와 자녀가 함께 읽는 어린이책 200선,<이주영> 저,고래가숨쉬는도서관,전자책,9791190000000 ,아동,2023-03-10
906,돈의 거의 모든 것,"<대니얼코나한>,< 댄 스미스> 저",원앤원북스,전자책,없음,경제경영,2023-03-10
907,딸에게 보내는 심리학 편지,<한성희 > 저,(주)웅진씽크빅,전자책,9791190000000 ,인문/역사,2023-03-10
908,진짜 백설 공주는 누구인가,<유순희> 저,푸른책들,전자책,9788960000000 ,소설,2023-03-10
909,나는 지금 꽃이다,<이장근> 저,푸른책들,전자책,9788960000000 ,청소년,2023-03-10
910,고전을 발칵 뒤집은 어린이 로스쿨,"<정은숙>,< 유재원> 저",아울북,전자책,9788950953 ,아동,2023-03-10
911,회계 천재가 된 홍대리 5 (개정판),<손봉석> 저,다산북스,전자책,9791130601 ,경제경영,2023-03-10
912,회계 천재가 된 홍대리 3 (개정판),<손봉석> 저,다산북스,전자책,9791130601 ,경제경영,2023-03-10
913,회계 천재가 된 홍대리 4 (개정판),<손봉석> 저,다산북스,전자책,9791130601 ,경제경영,2023-03-10
914,회계 천재가 된 홍대리 1 (개정판),<손봉석> 저,다산북스,전자책,9791130601 ,경제경영,2023-03-10
915,회계 천재가 된 홍대리 2 (개정판),<손봉석> 저,다산북스,전자책,9791130601 ,경제경영,2023-03-10
916,미처 다 하지 못한,<김광석> 저,예담,전자책,9791160000000 ,시/에세이,2023-03-10
917,내 아이를 위한 진로코칭,<엄명종> 저,문예춘추사,전자책,9788980000000 ,가정/생활/요리,2023-03-10
918,7인의 에세이,"<차영민>,< 함희진>,< 박소연>,< 김일지>,< 나미영>,< 이동영>,< 이규금> 저",더플래닛,전자책,9788967910 ,시/에세이,2023-03-10
919,그녀에게 책을 가져다주다,<문현실> 저,더플래닛,전자책,9788967910 ,시/에세이,2023-03-10
920,"우리 역사, 독도",<호사카 유지> 저,성안당,전자책,9788931576 ,인문/역사,2023-03-10
921,"선대인, 미친 부동산을 말하다",<선대인> 저,웅진씽크빅,전자책,9788900000000 ,경제경영,2023-03-10
922,사람이 꽃이다,"<박제균>,< 이하경> 저",미래의창,전자책,9788959892 ,가정/생활/요리,2023-03-10
923,응답하라 1994,<오승희> 저/<이우정> 극본,21세기북스,전자책,없음,소설,2023-03-10
924,오블라디 오블라다,<주철환> 저,토트출판사,전자책,9788990000000 ,시/에세이,2023-03-10
925,나는 일기 마법사,<황미용> 저,천개의바람,전자책,없음,유아,2023-03-10
926,나는 독서 마법사,<황미용> 저,천개의바람,전자책,없음,유아,2023-03-10
927,합법적으로 세금 안내는 110가지 방법,<신방수> 저,아라크네,전자책,9791160000000 ,경제경영,2023-03-10
928,당신을 위한 법은 없다,"<류여해>,< 박영규 > 저",꿈결,전자책,없음,정치/사회,2023-03-10
929,내 꿈을 열어 주는 진로 독서,<임성미> 저,꿈결,전자책,없음,청소년,2023-03-10
930,지도자의 자격,"<김경록>,< 김선주>,< 김준혁>,< 박현모>,< 오항녕>,< 이근호>,< 이익주>,< 한시준 > 저",꿈결,전자책,없음,인문/역사,2023-03-10
931,잡담이 능력이다,<사이토 다카시> 저/<장은주> 역,위즈덤하우스,전자책,9788960866 ,자기계발,2023-03-10
932,고고학자 손보기,<김향금> 글/<정경심> 그림,샘터,전자책,788946000000 ,아동,2023-03-10
933,합법적으로 세금 안내는 110가지 방법,<신방수> 저,아라크네,전자책,9791160000000 ,경제경영,2023-03-10
934,빌린 책 산 책 버린 책 2,<장정일> 저,마티,전자책,9788992053 ,시/에세이,2023-03-10
935,빌린 책 산 책 버린 책,<장정일> 저,마티,전자책,9788992053 ,시/에세이,2023-03-10
936,빌린 책 산 책 버린 책 3,<장정일> 저,마티,전자책,9788992053 ,시/에세이,2023-03-10
937,런어웨이,<앨리스 먼로> 저/<황금진> 역,곰,전자책,없음,소설,2023-03-10
938,바이올리니스트가 되고 싶은 용,<루이사 비야르 리에바나 글 | 클라우디아 라누치 그림| 이선영 옮김> 저,책속물고기,전자책,9788994621 ,유아,2023-03-10
939,왜 세계화가 문제일까?,<게르트 슈나이더> 저/<이수영> 역,반니,전자책,9791190000000 ,경제경영,2023-03-10
940,너는 나에게 상처를 줄 수 없다,<배르벨 바르데츠키> 저/<두행숙> 역,걷는나무,전자책,9788900000000 ,자기계발,2023-03-10
941,어떻게 결정할 것인가,"<이동진>,<김주은>,<배연향>,<양효선>,<민세훈> 공저",미래의창,전자책,9788959892 ,경제경영,2023-03-10
942,정도전을 위한 변명,<조유식> 저,휴머니스트,전자책,9788958626 ,인문/역사,2023-03-10
943,살아있는 뜨거움,<김미경> 저,21세기북스,전자책,9788950954 ,자기계발,2023-03-10
944,인생내공,"<이시형>,<이희수> 공저",위즈덤하우스,전자책,9788960866 ,자기계발,2023-03-10
945,몰라보게 글솜씨가 좋아지는 글쓰기 20일 완성,<최병광> 저,황금부엉이,전자책,9788960000000 ,시/에세이,2023-03-10
946,"20대, 창업으로 세상에 뛰어들어라",<유연호> 저,원앤원북스,전자책,9788960000000 ,경제경영,2023-03-10
947,세상에서 가장 재미있는 중국의 동화,<백건석> 저,그림책,전자책,9788970000000 ,유아,2023-03-10
948,세상에서 가장 재미있는 일본의 동화,<백건석> 저,그림책,전자책,9788970000000 ,유아,2023-03-10
949,세상에서 가장 재미있는 인도의 동화,<백건석> 저,그림책,전자책,9788970000000 ,유아,2023-03-10
950,세상에서 가장 재미있는 아랍의 동화,<백건석> 저,그림책,전자책,9788970000000 ,유아,2023-03-10
951,단추마녀의 수상한 식당,<정란희> 글/<한호진> 그림,키다리,전자책,9791185299 ,유아,2023-03-10
952,노예 12년,<솔로몬 노섭> 저 /<유수아> 역,펭귄클래식코리아,전자책,9788900000000 ,소설,2023-03-10
953,빨간 리본,<헨닝 망켈> 저/<홍재웅> 역,곰,전자책,9788900000000 ,소설,2023-03-10
954,대통령의 글쓰기,<강원국> 저,메디치미디어,전자책,9788994612 ,인문/역사,2023-03-10
955,그 고래 번개,<류은> 글/<박철민> 그림,샘터,전자책,9788950000000 ,유아,2023-03-10
956,퍼펙트 워크,"<왕중추>,<주신위에> 공저/<이지은> 역",다산북스,전자책,9791130602 ,자기계발,2023-03-10
957,지식생태학자 유영만 교수의 생각사전,<유영만> 저,토트출판사,전자책,9788990000000 ,자기계발,2023-03-10
958,장난감 육아의 비밀,"<정윤경>,<김윤정> 공저",예담friend,전자책,9788991731 ,가정/생활/요리,2023-03-10
959,오늘이 내 인생의 마지막 날이라면,<KBS [생로병사의 비밀] 제작팀> 저,애플북스,전자책,9791160000000 ,건강/의학,2023-03-10
960,거절없이 사게 하라 거침없이 판매 하라,<심현수> 저,나비의활주로,전자책,9789000000000 ,경제경영,2023-03-10
961,"치아관리, 모르면 더 아프고 더 비싸다",<이호정> 저,i-경향북스,전자책,9788967660 ,건강/의학,2023-03-10
962,관절의 작은 통증에 귀 기울여라,<고용곤> 저,i-경향북스,전자책,9788967660 ,건강/의학,2023-03-10
963,합법적으로 세금 안내는 110가지 방법,<신방수> 저,아라크네,전자책,9791160000000 ,경제경영,2023-03-10
964,인생이란 나를 믿고 가는 것이다,<이현세> 저,토네이도,전자책,없음,시/에세이,2023-03-10
965,좋은 아빠의 자격,<서진석> 저,북라이프,전자책,없음,정치/사회,2023-03-10
966,원씽,"<게리 켈러>,<제이 파파산> 공저/<구세희> 역",비즈니스북스,전자책,9789000000000 ,자기계발,2023-03-10
967,CEO의 독서경영,<다이애나 홍> 저,일상과이상,전자책,9788998453 ,경제경영,2023-03-10
968,눈치보지 않을 권리,"<닐 라벤더>,<알란 카바이올라> 저/<최승희> 역",미래의창,전자책,9788959892 ,자기계발,2023-03-10
969,공부책,<조지 스웨인> 저/<윤태준> 역,유유,전자책,9791185152 ,인문/역사,2023-03-10
970,경제기사가 말해주지 않는 28가지,<윤석천> 저,왕의서재,전자책,9788993949 ,경제경영,2023-03-10
971,궁궐에는 누가 살았을까,<김은하> 글/<에스더> 그림,웅진주니어,전자책,없음,유아,2023-03-10
972,그남자 그여자 1,<이미나> 저,걷는나무,전자책,9788900000000 ,시/에세이,2023-03-10
973,그남자 그여자 2,<이미나> 저,웅진씽크빅,전자책,9788900000000 ,시/에세이,2023-03-10
974,어포메이션,<노아 세인트 존> 저,이책,전자책,9791200000000 ,자기계발,2023-03-10
975,내일도 출근하는 딸에게,<유인경> 저,위즈덤경향,전자책,9791190000000 ,시/에세이,2023-03-10
976,난쟁이 피터,"<호아킴 데 포사다>,<데이비드 림> 공저/<최승언> 역",마시멜로,전자책,9788950000000 ,소설,2023-03-10
977,감성의 끝에 서라,"<강신장>,<황인원> 공저",21세기북스,전자책,9788950955 ,자기계발,2023-03-10
978,"아마존, 세상의 모든 것을 팝니다",<브래드 스톤> 저/<야나 마키에이라> 역,21세기북스,전자책,9788950952 ,경제경영,2023-03-10
979,저는 인문학이 처음인데요,<박홍순> 저,한빛비즈,전자책,9791160000000 ,인문/역사,2023-03-10
980,외동아이 키울 때 꼭 알아야 할 것들,<모로토미 요시히코> 저/<이정환> 역,나무생각,전자책,9788960000000 ,가정/생활/요리,2023-03-10
981,나는 스티브 잡스를 이렇게 뽑았다,"<놀란 부쉬넬>,<진 스톤> 공저/<한상임> 역",미래의창,전자책,9788959892 ,경제경영,2023-03-10
982,세상을 바꾼 아름다운 용기,<박현주> 저,우리교육,전자책,없음,청소년,2023-03-10
983,조난자들,<방진호> 저/<노영석> 각본,가연,전자책,없음,소설,2023-03-10
984,역사는 누구의 편에 서는가,<아이리스 장> 저/<윤지환> 역,미다스북스(리틀미다스),전자책,9788966371 ,인문/역사,2023-03-10
985,멸화,<이경민> 저,웅진씽크빅,전자책,없음,소설,2023-03-10
986,나이 듦에 대한 변명,<김희재> 저,리더스북,전자책,없음,시/에세이,2023-03-10
987,우리는 공부하는 가족입니다,<이채원> 저,다산북스,전자책,9791130602 ,시/에세이,2023-03-10
988,초등생활 처방전,<이영민> 저,21세기북스,전자책,9788950955 ,아동,2023-03-10
989,세계 최고의 인재들은 왜 기본에 집중할까,<도쓰카 다카마사> 저/<김대환> 역,비즈니스북스,전자책,9789000000000 ,자기계발,2023-03-10
990,20대가 부러워하는 중년의 몸만들기,<김원곤> 저,덴스토리(DENSTORY),전자책,없음,건강/의학,2023-03-10
991,당뇨에 대한 거의 모든 것,<게리 눌> 저/<김재경> 역,처음북스(CheomBooks),전자책,9791185230 ,건강/의학,2023-03-10
992,당신은 혁신가입니까,<아담 브라이언트> 저/<유보라> 역,처음북스(CheomBooks),전자책,9791185230 ,경제경영,2023-03-10
993,우리 반 일용이,<김숙미> 등저/<한국글쓰기교육연구회> 편,양철북,전자책,9788960000000 ,청소년,2023-03-10
994,충청도의 힘,<남덕현> 저,양철북,전자책,없음,시/에세이,2023-03-10
995,배낭을 메고 유럽을 안고,<김동찬> 저,이큐브스토리,전자책,9791185582 ,여행/취미,2023-03-10
996,린 토크,<앨런 파머> 저/<문지혜> 역,처음북스(CheomBooks),전자책,9791185230 ,자기계발,2023-03-10
997,출근길 30분의 기적 멘탈리허설,<조관일> 저,21세기북스,전자책,9788950955 ,자기계발,2023-03-10
998,1일 20분 기적의 뇌 건강 운동법,"<한국뇌과학연구원(이승헌 원장)>,<브레인트레이너협회> 공저",비타북스(VITABOOKS),전자책,없음,건강/의학,2023-03-10
999,기업의 시대,<CCTV 다큐 제작팀> 저/<허유영> 역,다산북스,전자책,9791130602 ,경제경영,2023-03-10
1000,월급쟁이 부자들,<이명로(상승미소)> 저,스마트북스,전자책,9791185541 ,경제경영,2023-03-10
1001,셋째 딸 이야기,<강인숙> 저,곰,전자책,9788900000000 ,시/에세이,2023-03-10
1002,청소 시~작!,<마츠모토 게이스케> 저/<복창교> 역,썸,전자책,없음,시/에세이,2023-03-10
1003,외우지 않고 통으로 이해하는 통한국사 1,<김상훈> 저,다산에듀,전자책,9791130602 ,청소년,2023-03-10
1004,외우지 않고 통으로 이해하는 통한국사 2,<김상훈> 저,다산에듀,전자책,9791130602 ,청소년,2023-03-10
1005,골프는 인생이다,<홍사중> 저,이다미디어,전자책,9788990000000 ,여행/취미,2023-03-10
1006,관계 정리가 힘이다,<윤선현> 저,위즈덤하우스,전자책,9788960866 ,자기계발,2023-03-10
1007,"이순신, 거북선으로 나라를 구하다",<박지숙> 글/<송지영> 그림,보물창고,전자책,없음,아동,2023-03-10
1008,왜 낯선 사람을 따라가면 안 되나요,<이유라> 글/<유명희> 그림,참돌어린이,전자책,9791160000000 ,아동,2023-03-10
1009,힘 있는 글쓰기,<피터 엘보> 저/<김우열> 역,토트출판사,전자책,9788990000000 ,인문/역사,2023-03-10
1010,헬스의 정석 (종합편),<수피> 저,롤링다이스,전자책,9791185221 ,건강/의학,2023-03-10
1011,기록,<노무현재단> 기획/<윤태영> 저,책담,전자책,9791185494 ,시/에세이,2023-03-10
1012,중앙역,<김혜진> 저,웅진지식하우스,전자책,9788950000000 ,소설,2023-03-10
1013,진짜 공부,<김지수> 등저,맘에드림,전자책,9789000000000 ,청소년,2023-03-10
1014,소설 북의 1,<최지영> 저,21세기북스,전자책,9788950956 ,소설,2023-03-10
1015,뜨는 도시 지는 국가,"<벤자민 R. 바버> 저/<조은경>,<최은정> 공역",21세기북스,전자책,9788950953 ,정치/사회,2023-03-10
1016,"김과장, 만화로 영어고수되다 - 숙어편 2",<Terry E. Kim> 저,리치바닐라,전자책,9791155740 ,국어/외국어,2023-03-10
1017,"김과장, 만화로 영어고수되다 - 숙어편 4",<Terry E. Kim> 저,리치바닐라,전자책,9791155740 ,국어/외국어,2023-03-10
1018,"김과장, 만화로 영어고수되다 - 숙어편 3",<Terry E. Kim> 저,리치바닐라,전자책,9791155740 ,국어/외국어,2023-03-10
1019,"김과장, 만화로 영어고수되다 - 숙어편 5",<Terry E. Kim> 저,리치바닐라,전자책,9791155740 ,국어/외국어,2023-03-10
1020,"김과장, 만화로 영어고수되다 - 숙어편 1",<Terry E. Kim> 저,리치바닐라,전자책,9791155740 ,국어/외국어,2023-03-10
1021,사랑은 그렇게 끝나지 않는다,<줄리언 반스> 저/<최세희> 역,다산책방,전자책,9791130603 ,시/에세이,2023-03-10
1022,"엘론 머스크, 대담한 도전",<다케우치 가즈마사> 저/<이수형> 역,비즈니스북스,전자책,없음,경제경영,2023-03-10
1023,소설 북의 2,<최지영> 저,21세기북스,전자책,9788950956 ,소설,2023-03-10
1024,즉시 팔고 바로 버는 부동산경매 단기투자,<전용은> 저,퍼플카우,전자책,9791190000000 ,경제경영,2023-03-10
1025,철학자와 하녀,<고병권> 저,메디치미디어,전자책,9791157060 ,인문/역사,2023-03-10
1026,아트 스피치,<김미경> 저,21세기북스,전자책,9788950955 ,자기계발,2023-03-10
1027,일기는 사소한 숙제가 아니다,<윤경미> 저,21세기북스,전자책,9788950955 ,가정/생활/요리,2023-03-10
1028,어떻게 의욕을 끌어낼 것인가,"<하이디 그랜트 할버슨>,<토리 히긴스> 공저/<강유리> 역",한국경제신문사(한경비피),전자책,없음,자기계발,2023-03-10
1029,리더는 마지막에 먹는다,<사이먼 사이넥> 저/<이지연> 역/<김도형> 감수,36.5,전자책,9791157230 ,경제경영,2023-03-10
1030,행복의 기원,<서은국> 저,21세기북스,전자책,9788950956 ,인문/역사,2023-03-10
1031,고개 숙인 대한민국,<신지호> 저,21세기북스,전자책,9788950955 ,경제경영,2023-03-10
1032,서양 관습 문화 영어 이야기,<박영수> 저,필링박스,전자책,9791195286 ,국어/외국어,2023-03-10
1033,우리나라 명물 문화여행,<박영수> 저,필링박스,전자책,9791195286 ,여행/취미,2023-03-10
1034,무민의 외딴섬 여행,"<토베 얀손> 글,그림/<이지영> 역",어린이작가정신,전자책,9788972886 ,유아,2023-03-10
1035,세종이라면,<박현모> 저,미다스북스(리틀미다스),전자책,없음,시/에세이,2023-03-10
1036,위기의 시대 메르켈의 시대,<슈테판 로크넬리우스> 저/<배명자> 역,책담,전자책,9791185494 ,정치/사회,2023-03-10
1037,큐큐 웃픈 내 인생,<앨리 브로시> 저/<신지윤> 역,21세기북스,전자책,9788950952 ,시/에세이,2023-03-10
1038,"대비, 왕 위의 여자",<김수지> 저,인문서원,전자책,9791190000000 ,시/에세이,2023-03-10
1039,예테보리 쌍쌍바,<박상> 저,작가정신,전자책,9788972885 ,소설,2023-03-10
1040,까칠한 재석이가 열받았다,<고정욱> 저,애플북스,전자책,9791160000000 ,청소년,2023-03-10
1041,피터 드러커 리더의 도전,<피터 드러커> 저/<김홍식> 역,한국경제신문사(한경비피),전자책,없음,경제경영,2023-03-10
1042,닥치고 군대 육아,<김선미> 저,알에이치코리아(RHK),전자책,9788925591 ,가정/생활/요리,2023-03-10
1043,온난화라는 뜻밖의 횡재,<맥켄지 펑크> 저/<한성희> 역,처음북스(CheomBooks),전자책,9791185230 ,경제경영,2023-03-10
1044,왜 나는 법을 공부하는가,<조국> 저/<류재운> 정리,다산북스,전자책,9791130603 ,시/에세이,2023-03-10
1045,그러니까 독서가 필요해,<김용준> 글/<송진욱> 그림,노란상상,전자책,9788997367 ,아동,2023-03-10
1046,당신이 경제학자라면,"<팀 하포드> 저/<김명철>,<이제용> 공역",웅진지식하우스,전자책,없음,경제경영,2023-03-10
1047,장사를 하려면 화교상인처럼,<오시로 다이> 저/<홍주영> 역,타커스,전자책,없음,경제경영,2023-03-10
1048,"생존체력, 이것은 살기위한 최소한의 운동이다",<피톨로지> 저,위즈덤하우스,전자책,9788960866 ,건강/의학,2023-03-10
1049,돈 좀 모아본 언니는 뭐가 다른 걸까?,<권경민> 저,위즈덤하우스,전자책,9788960866 ,경제경영,2023-03-10
1050,빅 데이터 @ 워크,<토머스 H. 데이븐포트> 저/<김진호> 역,21세기북스,전자책,9788950932 ,경제경영,2023-03-10
1051,항상 나를 가로막는 나에게,<알프레드 아들러> 저/<변지영> 역/<김현철> 감수,카시오페아,전자책,9791195012 ,시/에세이,2023-03-10
1052,촌村,<황혜련> 저,IWELL(아이웰콘텐츠),전자책,9791155571 ,소설,2023-03-10
1053,여자의 초상,<류서재> 저,IWELL(아이웰콘텐츠),전자책,9791155571 ,소설,2023-03-10
1054,초등학생이 꼭 가야 할 교과서 역사 여행,<정인수> 글/<윤유리> 그림,풀빛,전자책,9788970000000 ,아동,2023-03-10
1055,사물인터넷,"<커넥팅랩(편석준, 진현호, 정영호, 임정선)> 저",미래의창,전자책,9788959892 ,경제경영,2023-03-10
1056,중국 천재가 된 홍대리 2,"<김만기>,<박보현> 공저",다산라이프,전자책,9791130603 ,경제경영,2023-03-10
1057,중국 천재가 된 홍대리 1,"<김만기>,<박보현> 공저",다산라이프,전자책,9791130603 ,경제경영,2023-03-10
1058,내가 죽음으로부터 배운 것,<데이비드 R. 도우> 저/<이아람> 역,처음북스(CheomBooks),전자책,9791185230 ,시/에세이,2023-03-10
1059,불타는 투혼,<이나모리 가즈오> 저/<양준호> 역,한국경제신문사(한경비피),전자책,없음,경제경영,2023-03-10
1060,물의 나라 2,<박범신> 저,마더커뮤니케이션,전자책,9788998493 ,소설,2023-03-10
1061,물의 나라 1,<박범신> 저,마더커뮤니케이션,전자책,9788998493 ,소설,2023-03-10
1062,스톤 - 가연 컬처클래식 19,<이상민> 저/<조세래> 각본,가연,전자책,없음,소설,2023-03-10
1063,불의 나라 2,<박범신> 저,마더커뮤니케이션,전자책,9788998493 ,소설,2023-03-10
1064,불의 나라 1,<박범신> 저,마더커뮤니케이션,전자책,9788998493 ,소설,2023-03-10
1065,불의 나라 3,<박범신> 저,마더커뮤니케이션,전자책,9788998493 ,소설,2023-03-10
1066,"스물아홉, 늦었다고 하기엔 미안한",<한설> 저,예담,전자책,9788959138 ,시/에세이,2023-03-10
1067,서른 살 감정공부,<함규정> 저,위즈덤하우스,전자책,9788960866 ,자기계발,2023-03-10
1068,"중2병 엄마는 불안하고, 아이는 억울하다",<이진아> 저,웅진씽크빅,전자책,없음,가정/생활/요리,2023-03-10
1069,그림 속 경제학,<문소영> 저,이다미디어,전자책,9788990000000 ,예술/대중문화,2023-03-10
1070,짭짤한 경매 이야기,"<장창훈>,<류연상>,<임승후> 저",미디어북,전자책,9788997983 ,경제경영,2023-03-10
1071,살인예언자 4 (개정판),<딘 쿤츠> 저/<김효설> 역,다산책방,전자책,9791130603 ,소설,2023-03-10
1072,살인예언자 3 (개정판),<딘 쿤츠> 저/<김효설> 역,다산책방,전자책,9791130603 ,소설,2023-03-10
1073,살인예언자 2 (개정판),<딘 쿤츠> 저/<김효설> 역,다산책방,전자책,9791130603 ,소설,2023-03-10
1074,살인예언자 1 (개정판),<딘 쿤츠> 저/<김효설> 역,다산책방,전자책,9791130603 ,소설,2023-03-10
1075,신뢰의 마법,"<김경익>,<박성현> 공저",다산3.0,전자책,9791130603 ,경제경영,2023-03-10
1076,한번은 독해져라,<김진애> 저,다산북스,전자책,9791130603 ,건강/의학,2023-03-10
1077,무기여 잘 있거라 (한글+영문),<어니스트 헤밍웨이> 저/<이유정> 역,더클래식,전자책,9791160000000 ,소설,2023-03-10
1078,나만 알고 싶은 유럽 TOP10,<정여울> 저,홍익출판사,전자책,9788970654 ,시/에세이,2023-03-10
1079,딱! 100일만 미쳐라,<하석태> 저,21세기북스,전자책,9788950956 ,경제경영,2023-03-10
1080,"괜찮아, 넌 다를 뿐이야",<김두응> 저,반디출판사,전자책,없음,시/에세이,2023-03-10
1081,MIT 스타트업 바이블,<빌 올렛> 저/<백승빈> 역/<방건동> 감수,비즈니스북스,전자책,9791190000000 ,경제경영,2023-03-10
1082,죽음보다 깊은 잠 1,<박범신> 저,마더커뮤니케이션,전자책,9788998493 ,소설,2023-03-10
1083,죽음보다 깊은 잠 2,<박범신> 저,마더커뮤니케이션,전자책,9788998493 ,소설,2023-03-10
1084,여성 김대리의 영어일기,<장승진> 등저,프랙티쿠스,전자책,9788968930 ,국어/외국어,2023-03-10
1085,살인예언자 5,<딘 쿤츠> 저/<공보경> 역,다산책방,전자책,9791130603 ,소설,2023-03-10
1086,명량 1권,"<김호경> 저/<전철홍>,<김한민> 각본",21세기북스,전자책,9788950956 ,소설,2023-03-10
1087,명량 2권,"<김호경> 저/<전철홍>,<김한민> 각본",21세기북스,전자책,9788950956 ,소설,2023-03-10
1088,명량 3권,"<김호경> 저/<전철홍>,<김한민> 각본",21세기북스,전자책,9788950956 ,소설,2023-03-10
1089,명량 4권,"<김호경> 저/<전철홍>,<김한민> 각본",21세기북스,전자책,9788950956 ,소설,2023-03-10
1090,발표의 정석,<박승주> 저,나비의활주로,전자책,9789000000000 ,자기계발,2023-03-10
1091,20대부터 바로바로 써먹는 경제상식,<김종선> 저,팬덤북스,전자책,없음,경제경영,2023-03-10
1092,천 개의 성공을 만든 작은 행동의 힘,"<존 크럼볼츠>,<라이언 바비노> 공저/<이현정> 역",프롬북스,전자책,없음,자기계발,2023-03-10
1093,모바일 인사이트,<모바일마케팅연구소> 편,행간,전자책,9788992714 ,경제경영,2023-03-10
1094,거의 모든 것의 정리법,<저스틴 클로스키> 저/<조민정> 역,처음북스(CheomBooks),전자책,9791185230 ,경제경영,2023-03-10
1095,중2혁명,"<EBS 다큐프라임_교육혁명, 15세에 주목하라 제작팀>,<조미혜> 공저",예담friend,전자책,9788991731 ,가정/생활/요리,2023-03-10
1096,지적인 생각법,<이주형> 저,위즈덤하우스,전자책,9788960867 ,자기계발,2023-03-10
1097,백년법 (상),<야마다 무네키> 저/<최고은> 역,애플북스,전자책,9791185947 ,소설,2023-03-10
1098,백년법 (하),<야마다 무네키> 저/<최고은> 역,애플북스,전자책,9791185947 ,소설,2023-03-10
1099,내릴 수 없는 배,<우석훈> 저,웅진지식하우스,전자책,없음,정치/사회,2023-03-10
1100,그림으로 심리 읽기,<옌원화> 저/<박지민> 역,웅진서가,전자책,없음,인문/역사,2023-03-10
1101,나는 자꾸만 &apos;딴짓&apos;하고 싶다,<이기진> 저,웅진서가,전자책,없음,시/에세이,2023-03-10
1102,어떤 하루,<신준모> 저/<김진희> 그림,프롬북스,전자책,9791190000000 ,시/에세이,2023-03-10
1103,이순신 불멸의 신화,<조정우> 저,세시,전자책,9788998853 ,소설,2023-03-10
1104,세상을 발칵 뒤집은 어린이 로스쿨,"<유재원>,<배정진> 글/<이윤정> 그림",아울북,전자책,9788950956 ,아동,2023-03-10
1105,내 옆에는 왜 이상한 사람이 많을까,"<모니카 비트블룸>,<산드라 뤼프케스> 공저/<서유리> 역",동양북스(동양books),전자책,9791157030 ,자기계발,2023-03-10
1106,나는 내가 아픈줄도 모르고,<가토 다이조> 저/<이정환> 역,나무생각,전자책,9788960000000 ,인문/역사,2023-03-10
1107,로지와 존,<피에르 르메트르> 저/<서준환> 역,다산책방,전자책,9791130603 ,소설,2023-03-10
1108,허스토리 Herstory,<최문정> 저,다차원북스,전자책,9789897659 ,소설,2023-03-10
1109,그림자 소녀,<미셸 뷔시> 저/<임명주> 역,달콤한책,전자책,9791195008 ,소설,2023-03-10
1110,푸른 운하,<박경리> 저,마로니에북스,전자책,9788960532 ,소설,2023-03-10
1111,내 안의 침팬지 길들이기,<토니 크랩> 저/<정명진> 역,토트출판사,전자책,없음,인문/역사,2023-03-10
1112,강남 엄마도 모르는 사교육의 비밀,<김만식> 저,국일미디어,전자책,9788974256 ,가정/생활/요리,2023-03-10
1113,"쉽다, 약국",<조현주> 저,피커북,전자책,9791132000 ,건강/의학,2023-03-10
1114,"쉽다, 약",<조현주> 저,피커북,전자책,9791132000 ,건강/의학,2023-03-10
1115,소년은 눈물 위를 달린다,<팀 보울러> 저/<양혜진> 역,놀,전자책,9791130603 ,소설,2023-03-10
1116,사신의 7일,<이사카 코타로> 저/<김소영> 역,웅진지식하우스,전자책,9788900000000 ,소설,2023-03-10
1117,먹는 습관만 바꿔도 10kg은 쉽게 빠진다,<김소영> 저,원앤원스타일,전자책,9788960603 ,건강/의학,2023-03-10
1118,나는 누구인가,"<강신주>,<고미숙>,<김상근>,<슬라보예 지젝>,<이태수>,<정용석>,<최진석> 등저",21세기북스,전자책,9788950996 ,인문/역사,2023-03-10
1119,나 하나 쯤이야,<이상배> 글/<백명식> 그림,소담주니어,전자책,9788956896 ,유아,2023-03-10
1120,허수아비춤,<조정래> 저,문학의문학,전자책,9788943103 ,소설,2023-03-10
1121,20년간의 수요일,<윤미향> 저,웅진주니어(웅진닷컴),전자책,9788901114 ,청소년,2023-03-10
1122,멀티플라이어,"<리즈 와이즈먼>,<그렉 맥커운> 공저/<최정인> 역/<고영건> 감수",한국경제신문사(한경비피),전자책,9788947528 ,경제경영,2023-03-10
1123,내 친구는 외계인,<임근희> 글,푸른책들,전자책,9788957983 ,유아,2023-03-10
1124,"빅데이터, 경영을 바꾸다","<함유근>,<채승병> 공저",삼성경제연구소,전자책,9788976334 ,경제경영,2023-03-10
1125,다산의 독서 전략,<권영식> 저,글라이더,전자책,9788996878 ,인문/역사,2023-03-10
1126,배꽃마을의 비밀,<송언> 글/<양상용> 그림,스콜라,전자책,9788962473 ,유아,2023-03-10
1127,죽음이란 무엇인가,<셸리 케이건> 저/<박세연> 역,엘도라도,전자책,9788901152 ,인문/역사,2023-03-10
1128,대한민국 경제사,<석혜원> 저,미래의창,전자책,9788959892 ,청소년,2023-03-10
1129,읽어야 산다,<정회일> 저,생각정원,전자책,9791190000000 ,자기계발,2023-03-10
1130,응답하라 1997,<이우정> 극본/<박이정> 저,21세기북스,전자책,9788950946 ,소설,2023-03-10
1131,토지 1권,<박경리> 저,마로니에북스,전자책,9788960532 ,소설,2023-03-10
1132,토지 2권,<박경리> 저,마로니에북스,전자책,9788960532 ,소설,2023-03-10
1133,토지 7권,<박경리> 저,마로니에북스,전자책,9788960532 ,소설,2023-03-10
1134,토지 8권,<박경리> 저,마로니에북스,전자책,9788960532 ,소설,2023-03-10
1135,토지 3권,<박경리> 저,마로니에북스,전자책,9788960532 ,소설,2023-03-10
1136,토지 10권,<박경리> 저,마로니에북스,전자책,9788960532 ,소설,2023-03-10
1137,토지 4권,<박경리> 저,마로니에북스,전자책,9788960532 ,소설,2023-03-10
1138,토지 9권,<박경리> 저,마로니에북스,전자책,9788960532 ,소설,2023-03-10
1139,토지 5권,<박경리> 저,마로니에북스,전자책,9788960532 ,소설,2023-03-10
1140,토지 6권,<박경리> 저,마로니에북스,전자책,9788960532 ,소설,2023-03-10
1141,토지 15권,<박경리> 저,마로니에북스,전자책,9788960532 ,소설,2023-03-10
1142,토지 16권,<박경리> 저,마로니에북스,전자책,9788960532 ,소설,2023-03-10
1143,토지 17권,<박경리> 저,마로니에북스,전자책,9788960532 ,소설,2023-03-10
1144,토지 18권,<박경리> 저,마로니에북스,전자책,9788960532 ,소설,2023-03-10
1145,토지 11권,<박경리> 저,마로니에북스,전자책,9788960532 ,소설,2023-03-10
1146,토지 12권,<박경리> 저,마로니에북스,전자책,9788960532 ,소설,2023-03-10
1147,토지 13권,<박경리> 저,마로니에북스,전자책,9788960532 ,소설,2023-03-10
1148,토지 14권,<박경리> 저,마로니에북스,전자책,9788960532 ,소설,2023-03-10
1149,토지 19권,<박경리> 저,마로니에북스,전자책,9788960532 ,소설,2023-03-10
1150,토지 20권,<박경리> 저,마로니에북스,전자책,9788960532 ,소설,2023-03-10
1151,세계문화유산 양동마을,<이미희> 저,토토북,전자책,9788964961 ,아동,2023-03-10
1152,상상력 천재 기찬이,<김은의> 저,푸른책들,전자책,9788960000000 ,유아,2023-03-10
1153,발차기만 백만 번,<김리하> 저,푸른책들,전자책,9788960000000 ,유아,2023-03-10
1154,광장시장 이야기,<김종광> 저/<구서보> 그림,샘터,전자책,9788950000000 ,소설,2023-03-10
1155,나는 죽을 때까지 재미있게 살고 싶다,<이근후> 저,갤리온,전자책,9788901154 ,시/에세이,2023-03-10
1156,엄마도 상처 받는다,<이영민> 저,웅진지식하우스,전자책,9788901154 ,가정/생활/요리,2023-03-10
1157,마흔의 서재,<장석주> 저,한빛비즈,전자책,9791190000000 ,자기계발,2023-03-10
1158,동화의 아버지 안데르센 - 한 권으로 읽는 명작모음,<안데르센> 저,계림북스,전자책,없음,유아,2023-03-10
1159,인생을 바꾸는 아침 1시간 노트,<야마모토 노리아키> 저,책비,전자책,9788997263 ,자기계발,2023-03-10
1160,나는 셜록 홈스처럼 살고 싶다,<표창원> 저,다산북스,전자책,9788963709 ,시/에세이,2023-03-10
1161,취향입니다 존중해주시죠,<이수진> 저,웅진지식하우스,전자책,9788901156 ,소설,2023-03-10
1162,"하루 15분, 기적의 영어습관",<전대건> 저,위즈덤하우스,전자책,9791160000000 ,국어/외국어,2023-03-10
1163,그리고... 축구감독이 찾아왔다,<사라 라이너첸> 저/<알런 골드셔> 편/<박진수> 역,디오네,전자책,9788998241 ,시/에세이,2023-03-10
1164,"각하, 문학을 읽으십시오",<얀 마텔> 저,작가정신,전자책,9788972885 ,소설,2023-03-10
1165,주먹곰,<김남중> 글/<김중석> 그림,웅진주니어(웅진닷컴),전자책,9788901154 ,유아,2023-03-10
1166,그때 알았더라면 좋았을 것들,<정여울> 저,21세기북스,전자책,9788950949 ,시/에세이,2023-03-10
1167,생각이 크는 인문학 1 공부,<김윤경> 글/<이진아> 그림,을파소(21세기북스),전자책,9788950949 ,아동,2023-03-10
1168,벼리서당 수상한 책벌레들,<이병승> 저,계림(계림북스),전자책,없음,유아,2023-03-10
1169,나는 더 영어답게 말하고 싶다 일상회화 편,"<장승진>,<Paul J. Lee> 공저",프랙티쿠스,전자책,9788996531 ,국어/외국어,2023-03-10
1170,"이케아, 불편을 팔다",<뤼디거 융블루트 > 저/<배인섭> 역,미래의창,전자책,9788959892 ,경제경영,2023-03-10
1171,생각이 크는 인문학 2 아름다움,<한기호> 글/<이진아> 그림,을파소(21세기북스),전자책,9788950949 ,아동,2023-03-10
1172,1984 (한글판),<조지 오웰> 저/<정영수> 역,더클래식,전자책,9788998244 ,소설,2023-03-10
1173,너의 고독 속으로 달아나라,<노재희> 저,작가정신,전자책,9788970000000 ,소설,2023-03-10
1174,너무 예쁜 소녀 3,<얀 제거스> 저/<송경은> 역,마시멜로,전자책,없음,소설,2023-03-10
1175,너무 예쁜 소녀 1,<얀 제거스> 저/<송경은> 역,마시멜로,전자책,없음,소설,2023-03-10
1176,너무 예쁜 소녀 2,<얀 제거스> 저/<송경은> 역,마시멜로,전자책,없음,소설,2023-03-10
1177,시장과 전장,<박경리> 저,마로니에북스,전자책,9788960532 ,소설,2023-03-10
1178,한국의 레지스탕스,<조한성> 저,생각정원,전자책,9791190000000 ,인문/역사,2023-03-10
1179,행복은 좋은 이별 후에 온다,<선안남> 저,북로그컴퍼니,전자책,9788994197 ,시/에세이,2023-03-10
1180,인생에서 가장 중요한 청소년 시기에 나를 바꾼 한 권의 책,<안정한> 저,꿈과희망,전자책,없음,청소년,2023-03-10
1181,나는 더 영어답게 말하고 싶다 비즈니스 편,"<장승진>,< Paul Lee> 저",프랙티쿠스,전자책,9788968930 ,국어/외국어,2023-03-10
1182,새우잠을 자더라도 고래꿈을 꾸어라,<김선재> 저,황소북스,전자책,9788997092 ,자기계발,2023-03-10
1183,공부하는 인간,<KBS 공부하는 인간 제작팀> 저,위즈덤하우스,전자책,9788960000000 ,인문/역사,2023-03-10
1184,황제펭귄과 함께한 300일,"<송인혁>,< 은유 지음> 저",미래의창,전자책,9788959892 ,시/에세이,2023-03-10
1185,내 나이 마흔 이솝우화에서 길을 찾다,<강상구> 저,원앤원북스,전자책,9788960602 ,자기계발,2023-03-10
1186,관찰의 힘,"<얀 칩체이스>,<사이먼 슈타인하트> 공저/<야나 마키에이라> 역/<이주형> 감수",위너스북,전자책,9788990000000 ,경제경영,2023-03-10
1187,스무살엔 몰랐던 내한민국,<이숲> 저,예옥,전자책,없음,인문/역사,2023-03-10
1188,하워드의 선물,"<에릭 시노웨이>,<메릴 미도우> 공저/<김명철>,<유지연> 공역",위즈덤하우스,전자책,9791160000000 ,자기계발,2023-03-10
1189,개미 내 가여운 개미,<류소영> 저,작가정신,전자책,9788972885 ,소설,2023-03-10
1190,스티브 잡스를 꿈 꿔봐,<임원기> 저,토토북,전자책,9788964961 ,청소년,2023-03-10
1191,신문에 많이 나오는 한자어1000,<편집부> 저,온이퍼브,전자책,9788969101 ,국어/외국어,2023-03-10
1192,때로는 나도 미치고 싶다,<스티븐 그로스> 저,토네이도,전자책,없음,시/에세이,2023-03-10
1193,다시 아이를 키운다면,<박혜란> 저,나무를심는사람들,전자책,9791190000000 ,가정/생활/요리,2023-03-10
1194,"엄마, 일단 가고봅시다!",<태원준> 저,북로그컴퍼니,전자책,9791190000000 ,여행/취미,2023-03-10
1195,학교 속의 문맹자들,<엄 훈> 저,우리교육,전자책,없음,정치/사회,2023-03-10
1196,피터 래빗 이야기,<베아트릭스 포터> 저,산호와진주,전자책,없음,유아,2023-03-10
1197,일생에 한번은 고수를 만나라,<한근태> 저,미래의창,전자책,9788959892 ,자기계발,2023-03-10
1198,똑똑한 스피치 51 - 초등학생이 꼭 알아야 할 모든 교양 5,<정민지> 저,북이십일(아울북),전자책,9788950951 ,아동,2023-03-10
1199,엄마와 아이를 바꾸는 기적의 글쓰기 교실,<이인환> 저,미다스북스(리틀미다스),전자책,9788970000000 ,가정/생활/요리,2023-03-10
1200,민주공화국 대한민국의 탄생,<김육훈> 저,휴머니스트,전자책,9788960000000 ,정치/사회,2023-03-10
1201,"간헐적 단식, 몸찬패스트처럼",<조경국> 저,위즈덤하우스,전자책,9791160000000 ,건강/의학,2023-03-10
1202,공룡상상,<김남길 글/노기동 그림> 저,풀과바람,전자책,없음,아동,2023-03-10
1203,어린이를 위한 한국의 김치 이야기,<이영란 글/강효숙 그림> 저,풀과바람,전자책,9788983895 ,아동,2023-03-10
1204,사회복지사 김소리 2,<허건우> 저,몬스터,전자책,9791130600 ,정치/사회,2023-03-10
1205,사회복지사 김소리 1,<허건우> 저,몬스터,전자책,9791130600 ,정치/사회,2023-03-10
1206,그렇게 살라는 데는 다 철학이 있다,<이창후> 저,좋은날들,전자책,9788998625 ,청소년,2023-03-10
1207,가르치고 싶은 엄마 놀고 싶은 아이,<오은영 > 저,웅진리빙하우스,전자책,없음,가정/생활/요리,2023-03-10
1208,그랜드투어,<설혜심> 저,웅진씽크빅,전자책,9791160000000 ,인문/역사,2023-03-10
1209,사랑이 다시 내게 말을 거네,<류근 > 저,웅진씽크빅,전자책,9788900000000 ,시/에세이,2023-03-10
1210,파리에선 그대가 꽃이다,<손미나 > 저,웅진씽크빅,전자책,9788900000000 ,시/에세이,2023-03-10
1211,나와 조금 다를 뿐이야,<이금이> 저,푸른책들,전자책,9791190000000 ,유아,2023-03-10
1212,뿔치,<보린> 저,푸른책들,전자책,9788957981 ,청소년,2023-03-10
1213,쉿! 신데렐라는 시계를 못 본대,<글 고자현 / 그림 김명곤 / 수학놀이 한지연> 저,동아사이언스(과학동아북스),전자책,9791160000000 ,아동,2023-03-10
1214,헨젤과 그레텔은 도형이 너무 어려워,<글 고자현/그림 원혜진/수학놀이 한지연> 저,동아사이언스(과학동아북스),전자책,9791160000000 ,아동,2023-03-10
1215,양치기 소년은 연산을 못한대,<글 박영란/그림 허구/수학놀이 한지연> 저,동아사이언스(과학동아북스),전자책,9791160000000 ,아동,2023-03-10
1216,떡장수 할머니와 호랑이는 구구단을 몰라,<글 이안/그림 김준영/수학놀이 한지연> 저,동아사이언스(과학동아북스),전자책,9791160000000 ,아동,2023-03-10
1217,견우와 직녀가 분수 때문에 싸웠대,<글 이안/그림 김창희/수학놀이 한지연> 저,동아사이언스(과학동아북스),전자책,9791160000000 ,아동,2023-03-10
1218,알쏭달쏭 알라딘은 단위가 헷갈려,<글 황근기/그림 황하석/수학놀이 한지연> 저,동아사이언스(과학동아북스),전자책,9791160000000 ,아동,2023-03-10
1219,아기 염소는 경우의 수로 늑대를 이겼어,<글 고자현/그림 황하석/수학놀이 한지연> 저,동아사이언스(과학동아북스),전자책,9788962860 ,아동,2023-03-10
1220,2030 대담한 미래,<최윤식> 저,지식노마드,전자책,없음,경제경영,2023-03-10
1221,어쩐지 근사한 나를 발견하는 51가지 방법,<공혜진> 글그림,동양북스(동양books),전자책,9791157030 ,자기계발,2023-03-10
1222,설득의 심리학 완결편,"<로버트 치알디니>,<스티브 마틴>,<노아 골드스타인> 공저/<김은령>,<김호> 공역",21세기북스,전자책,9788950957 ,자기계발,2023-03-10
1223,그래도 괜찮은 하루,<구작가(구경선)> 저,예담,전자책,9788959138 ,시/에세이,2023-03-10
1224,하버드 새벽 4시 반,<웨이슈잉> 저/<이정은> 역,라이스메이커,전자책,없음,자기계발,2023-03-10
1225,악당은 아니지만 지구정복,<안시내> 저,처음북스(CheomBooks),전자책,9791170000000 ,여행/취미,2023-03-10
1226,지구와 바꾼 휴대폰,"<위르겐 로이스>,<코지마 다노리처> 공저/<류동수> 역",애플북스,전자책,9791157710 ,정치/사회,2023-03-10
1227,장사 잘되는 동네빵집은 따로 있다,"<신길만>,<송영광>,<이복섭>,<신욱> 공저",원앤원북스,전자책,9788960604 ,경제경영,2023-03-10
1228,유시민의 글쓰기 특강,<유시민> 저,생각의길,전자책,9788970000000 ,인문/역사,2023-03-10
1229,사색이 자본이다,<김종원> 저,사람in,전자책,9788960494 ,인문/역사,2023-03-10
1230,7번 읽기 공부법,<야마구치 마유> 저/<류두진> 역,위즈덤하우스,전자책,9788960868 ,자기계발,2023-03-10
1231,주말엔 시골생활,<바바 미오리> 저/<홍주영> 역,끌레마,전자책,9788994081 ,시/에세이,2023-03-10
1232,옛시 속에 숨은 인문학,<이상국> 저,슬로래빗,전자책,9791186494 ,인문/역사,2023-03-10
1233,미움받을 용기,"<기시미 이치로>,<고가 후미타케> 공저/<전경아> 역/<김정운> 감수",인플루엔셜,전자책,9788996991 ,인문/역사,2023-03-10
1234,엄마의 말공부,<이임숙> 저,카시오페아,전자책,9791190000000 ,가정/생활/요리,2023-03-10
1235,떠나는 용기,<정이안> 저,이덴슬리벨(EAT&SLEEPWELL),전자책,9791157710 ,시/에세이,2023-03-10
1236,아들러의 격려,<W. 베란 울프> 저/<박광순> 역,생각정거장,전자책,9791155422 ,인문/역사,2023-03-10
1237,뇌가 섹시해지는 책,<도미니크 오브라이언> 저/<김지원> 역,비전코리아,전자책,9791157710 ,자기계발,2023-03-10
1238,부자언니 부자특강,<유수진> 저,세종서적,전자책,9788984074 ,경제경영,2023-03-10
1239,나는 왜 혼자가 편할까?,<오카다 다카시> 저/<김해용> 역,동양북스(동양books),전자책,9791157030 ,인문/역사,2023-03-10
1240,오베라는 남자,<프레드릭 배크만> 저/<최민우> 역,다산책방,전자책,9791130605 ,소설,2023-03-10
1241,슈퍼차이나,<KBS [슈퍼차이나] 제작팀> 저,가나출판사,전자책,9788957367 ,경제경영,2023-03-10
1242,중국이 두렵지 않은가,<유광종> 저,책밭,전자책,9791185720 ,정치/사회,2023-03-10
1243,구글의 아침은 자유가 시작된다,<라즐로 복> 저/<이경식> 역/<유정식> 감수,알에이치코리아(RHK),전자책,9788925599 ,경제경영,2023-03-10
1244,딸에게 포스트잇,<정지은> 저/ <민아원> 그림,슬로래빗,전자책,9791186494 ,시/에세이,2023-03-10
1245,흥분하지 않고 우아하게 화내는 기술,<후쿠다 다케시> 저/<장은주> 역,가나출판사,전자책,9788957367 ,자기계발,2023-03-10
1246,하버드 말하기 수업,<리웨이원> 저/<김락준> 역,가나출판사,전자책,9788957367 ,자기계발,2023-03-10
1247,도시는 무엇으로 사는가,<유현준> 저,을유문화사,전자책,9788932473 ,인문/역사,2023-03-10
1248,독서는 절대 나를 배신하지 않는다,<사이토 다카시> 저/<김효진> 역,걷는나무,전자책,9788901204 ,인문/역사,2023-03-10
1249,하버드 집중력 혁명,<에드워드 할로웰> 저/<박선령> 역,토네이도,전자책,9791186485 ,자기계발,2023-03-10
1250,소심 타파,<황진규> 저,팬덤북스,전자책,9791176404 ,자기계발,2023-03-10
1251,데이터의 보이지 않는 손,<야노 가즈오> 저/<황래국> 감수/<홍주영> 역,타커스,전자책,9788998658 ,경제경영,2023-03-10
1252,"남다르게 결단하라, 한비자처럼",<신동준> 저,미다스북스(리틀미다스),전자책,9788966373 ,자기계발,2023-03-10
1253,멘눌라라,<시모네타 아녤로 혼비> 저/<윤병언> 역,자음과모음(이룸),전자책,9788957078 ,소설,2023-03-10
1254,공허한 십자가,<히가시노 게이고> 저/<이선희> 역,자음과모음,전자책,9788954431 ,소설,2023-03-10
1255,도쿄대 교수가 제자들에게 주는 쓴소리,<이토 모토시게> 저/<전선영> 역,갤리온,전자책,9788901204 ,자기계발,2023-03-10
1256,잭 웰치의 마지막 강의,"<잭 웰치>,<수지 웰치> 공저/<강주헌> 역",알프레드,전자책,9788901204 ,경제경영,2023-03-10
1257,파란만장 중년의 4개 외국어 도전기,<김원곤> 저,덴스토리(DENSTORY),전자책,9791185716 ,자기계발,2023-03-10
1258,모든 요일의 기록,<김민철> 저,북라이프,전자책,9791185459 ,시/에세이,2023-03-10
1259,설득하고 싶은가? 스토리로 승부하라,"<신성진> 저/<신영빈>,<신한빈> 그림",새로운제안,전자책,9788955334 ,자기계발,2023-03-10
1260,아침 1시간 노트,<야마모토 노리아키> 저/<서수지> 역,책비,전자책,9788997263 ,자기계발,2023-03-10
1261,당신이 화내는 진짜 이유,<EBS 당신이 화내는 진짜 이유 제작팀> 저,토네이도,전자책,9791186485 ,인문/역사,2023-03-10
1262,니체의 인생 강의,<이진우> 저,휴머니스트,전자책,9788958629 ,인문/역사,2023-03-10
1263,궁극의 인문학,<전병근> 저,메디치미디어,전자책,9791157066 ,인문/역사,2023-03-10
1264,테슬라 모터스,<찰스 모리스> 저/<엄성수> 역,을유문화사,전자책,9788932473 ,경제경영,2023-03-10
1265,어떻게 돌파할 것인가,<김현철> 저,다산북스,전자책,9791130605 ,경제경영,2023-03-10
1266,[고화질] 박시백의 조선왕조실록 05,"<박시백> 글,그림",휴머니스트,전자책,9788958629 ,단행본만화,2023-03-10
1267,[고화질] 박시백의 조선왕조실록 04,"<박시백> 글,그림",휴머니스트,전자책,9788958629 ,단행본만화,2023-03-10
1268,[고화질] 박시백의 조선왕조실록 03,"<박시백> 글,그림",휴머니스트,전자책,9788958629 ,단행본만화,2023-03-10
1269,[고화질] 박시백의 조선왕조실록 02,"<박시백> 글,그림",휴머니스트,전자책,9788958629 ,단행본만화,2023-03-10
1270,[고화질] 박시백의 조선왕조실록 01,"<박시백> 글,그림",휴머니스트,전자책,9788958629 ,단행본만화,2023-03-10
1271,[고화질] 박시백의 조선왕조실록 10,"<박시백> 글,그림",휴머니스트,전자책,9788958629 ,단행본만화,2023-03-10
1272,[고화질] 박시백의 조선왕조실록 09,"<박시백> 글,그림",휴머니스트,전자책,9788958629 ,단행본만화,2023-03-10
1273,[고화질] 박시백의 조선왕조실록 08,"<박시백> 글,그림",휴머니스트,전자책,9788958629 ,단행본만화,2023-03-10
1274,[고화질] 박시백의 조선왕조실록 07,"<박시백> 글,그림",휴머니스트,전자책,9788958629 ,단행본만화,2023-03-10
1275,[고화질] 박시백의 조선왕조실록 06,"<박시백> 글,그림",휴머니스트,전자책,9788958629 ,단행본만화,2023-03-10
1276,[고화질] 박시백의 조선왕조실록 18,"<박시백> 글,그림",휴머니스트,전자책,9788958629 ,단행본만화,2023-03-10
1277,[고화질] 박시백의 조선왕조실록 17,"<박시백> 글,그림",휴머니스트,전자책,9788958629 ,단행본만화,2023-03-10
1278,[고화질] 박시백의 조선왕조실록 16,"<박시백> 글,그림",휴머니스트,전자책,9788958629 ,단행본만화,2023-03-10
1279,[고화질] 박시백의 조선왕조실록 15,"<박시백> 글,그림",휴머니스트,전자책,9788958629 ,단행본만화,2023-03-10
1280,[고화질] 박시백의 조선왕조실록 14,"<박시백> 글,그림",휴머니스트,전자책,9788958629 ,단행본만화,2023-03-10
1281,[고화질] 박시백의 조선왕조실록 13,"<박시백> 글,그림",휴머니스트,전자책,9788958629 ,단행본만화,2023-03-10
1282,[고화질] 박시백의 조선왕조실록 12,"<박시백> 글,그림",휴머니스트,전자책,9788958629 ,단행본만화,2023-03-10
1283,[고화질] 박시백의 조선왕조실록 11,"<박시백> 글,그림",휴머니스트,전자책,9788958629 ,단행본만화,2023-03-10
1284,[고화질] 박시백의 조선왕조실록 20,"<박시백> 글,그림",휴머니스트,전자책,9788958629 ,단행본만화,2023-03-10
1285,[고화질] 박시백의 조선왕조실록 19,"<박시백> 글,그림",휴머니스트,전자책,9788958629 ,단행본만화,2023-03-10
1286,"50년간의 세계일주, 이 세상 모든 곳을 여행하다",<앨버트 포델> 저/<이유경> 역,처음북스(CheomBooks),전자책,9791170220 ,여행/취미,2023-03-10
1287,집으로 A LONG WAY HOME,<사루 브리얼리> 저/<정형일> 역,인빅투스,전자책,9791186682 ,소설,2023-03-10
1288,마션,<앤디 위어> 저/<박아람> 역,알에이치코리아(RHK),전자책,9788925580 ,소설,2023-03-10
1289,살면서 쉬웠던 날은 단 하루도 없었다,<박광수> 저,예담,전자책,9788959139 ,시/에세이,2023-03-10
1290,골목길에서 자본주의의 대안을 찾다,<히라카와 가쓰미> 저/<장은주> 역,가나출판사,전자책,9788957367 ,경제경영,2023-03-10
1291,곁에 두고 읽는 니체,<사이토 다카시> 저/<이정은> 역,홍익출판사,전자책,9788970654 ,인문/역사,2023-03-10
1292,내가 혼자 여행하는 이유,<카트린 지타> 저/<박성원> 역,걷는나무,전자책,9788901205 ,시/에세이,2023-03-10
1293,리콴유가 말하다,"<그래엄 앨리슨>,<로버트 블랙윌> 공저/<석동연> 번역및감수",행복에너지,전자책,9791156022 ,정치/사회,2023-03-10
1294,나는 더 이상 여행을 미루지 않기로 했다,<정은길> 저,다산3.0,전자책,9791130606 ,여행/취미,2023-03-10
1295,니콜라 테슬라 평전,<W.버나드 칼슨> 저/<박인용> 역,반니,전자책,9791185435 ,시/에세이,2023-03-10
1296,파리의 생활 좌파들,<목수정> 저,생각정원,전자책,9791190000000 ,정치/사회,2023-03-10
1297,나쁜 회사에는 우리 우유를 팔지 않겠습니다,<알레산드로 가티 글/줄리아 사그라몰라 그림/김현주 역> 저,책속물고기,전자책,9788994621 ,유아,2023-03-10
1298,7번 읽기 공부 실천법,<야마구치 마유> 저/<이아랑> 역,한국경제신문사(한경비피),전자책,9788947592 ,자기계발,2023-03-10
1299,혼자 있는 시간의 힘,<사이토 다카시> 저/<장은주> 역,위즈덤하우스,전자책,9788960868 ,자기계발,2023-03-10
1300,평범한 월급쟁이 월세 1000만 원 받는 슈퍼직장인들,<황준석> 저,나비의활주로,전자책,9788997234 ,경제경영,2023-03-10
1301,나는 떠났다 그리고 자유를 배웠다,<마이케 빈네무트> 저/<배명자> 역,북라이프,전자책,9791185459 ,시/에세이,2023-03-10
1302,괴짜처럼 생각하라,"<스티븐 레빗>,<스티븐 더브너> 공저/<안진환> 역",웅진지식하우스,전자책,없음,경제경영,2023-03-10
1303,이어령의 가위바위보 문명론,<이어령> 저,마로니에북스,전자책,없음,인문/역사,2023-03-10
1304,세상을 바꾼 질문들,<김경민> 저,을유문화사,전자책,9788932420 ,인문/역사,2023-03-10
1305,글자전쟁,<김진명> 저,새움,전자책,9791186340 ,소설,2023-03-10
1306,화폐의 몰락,<제임스 리카즈> 저/<최지희> 역,율리시즈,전자책,9788998229 ,경제경영,2023-03-10
1307,나는 예술가로 살기로 했다,<에릭 메이젤> 저/<안종설> 역,심플라이프,전자책,9791186757 ,자기계발,2023-03-10
1308,나를 만나는 시간,<이주향> 저,사우,전자책,9791195286 ,자기계발,2023-03-10
1309,당일치기 총알여행,<신익수> 저,생각정거장,전자책,9791155423 ,여행/취미,2023-03-10
1310,언어로 세운 집,<이어령> 저,arte(아르테),전자책,9788950961 ,시/에세이,2023-03-10
1311,크리에이터 코드,<에이미 윌킨슨> 저/<김고명> 역,비즈니스북스,전자책,9788997575 ,경제경영,2023-03-10
1312,결혼보다 월세,<성선화> 저,다산3.0,전자책,9791130606 ,경제경영,2023-03-10
1313,회사에서 꼭 필요한 최소한의 숫자력,<고미야 가즈요시> 저/<정윤아> 역,비전코리아,전자책,9791157710 ,경제경영,2023-03-10
1314,곁에 두고 읽는 서양철학사,<오가와 히토시> 저/<황소연> 역,다산에듀,전자책,9791130606 ,인문/역사,2023-03-10
1315,최고의 리더는 사람에 집중한다,<수전 파울러> 저/<박영준> 역,가나출판사,전자책,9788957367 ,경제경영,2023-03-10
1316,허균과 사라진 글벗,<김해등> 글/<문월> 그림,개암나무,전자책,9788968302 ,유아,2023-03-10
1317,나는 더 강해질 필요가 있다,<김병준> 저,예문,전자책,9788956592 ,자기계발,2023-03-10
1318,최진기의 지금 당장 경제학,<최진기> 저,스마트북스,전자책,9791185541 ,경제경영,2023-03-10
1319,박종훈의 대담한 경제,<박종훈> 저,21세기북스,전자책,9788950961 ,경제경영,2023-03-10
1320,"유럽의 첫 번째 태양, 스페인","<서희석>,<호세 안토니오 팔마> 공저",을유문화사,전자책,9788932420 ,인문/역사,2023-03-10
1321,커져버린 사소한 거짓말,<리안 모리아티> 저/<김소정> 역,마시멜로,전자책,9788947592 ,소설,2023-03-10
1322,중국어로 승부하라,<문정아> 저,미래의창,전자책,9788959893 ,국어/외국어,2023-03-10
1323,책 먹는 법,<김이경> 저,유유,전자책,9791185221 ,인문/역사,2023-03-10
1324,엄마의 말 공부 2,<이임숙> 저,카시오페아,전자책,9791185952 ,가정/생활/요리,2023-03-10
1325,마음에 지지않는 용기,<김이율> 저,레몬북스,전자책,9791185257 ,자기계발,2023-03-10
1326,일독일행 독서법,<유근용> 저,북로그컴퍼니,전자책,없음,자기계발,2023-03-10
1327,회사에서 끝까지 살아남는 대화법,<전용은> 저,보랏빛소,전자책,9791186325 ,자기계발,2023-03-10
1328,모바일 트렌드 2016,<커넥팅랩> 저,미래의창,전자책,9788959893 ,경제경영,2023-03-10
1329,너의 영어를 고급지게 만들어줄 10일완성 원어민이 쓰는 진짜 영어,<김은주> 저,히얼앤나우,전자책,9791195637 ,국어/외국어,2023-03-10
1330,넌 (안) 작아,<강소연> 글/<크리스토퍼 와이엔트> 그림/<김경연> 역,풀빛,전자책,9788974744 ,유아,2023-03-10
1331,삶은 어떻게 예술이 되는가,<김형수> 저,아시아,전자책,9791156621 ,인문/역사,2023-03-10
1332,트렌드 코리아 2016,"<김난도>,<전미영>,<이향은>,<이준영>,<김서영>,<최지혜> 공저",미래의창,전자책,9788959893 ,경제경영,2023-03-10
1333,인문학 습관,<윤소정> 저,다산초당,전자책,9791130606 ,인문/역사,2023-03-10
1334,빅 픽처 2016,"<김윤이>,<김대식>,<박재준>,<송경희>,<신원용>,<유혜영>,<이보인>,<이상현>,<이재연>,<이효석>,<임동균>,<하은희> 공저",생각정원,전자책,9791185035 ,경제경영,2023-03-10
1335,가슴에 바로 전달되는 아들러식 대화법,<도다 구미> 저/<이와이 도시노리> 감수/<이정환> 역,나무생각,전자책,9791186688 ,자기계발,2023-03-10
1336,사축일기,<강백수> 저,꼼지락,전자책,9788954431 ,시/에세이,2023-03-10
1337,협상의 신,<최철규> 저,한국경제신문사(한경비피),전자책,9788947592 ,자기계발,2023-03-10
1338,트렌드 에듀 2016,<이병훈교육연구소> 저,다산에듀,전자책,9791130606 ,정치/사회,2023-03-10
1339,오일의 공포,"<손지우>,<이종헌> 공저",프리이코노미북스,전자책,9788963742 ,경제경영,2023-03-10
1340,내일도 사랑을 할 딸에게,<유인경> 저,위즈덤경향,전자책,9791185688 ,자기계발,2023-03-10
1341,인생에서 공부가 필요한 순간,<톨스토이> 저/<이경아> 역,조화로운삶,전자책,9788992378 ,자기계발,2023-03-10
1342,서민적 글쓰기,<서민> 저,생각정원,전자책,9791185035 ,인문/역사,2023-03-10
1343,세상물정의 경제학,"<스티븐 레빗>,<스티븐 더브너> 공저/<한채원> 역/<류동민> 감수",위즈덤하우스,전자책,9788960868 ,경제경영,2023-03-10
1344,"워렌 버핏의 위대한 동업자, 찰리 멍거",<트렌 그리핀> 저/<홍유숙> 역/<임정호> 감수,처음북스(CheomBooks),전자책,9791170220 ,경제경영,2023-03-10
1345,나는 단순하게 살기로 했다,<사사키 후미오> 저/<김윤경> 역,비즈니스북스,전자책,9791186805 ,자기계발,2023-03-10
1346,버니 샌더스의 모든 것,<버니 샌더스> 저/<이영> 역,북로그컴퍼니,전자책,9788994197 ,정치/사회,2023-03-10
1347,나답게 살 용기,<기시미 이치로> 저/<오근영> 역,알에이치코리아(RHK),전자책,9788925581 ,인문/역사,2023-03-10
1348,처음 베이징에 가는 사람이 가장 알고 싶은 것들,<하경아> 저,원앤원스타일,전자책,9788960608 ,여행/취미,2023-03-10
1349,처음 크로아티아에 가는 사람이 가장 알고 싶은 것들,<윤우석> 저,원앤원스타일,전자책,9788960607 ,여행/취미,2023-03-10
1350,메모 습관의 힘,<신정철> 저,토네이도,전자책,9791158510 ,자기계발,2023-03-10
1351,찰칵! 내 삶의 퍼즐 조각,<마리 콜로> 글/<박나리> 역,책속물고기,전자책,9791186670 ,유아,2023-03-10
1352,15소년 안전 표류기,<강승임> 글/<허지영> 그림/<허억> 감수,책속물고기,전자책,9791186670 ,유아,2023-03-10
1353,여자는 무엇으로 사는가,"<이경제>,<양재진> 공저",세종서적,전자책,9788984075 ,자기계발,2023-03-10
1354,책사들의 설득력,<김옥림> 저,팬덤북스,전자책,9791186404 ,자기계발,2023-03-10
1355,가끔은 격하게 외로워야 한다,<김정운> 저,21세기북스,전자책,9788950962 ,자기계발,2023-03-10
1356,대한민국 자영업 트렌드 2016,<허건> 저,미래의창,전자책,9788959893 ,경제경영,2023-03-10
1357,왜 분노해야 하는가 CAPITALISM IN KOREA Ⅱ,<장하성> 저,헤이북스,전자책,9791195316 ,정치/사회,2023-03-10
1358,어떻게 읽을 것인가,<고영성> 저,스마트북스,전자책,9791185541 ,인문/역사,2023-03-10
1359,부자가 되는 정리의 힘,<윤선현> 저,위즈덤하우스,전자책,9788960868 ,자기계발,2023-03-10
1360,신경 쓰지 않는 연습,<나토리 호겐> 저/<이정환> 역,세종서적,전자책,9788984075 ,자기계발,2023-03-10
1361,인공지능과 딥러닝,<마쓰오 유타카> 저/<박기원> 역/<엄태웅> 감수,동아엠앤비,전자책,9791186008 ,정치/사회,2023-03-10
1362,마음을 실험하다,<강사월> 저/<민아원> 그림,슬로래빗,전자책,9791186494 ,인문/역사,2023-03-10
1363,위대한 탈출,"<앵거스 디턴> 저/<김민주> 감수/<이현정>,<최윤희> 공역",한국경제신문사(한경비피),전자책,9788947592 ,경제경영,2023-03-10
1364,마음의 감기,<루이제 레더만> 저/<박성원> 역,율리시즈,전자책,9788998229 ,인문/역사,2023-03-10
1365,혼자가 편한 사람들,<도리스 메르틴> 저/<강희진> 역,비전코리아,전자책,9791157710 ,인문/역사,2023-03-10
1366,시민의 교양,<채사장> 저,웨일북,전자책,9791190000000 ,인문/역사,2023-03-10
1367,일본 엄마의 힘,<안민정> 저,황소북스,전자책,9788997092 ,가정/생활/요리,2023-03-10
1368,돈에서 자유로워지는 시간,<고득성> 저,다산북스,전자책,9791130607 ,경제경영,2023-03-10
1369,화재감시원,"<코니 윌리스> 저/<김세경>,<정준호>,<최세진>,<최용준> 공역",아작(디자인콤마),전자책,9791195628 ,소설,2023-03-10
1370,똑똑한 사람들의 멍청한 선택,<리처드 탈러> 저/<박세연> 역,리더스북,전자책,9788901206 ,경제경영,2023-03-10
1371,2016 대한민국 부동산 트렌드,<조선일보 산업1부 부동산> 저,북클라우드,전자책,9791158460 ,경제경영,2023-03-10
1372,영어 울렁증 극복 프로젝트 A,<신윤석> 저,붐북,전자책,9791185252 ,국어/외국어,2023-03-10
1373,부동산의 보이지 않는 진실,"<이재범>,<김영기> 공저",프레너미,전자책,9791195612 ,경제경영,2023-03-10
1374,엄마와 보내는 마지막 시간 14일,<리사 고이치> 저/<김미란> 역,가나출판사,전자책,9788957367 ,시/에세이,2023-03-10
1375,연금부자들,<이영주> 저,새로운제안,전자책,9788955334 ,경제경영,2023-03-10
1376,왜 나는 중국을 공부하는가,<김만기> 저,다산북스,전자책,9791130607 ,정치/사회,2023-03-10
1377,여행자의 인문학,<문갑식> 저,다산3.0,전자책,9791130607 ,인문/역사,2023-03-10
1378,돌이 낳은 아이,<이화연> 글/<박영> 그림,하늘마음,전자책,9791195710 ,유아,2023-03-10
1379,데일 카네기의 인간관계론,<데일 카네기> 저/<바른번역> 역,코너스톤(도서),전자책,9791187011 ,자기계발,2023-03-10
1380,숫자가 된 사람들,<형제복지원구술프로젝트> 저,오월의봄,전자책,9788997889 ,정치/사회,2023-03-10
1381,책의 힘,<오사와 마사치> 저,오월의봄,전자책,9788997889 ,인문/역사,2023-03-10
1382,숨은 노동 찾기,"<최규화>,<정윤영>,<신정임> 공저/<송기역> 기획",오월의봄,전자책,9788997889 ,정치/사회,2023-03-10
1383,경계의 종말,"<딜로이트 안진회계법인>,<딜로이트 컨설팅> 공저",원앤원북스,전자책,9788960608 ,경제경영,2023-03-10
1384,소통,"<존 스튜어트>,<캐런 제디커>,<사스키아 비테본> 공저/<서현석>,<김윤옥>,<임택균> 공역",커뮤니케이션북스,전자책,9791130440 ,자기계발,2023-03-10
1385,시험공부 A to Z,<마르틴 크렝엘> 저/<염정용> 역,로그아웃,전자책,9791187149 ,자기계발,2023-03-10
1386,거꾸로 가는 시계,<신정민> 저,돌멩이,전자책,9791185789 ,유아,2023-03-10
1387,큐브 영문법,<박조셉> 저,조셉출판사,전자책,9791195665 ,국어/외국어,2023-03-10
1388,"청년, 난민 되다",<미스핏츠> 저,코난북스,전자책,9791185221 ,정치/사회,2023-03-10
1389,경찰의 민낯,<장신중> 저,좋은땅,전자책,9791187088 ,정치/사회,2023-03-10
1390,Flower Children - 빈티지 영어 그림책 01,<엘리자베스 고든> 저,북테라스,전자책,9791186883 ,아동,2023-03-10
1391,Tasty Books and Untasty Books,<Joengmin Shin> 저,돌멩이,전자책,9791185789 ,아동,2023-03-10
1392,가짜부모 진짜부모,<옥복녀> 저,행복에너지,전자책,9791186673 ,가정/생활/요리,2023-03-10
1393,한 번쯤 이탈리아,<이혜린> 저,스토리터치,전자책,9791186515 ,여행/취미,2023-03-10
1394,안중근 전기,<안중근> 저,씨익북스,전자책,9791187181 ,시/에세이,2023-03-10
1395,너니까 가능한거야,<이봉우> 저,더플래닛,전자책,9788967913 ,자기계발,2023-03-10
1396,프랑스 여자는 늙지 않는다,<미레유 길리아노> 저/<박미경> 역,흐름출판,전자책,9788965961 ,자기계발,2023-03-10
1397,적정 소비 생활,<박미정> 저,씨네21북스,전자책,9788984319 ,경제경영,2023-03-10
1398,처음 오키나와에 가는 사람이 가장 알고 싶은 것들,<남기성> 저,원앤원스타일,전자책,9788960608 ,여행/취미,2023-03-10
1399,하늘과 바람과 별과 시 (한글판+영문판),<윤동주> 저/<양승갑> 역,더클래식,전자책,9791159030 ,시/에세이,2023-03-10
1400,나는 왜 시간이 늘 모자랄까?,<테론 Q. 듀몬트> 저/<한진욱> 역,팬덤북스,전자책,9791186404 ,자기계발,2023-03-10
1401,2030 대담한 도전,<최윤식> 저,지식노마드,전자책,9788993322 ,경제경영,2023-03-10
1402,환율의 미래,<홍춘욱> 저,에이지21,전자책,9788998342 ,경제경영,2023-03-10
1403,처음 도쿄에 가는 사람이 가장 알고 싶은 것들,<남기성> 저,원앤원스타일,전자책,9788960607 ,여행/취미,2023-03-10
1404,처음 홍콩에 가는 사람이 가장 알고 싶은 것들,<김인현> 저,원앤원스타일,전자책,9788960607 ,여행/취미,2023-03-10
1405,처음 싱가포르에 가는 사람이 가장 알고 싶은 것들,<남기성> 저,원앤원스타일,전자책,9788960607 ,여행/취미,2023-03-10
1406,리딩,"<알렉스 퍼거슨>,<마이클 모리츠> 공저/<박세연>,<조철웅> 공역",알에이치코리아(RHK),전자책,9788925581 ,자기계발,2023-03-10
1407,내가 대화하는 이유,<사이토 다카시> 저/<문기업> 역,알에이치코리아(RHK),전자책,9788925581 ,자기계발,2023-03-10
1408,몸처럼 마음도 목욕하고 싶다,<김우표> 저,네오딕,전자책,9791186207 ,아동,2023-03-10
1409,가면사축,<고다마 아유무> 저/<김윤수> 역,가나출판사,전자책,9788957367 ,경제경영,2023-03-10
1410,"조선의 딸, 총을 들다",<정운현> 저,인문서원,전자책,9791186542 ,시/에세이,2023-03-10
1411,노후 걱정 없는 우리 집,"<백정선>,< 김의수 공저> 저",덴스토리(DENSTORY),전자책,9791185716 ,경제경영,2023-03-10
1412,게스트하우스 France,<민혜련> 저,홍익출판사,전자책,9788970655 ,여행/취미,2023-03-10
1413,말하지 않고 이기는 법,<이시다 겐이치> 저/<정혜주> 역,동양북스(동양books),전자책,9791157031 ,자기계발,2023-03-10
1414,"청구야담, 조선에 핀 오백 년 이야기꽃 1",<황의웅> 저,돌도래,전자책,9791158570 ,소설,2023-03-10
1415,처음 페루에 가는 사람이 가장 알고 싶은 것들,<남기성> 저,원앤원스타일,전자책,9788960608 ,여행/취미,2023-03-10
1416,"면접, 나만의 스토리로 승부하라",<임유정> 저,원앤원북스,전자책,9788960609 ,자기계발,2023-03-10
1417,아파트 제대로 고르는 법,<심형석> 저,한국경제신문사(한경비피),전자책,9788947593 ,경제경영,2023-03-10
1418,무엇을 버릴 것인가,<유필화> 저,비즈니스북스,전자책,9791186805 ,경제경영,2023-03-10
1419,밤의 파수꾼,<켄 브루언> 저/<최필원> 역,알에이치코리아(RHK),전자책,9788925581 ,소설,2023-03-10
1420,기획의 정석 실전편,"<박신영>,<최미라> 공저",세종서적,전자책,9788984075 ,경제경영,2023-03-10
1421,탄탄한 논리력,<브랜던 로열> 저/<정미화> 역,카시오페아,전자책,9791185952 ,인문/역사,2023-03-10
1422,지적 대화를 위한 심리학 백과사전,<이현성> 편저,스타북스,전자책,9791157951 ,인문/역사,2023-03-10
1423,고양이를 사랑하는 법,<박선희> 저,나무옆의자,전자책,9791186748 ,소설,2023-03-10
1424,시끄러운 원숭이 잠재우기,<아잔 브라흐마> 저/<각산> 편,나무옆의자,전자책,9791195500 ,시/에세이,2023-03-10
1425,백 번의 소개팅과 다섯 번의 퇴사,<규영> 저,나무옆의자,전자책,9791186748 ,소설,2023-03-10
1426,아들이 있는 풍경,<이혜리> 저/<노은미> 역,디오네,전자책,9791157743 ,시/에세이,2023-03-10
1427,초보자을 위한 부동산경매 100% 실전 대비 권리분석,<강희만> 저,부동산넷,전자책,9788991868 ,경제경영,2023-03-10
1428,1일 1줄 돈 버는 습관,<아마노 반> 저/<양필성> 역,위즈덤하우스,전자책,9788960869 ,경제경영,2023-03-10
1429,돈만 모으는 여자는 위험하다,<정은길> 저,위즈덤하우스,전자책,9788960869 ,경제경영,2023-03-10
1430,영어 울렁증 극복 프로젝트 B,<신윤석> 저,붐북,전자책,9791185252 ,국어/외국어,2023-03-10
1431,1인 가구 전성시대,<21세기 트렌드 연구소> 저,u-paper(유페이퍼),전자책,없음,경제경영,2023-03-10
1432,왜 우리는 집단에서 바보가 되었는가,<군터 뒤크> 저/<김희상> 역,비즈페이퍼,전자책,9791159310 ,경제경영,2023-03-10
1433,맞벌이 부자들,<김경필> 저,다산북스,전자책,9791130607 ,경제경영,2023-03-10
1434,"청구야담, 조선에 핀 오백 년 이야기꽃 2",<황의웅> 저,돌도래,전자책,9791158570 ,소설,2023-03-10
1435,어린이를 위한 하버드 새벽 4시 반,"<웨이슈잉>,<웨이펑롄> 글/<박링고> 그림/<이지희> 역",세종주니어,전자책,9788984079 ,아동,2023-03-10
1436,모자,강경애,디앤피니티,전자책,없음,소설,2023-03-10
1437,가야신화,작가미상,디앤피니티,전자책,없음,소설,2023-03-10
1438,꿀벌의 마음,고한승,디앤피니티,전자책,없음,소설,2023-03-10
1439,까마귀와 공작새,고한승,디앤피니티,전자책,없음,소설,2023-03-10
1440,경설,이규보,디앤피니티,전자책,없음,소설,2023-03-10
1441,지붕 밑의 신추(新秋),강노향,디앤피니티,전자책,없음,소설,2023-03-10
1442,표모의 마음,강경애,디앤피니티,전자책,없음,소설,2023-03-10
1443,축구전(蹴球戰),강경애,디앤피니티,전자책,없음,소설,2023-03-10
1444,이역의 달밤,강경애,디앤피니티,전자책,없음,소설,2023-03-10
1445,월사금,강경애,디앤피니티,전자책,없음,소설,2023-03-10
1446,숲 속의 농부,강경애,디앤피니티,전자책,없음,소설,2023-03-10
1447,소금,강경애,디앤피니티,전자책,없음,소설,2023-03-10
1448,백범일지(白凡逸志),김구,디앤피니티,전자책,없음,소설,2023-03-10
1449,기이아,정약용,디앤피니티,전자책,없음,소설,2023-03-10
1450,동결(凍結),권환,디앤피니티,전자책,없음,소설,2023-03-10
1451,경주행(慶州行),권덕규,디앤피니티,전자책,없음,소설,2023-03-10
1452,국선생전,이규보,디앤피니티,전자책,없음,소설,2023-03-10
1453,공방전,임춘,디앤피니티,전자책,없음,소설,2023-03-10
1454,무사와 공주,고한승,디앤피니티,전자책,없음,소설,2023-03-10
1455,내 힘껏 했다,고한승,디앤피니티,전자책,없음,소설,2023-03-10
1456,길 우에서,김남천,디앤피니티,전자책,없음,소설,2023-03-10
1457,그 림,김남천,디앤피니티,전자책,없음,소설,2023-03-10
1458,개화풍경(開化風景),김남천,디앤피니티,전자책,없음,소설,2023-03-10
1459,광문자전,박지원,디앤피니티,전자책,없음,소설,2023-03-10
1460,붉은 쥐,권환,디앤피니티,전자책,없음,소설,2023-03-10
1461,철도연선(鐵道沿線),김기림,디앤피니티,전자책,없음,소설,2023-03-10
1462,천국에서 왔다는 사나이,김기림,디앤피니티,전자책,없음,소설,2023-03-10
1463,비 지,김기림,디앤피니티,전자책,없음,소설,2023-03-10
1464,번영기(繁榮記),김기림,디앤피니티,전자책,없음,소설,2023-03-10
1465,기상도(氣象圖),김기림,디앤피니티,전자책,없음,소설,2023-03-10
1466,잃어진 소리-산창만화(山窓漫話),김상용,디앤피니티,전자책,없음,소설,2023-03-10
1467,완구(玩具),김북원,디앤피니티,전자책,없음,소설,2023-03-10
1468,의문의 소녀,김명순(金明淳),디앤피니티,전자책,없음,소설,2023-03-10
1469,구운몽,김만중,디앤피니티,전자책,없음,소설,2023-03-10
1470,홍수,김만선,디앤피니티,전자책,없음,소설,2023-03-10
1471,압록강,김만선,디앤피니티,전자책,없음,소설,2023-03-10
1472,좌평(佐平) 성충(成忠),김동인,디앤피니티,전자책,없음,소설,2023-03-10
1473,음악 공부,김동인,디앤피니티,전자책,없음,소설,2023-03-10
1474,붉은 산,김동인,디앤피니티,전자책,없음,소설,2023-03-10
1475,김연실전,김동인,디앤피니티,전자책,없음,소설,2023-03-10
1476,광염소나타,김동인,디앤피니티,전자책,없음,소설,2023-03-10
1477,견훤(甄萱),김동인,디앤피니티,전자책,없음,소설,2023-03-10
1478,감 자,김동인,디앤피니티,전자책,없음,소설,2023-03-10
1479,무심(無心),김대봉,디앤피니티,전자책,없음,소설,2023-03-10
1480,소년행(少年行),김남천,디앤피니티,전자책,없음,소설,2023-03-10
1481,물,김남천,디앤피니티,전자책,없음,소설,2023-03-10
1482,대중관리,김남천,디앤피니티,전자책,없음,소설,2023-03-10
1483,누나의 사건,김남천,디앤피니티,전자책,없음,소설,2023-03-10
1484,노고지리 우지진다,김남천,디앤피니티,전자책,없음,소설,2023-03-10
1485,남매,김남천,디앤피니티,전자책,없음,소설,2023-03-10
1486,여 이발사,나도향,디앤피니티,전자책,없음,소설,2023-03-10
1487,물레방아,나도향,디앤피니티,전자책,없음,소설,2023-03-10
1488,추풍령,김철수,디앤피니티,전자책,없음,소설,2023-03-10
1489,아 내,김유정,디앤피니티,전자책,없음,소설,2023-03-10
1490,총각과 맹꽁이,김유정,디앤피니티,전자책,없음,소설,2023-03-10
1491,옥 토끼,김유정,디앤피니티,전자책,없음,소설,2023-03-10
1492,슬픈 이야기,김유정,디앤피니티,전자책,없음,소설,2023-03-10
1493,산골,김유정,디앤피니티,전자책,없음,소설,2023-03-10
1494,산골 나그네,김유정,디앤피니티,전자책,없음,소설,2023-03-10
1495,봄 봄,김유정,디앤피니티,전자책,없음,소설,2023-03-10
1496,봄 밤,김유정,디앤피니티,전자책,없음,소설,2023-03-10
1497,만무방,김유정,디앤피니티,전자책,없음,소설,2023-03-10
1498,땡볕,김유정,디앤피니티,전자책,없음,소설,2023-03-10
1499,따라지,김유정,디앤피니티,전자책,없음,소설,2023-03-10
1500,두꺼비,김유정,디앤피니티,전자책,없음,소설,2023-03-10
1501,동백꽃,김유정,디앤피니티,전자책,없음,소설,2023-03-10
1502,노다지,김유정,디앤피니티,전자책,없음,소설,2023-03-10
1503,산돼지,김우진,디앤피니티,전자책,없음,소설,2023-03-10
1504,난파(難破),김우진,디앤피니티,전자책,없음,소설,2023-03-10
1505,형제(兄弟),김영석,디앤피니티,전자책,없음,소설,2023-03-10
1506,하복(夏服),김영석,디앤피니티,전자책,없음,소설,2023-03-10
1507,이춘풍전,김영석,디앤피니티,전자책,없음,소설,2023-03-10
1508,진달래꽃,김소월,디앤피니티,전자책,없음,소설,2023-03-10
1509,시,김소월,디앤피니티,전자책,없음,소설,2023-03-10
1510,맘에 속의 사랑,김소월,디앤피니티,전자책,없음,소설,2023-03-10
1511,한교기(閑郊記),김소엽,디앤피니티,전자책,없음,소설,2023-03-10
1512,청류,김소엽,디앤피니티,전자책,없음,소설,2023-03-10
1513,양(楊)서방,김소엽,디앤피니티,전자책,없음,소설,2023-03-10
1514,서 울,김소엽,디앤피니티,전자책,없음,소설,2023-03-10
1515,그늘 밑에서,김소엽,디앤피니티,전자책,없음,소설,2023-03-10
1516,김경,이광수,디앤피니티,전자책,없음,소설,2023-03-10
1517,마권,유항림,디앤피니티,전자책,없음,소설,2023-03-10
1518,구구,유항림,디앤피니티,전자책,없음,소설,2023-03-10
1519,예덕선생전,박지원,디앤피니티,전자책,없음,소설,2023-03-10
1520,안개속의 춘삼이,엄흥섭,디앤피니티,전자책,없음,소설,2023-03-10
1521,숭어,엄흥섭,디앤피니티,전자책,없음,소설,2023-03-10
1522,번견 탈출기,엄흥섭,디앤피니티,전자책,없음,소설,2023-03-10
1523,길,엄흥섭,디앤피니티,전자책,없음,소설,2023-03-10
1524,폭풍의 역사,안회남,디앤피니티,전자책,없음,소설,2023-03-10
1525,우울,안회남,디앤피니티,전자책,없음,소설,2023-03-10
1526,불,안회남,디앤피니티,전자책,없음,소설,2023-03-10
1527,금수회의록(禽獸會議錄),안국선,디앤피니티,전자책,없음,소설,2023-03-10
1528,아버지,송영,디앤피니티,전자책,없음,소설,2023-03-10
1529,숙수치마,송영,디앤피니티,전자책,없음,소설,2023-03-10
1530,솜틀거리에서 나온 소식,송영,디앤피니티,전자책,없음,소설,2023-03-10
1531,석공조합 대표,송영,디앤피니티,전자책,없음,소설,2023-03-10
1532,늘어가는 무리,송영,디앤피니티,전자책,없음,소설,2023-03-10
1533,군중정류,송영,디앤피니티,전자책,없음,소설,2023-03-10
1534,제비,박태원,디앤피니티,전자책,없음,소설,2023-03-10
1535,오월의 훈풍,박태원,디앤피니티,전자책,없음,소설,2023-03-10
1536,소설가 구보씨의 일일,박태원,디앤피니티,전자책,없음,소설,2023-03-10
1537,일야구도하기,박지원,디앤피니티,전자책,없음,소설,2023-03-10
1538,춘보(春甫)의 득실,박노갑,디앤피니티,전자책,없음,소설,2023-03-10
1539,사 십 년,박노갑,디앤피니티,전자책,없음,소설,2023-03-10
1540,무가,박노갑,디앤피니티,전자책,없음,소설,2023-03-10
1541,동편제 흥보가(상),작가미상,디앤피니티,전자책,없음,소설,2023-03-10
1542,동편제 수궁가(水宮歌),작가미상,디앤피니티,전자책,없음,소설,2023-03-10
1543,동명왕편,이규보,디앤피니티,전자책,없음,소설,2023-03-10
1544,남궁선생전,허균,디앤피니티,전자책,없음,소설,2023-03-10
1545,지형근,나도향,디앤피니티,전자책,없음,소설,2023-03-10
1546,경기도-팔도총론,이중환,디앤피니티,전자책,없음,소설,2023-03-10
1547,강원도-팔도총론,이중환,디앤피니티,전자책,없음,소설,2023-03-10
1548,은세계,이인직,디앤피니티,전자책,없음,소설,2023-03-10
1549,김시습전,이이,디앤피니티,전자책,없음,소설,2023-03-10
1550,황소와 도깨비,이상,디앤피니티,전자책,없음,소설,2023-03-10
1551,환시기(幻視記),이상,디앤피니티,전자책,없음,소설,2023-03-10
1552,종 생 기,이상,디앤피니티,전자책,없음,소설,2023-03-10
1553,이상한 가역반응,이상,디앤피니티,전자책,없음,소설,2023-03-10
1554,오 감 도,이상,디앤피니티,전자책,없음,소설,2023-03-10
1555,얼 굴,이상,디앤피니티,전자책,없음,소설,2023-03-10
1556,약수(藥水),이상,디앤피니티,전자책,없음,소설,2023-03-10
1557,실화(失花),이상,디앤피니티,전자책,없음,소설,2023-03-10
1558,실락원(失樂園),이상,디앤피니티,전자책,없음,소설,2023-03-10
1559,성천기행,이상,디앤피니티,전자책,없음,소설,2023-03-10
1560,봉별기(逢別記),이상,디앤피니티,전자책,없음,소설,2023-03-10
1561,병상 이후(病床以後),이상,디앤피니티,전자책,없음,소설,2023-03-10
1562,단발(斷髮),이상,디앤피니티,전자책,없음,소설,2023-03-10
1563,금홍,이상,디앤피니티,전자책,없음,소설,2023-03-10
1564,권태,이상,디앤피니티,전자책,없음,소설,2023-03-10
1565,EPIGRAM,이상,디앤피니티,전자책,없음,소설,2023-03-10
1566,칠성암,이북명,디앤피니티,전자책,없음,소설,2023-03-10
1567,출근 정지,이북명,디앤피니티,전자책,없음,소설,2023-03-10
1568,질소비료공장,이북명,디앤피니티,전자책,없음,소설,2023-03-10
1569,암모니아 탱크,이북명,디앤피니티,전자책,없음,소설,2023-03-10
1570,민보의 생활표,이북명,디앤피니티,전자책,없음,소설,2023-03-10
1571,댑 싸 리,이북명,디앤피니티,전자책,없음,소설,2023-03-10
1572,탁류속을 가는 박교수,이근영,디앤피니티,전자책,없음,소설,2023-03-10
1573,농 우,이근영,디앤피니티,전자책,없음,소설,2023-03-10
1574,과자상자,이근영,디앤피니티,전자책,없음,소설,2023-03-10
1575,고향 사람들,이근영,디앤피니티,전자책,없음,소설,2023-03-10
1576,전론,정약용,디앤피니티,전자책,없음,소설,2023-03-10
1577,적벽가,작가미상,디앤피니티,전자책,없음,소설,2023-03-10
1578,장끼전(雄雉傳),작가미상,디앤피니티,전자책,없음,소설,2023-03-10
1579,장천용전,정약용,디앤피니티,전자책,없음,소설,2023-03-10
1580,장미 병들다,이효석,디앤피니티,전자책,없음,소설,2023-03-10
1581,오리온과 임금,이효석,디앤피니티,전자책,없음,소설,2023-03-10
1582,수탉,이효석,디앤피니티,전자책,없음,소설,2023-03-10
1583,성수부,이효석,디앤피니티,전자책,없음,소설,2023-03-10
1584,산,이효석,디앤피니티,전자책,없음,소설,2023-03-10
1585,메밀꽃 필 무렵,이효석,디앤피니티,전자책,없음,소설,2023-03-10
1586,돈(豚),이효석,디앤피니티,전자책,없음,소설,2023-03-10
1587,도시와 유령,이효석,디앤피니티,전자책,없음,소설,2023-03-10
1588,노령 근해,이효석,디앤피니티,전자책,없음,소설,2023-03-10
1589,해방전후(解放前後),이태준,디앤피니티,전자책,없음,소설,2023-03-10
1590,패강냉(浿江冷),이태준,디앤피니티,전자책,없음,소설,2023-03-10
1591,장마,이태준,디앤피니티,전자책,없음,소설,2023-03-10
1592,영월영가,이태준,디앤피니티,전자책,없음,소설,2023-03-10
1593,실낙원 이야기,이태준,디앤피니티,전자책,없음,소설,2023-03-10
1594,석양,이태준,디앤피니티,전자책,없음,소설,2023-03-10
1595,바다,이태준,디앤피니티,전자책,없음,소설,2023-03-10
1596,돌다리,이태준,디앤피니티,전자책,없음,소설,2023-03-10
1597,달밤,이태준,디앤피니티,전자책,없음,소설,2023-03-10
1598,농토,이태준,디앤피니티,전자책,없음,소설,2023-03-10
1599,그림자,이태준,디앤피니티,전자책,없음,소설,2023-03-10
1600,가마귀,이태준,디앤피니티,전자책,없음,소설,2023-03-10
1601,사막의 화원,이태준,디앤피니티,전자책,없음,소설,2023-03-10
1602,사냥,이태준,디앤피니티,전자책,없음,소설,2023-03-10
1603,불우 선생,이태준,디앤피니티,전자책,없음,소설,2023-03-10
1604,밤길,이태준,디앤피니티,전자책,없음,소설,2023-03-10
1605,3 월,이태준,디앤피니티,전자책,없음,소설,2023-03-10
1606,결별(訣別),지하련,디앤피니티,전자책,없음,소설,2023-03-10
1607,조침문(弔針文),유씨부인,디앤피니티,전자책,없음,소설,2023-03-10
1608,조신몽 설화,작가미상,디앤피니티,전자책,없음,소설,2023-03-10
1609,低 氣 壓,조명희,디앤피니티,전자책,없음,소설,2023-03-10
1610,아들의 마음,조명희,디앤피니티,전자책,없음,소설,2023-03-10
1611,땅 속으로,조명희,디앤피니티,전자책,없음,소설,2023-03-10
1612,농촌 사람들,조명희,디앤피니티,전자책,없음,소설,2023-03-10
1613,낙동강,조명희,디앤피니티,전자책,없음,소설,2023-03-10
1614,R 군에게,조명희,디앤피니티,전자책,없음,소설,2023-03-10
1615,죽대선생전,정약용,디앤피니티,전자책,없음,소설,2023-03-10
1616,불,현진건,디앤피니티,전자책,없음,소설,2023-03-10
1617,뺑덕이네,홍사용,디앤피니티,전자책,없음,소설,2023-03-10
1618,술 권하는 사회,현진건,디앤피니티,전자책,없음,소설,2023-03-10
1619,탁류,현경준,디앤피니티,전자책,없음,소설,2023-03-10
1620,탁류,허준,디앤피니티,전자책,없음,소설,2023-03-10
1621,습작실에서,허준,디앤피니티,전자책,없음,소설,2023-03-10
1622,(속)습작실에서,허준,디앤피니티,전자책,없음,소설,2023-03-10
1623,홍수,한설야,디앤피니티,전자책,없음,소설,2023-03-10
1624,씨름,한설야,디앤피니티,전자책,없음,소설,2023-03-10
1625,부역,한설야,디앤피니티,전자책,없음,소설,2023-03-10
1626,과도기,한설야,디앤피니티,전자책,없음,소설,2023-03-10
1627,박돌의 죽음,최서해,디앤피니티,전자책,없음,소설,2023-03-10
1628,매월,최서해,디앤피니티,전자책,없음,소설,2023-03-10
1629,기아와 살육,최서해,디앤피니티,전자책,없음,소설,2023-03-10
1630,고국,최서해,디앤피니티,전자책,없음,소설,2023-03-10
1631,갈등,최서해,디앤피니티,전자책,없음,소설,2023-03-10
1632,비오는 길,최명익,디앤피니티,전자책,없음,소설,2023-03-10
1633,무성격자,최명익,디앤피니티,전자책,없음,소설,2023-03-10
1634,미스터 방,채만식,디앤피니티,전자책,없음,소설,2023-03-10
1635,도정(道程),지하련,디앤피니티,전자책,없음,소설,2023-03-10
1636,덕혜옹주,권비영,다산책방,전자책,1130606392 ,소설,2023-03-10
1637,할머니가 미안하다고 전해달랬어요,프레드릭 배크만,다산책방,전자책,1130607887 ,소설,2023-03-10
1638,1등의 통찰,히라이 다카시,다산 3.0,전자책,1130608689 ,경제경영,2023-03-10
1639,"여름, 어디선가 시체가",박연선,놀,전자책,1130608948 ,소설,2023-03-10
1640,트리거(Triggers),마셜 골드스미스,다산북스,전자책,1130609383 ,경제경영,2023-03-10
1641,호르몬 밸런스,네고로 히데유키,스토리3.0,전자책,1130609774 ,건강/의학,2023-03-10
1642,고요한 밤의 눈,박주영,다산책방,전자책,1130609901 ,소설,2023-03-10
1643,외모는 자존감이다,김주미,다산 4.0,전자책,1130610039 ,자기계발,2023-03-10
1644,고양이는 내게 행복하라고 말했다,에두아르도 하우레기,다산책방,전자책,1130610209 ,소설,2023-03-10
1645,강성태 66일 공부법,강성태,다산 4.0,전자책,1130610284 ,청소년,2023-03-10
1646,나는 적금보다 5배 이상 버는 주식투자를 시작했다,손봉석,다산북스,전자책,1130610314 ,경제경영,2023-03-10
1647,"씁니다, 우주일지",신동욱,다산책방,전자책,1130610322 ,소설,2023-03-10
1648,브릿마리 여기 있다,프레드릭 배크만,다산책방,전자책,1130610373 ,소설,2023-03-10
1649,나는 까칠하게 살기로 했다,양창순,다산북스,전자책,1130610454 ,자기계발,2023-03-10
1650,수면 밸런스,한진규,다산 4.0,전자책,1130610756 ,건강/의학,2023-03-10
1651,대논쟁! 철학 배틀,하타케야마 소,다산초당,전자책,1130611043 ,인문/역사,2023-03-10
1652,정약용의 여인들,최문희,다산책방,전자책,113061106X,소설,2023-03-10
1653,센서티브,일자 샌드,다산 3.0,전자책,1130611094 ,인문/역사,2023-03-10
1654,고발,반디,다산책방,전자책,1130611167 ,소설,2023-03-10
1655,운명에서 희망으로,문재인,다산북스,전자책,113061171X,정치/사회,2023-03-10
1656,독서 천재가 된 홍 팀장,강규형,다산북스,전자책,1130612414 ,자기계발,2023-03-10
1657,시대의 소음,줄리언 반스,다산책방,전자책,1130612481 ,소설,2023-03-10
1658,오늘부터 미니멀라이프,미쉘,즐거운상상,전자책,115536046X,가정/생활/요리,2023-03-10
1659,궁극의 미니멀라이프,아즈마 가나코,즐거운상상,전자책,1155360508 ,자기계발,2023-03-10
1660,일본 게스트하우스 100,마에다 유카리,즐거운상상,전자책,1155360583 ,여행/취미,2023-03-10
1661,"얼굴, 사람과 역사를 기록하다",배한철,생각정거장,전자책,1155425464 ,인문/역사,2023-03-10
1662,죽여 마땅한 사람들,피터 스완슨,푸른숲,전자책,1156756553 ,소설,2023-03-10
1663,엄마는 내가 죽었으면 좋겠다고 말했다,마틴 피스토리우스,푸른숲,전자책,1156756847 ,시/에세이,2023-03-10
1664,14세까지 공부하는 뇌를 만들어라,김미현,메디치미디어,전자책,1157060706 ,가정/생활/요리,2023-03-10
1665,무의식을 지배하는 사람 무의식에 지배당하는 사람,구스도 후토시,동양북스,전자책,1157682502 ,자기계발,2023-03-10
1666,소문난 반찬가게 인기 레시피,채움반찬,비타북스,전자책,1158461267 ,가정/생활/요리,2023-03-10
1667,타이탄의 도구들,팀 페리스,토네이도,전자책,1158510616 ,자기계발,2023-03-10
1668,나는 너를 본다,클레어 맥킨토시,나무의철학,전자책,1158510624 ,소설,2023-03-10
1669,나는 어떻게 너를 잃었는가,제니 블랙허스트,나무의철학,전자책,1158510667 ,소설,2023-03-10
1670,데미안,헤르만 헤세,더스토리,전자책,115903107X,소설,2023-03-10
1671,엘리트 마인드,스탠 비첨,비즈페이퍼,전자책,1159311137 ,자기계발,2023-03-10
1672,밤과 노래,장연정,인디고(글담),전자책,1159350159 ,시/에세이,2023-03-10
1673,엘 카미노 레알 위에서,백주호,좋은땅,전자책,1159827958 ,종교,2023-03-10
1674,아내를 모자로 착각한 남자,올리버 색스,알마,전자책,1159920257 ,과학/공학,2023-03-10
1675,직장인을 위한 고민처방전,전재영,원앤원북스,전자책,1160020655 ,자기계발,2023-03-10
1676,인생의 발견,시어도어 젤딘,어크로스,전자책,1160560064 ,인문/역사,2023-03-10
1677,실패를 모르는 멋진 문장들,금정연,어크로스,전자책,116056017X,인문/역사,2023-03-10
1678,백년무릎,도야 히데오,로그인,전자책,1160571309 ,건강/의학,2023-03-10
1679,심용환의 역사 토크,심용환,휴머니스트,전자책,1160800073 ,인문/역사,2023-03-10
1680,의심의 철학,이진우,휴머니스트,전자책,1160800251 ,인문/역사,2023-03-10
1681,독서 8년,황희철,차이정원,전자책,1185035575 ,인문/역사,2023-03-10
1682,"군함도, 끝나지 않은 전쟁",민족문제연구소 (기획),생각정원,전자책,1185035850 ,인문/역사,2023-03-10
1683,적게 벌어도 잘사는 노후 50년,황희철,차이정원,전자책,1185035907 ,경제경영,2023-03-10
1684,6가지 생각의 기술,김영식,베이직북스,전자책,1185160469 ,자기계발,2023-03-10
1685,지지 않는 대화,다카하시 겐타로,라이스메이커,전자책,1185392203 ,자기계발,2023-03-10
1686,나는 하지 않기로 결심했다,이구치 아키라,생각의날개,전자책,1185428259 ,자기계발,2023-03-10
1687,모든 요일의 여행,김민철,북라이프,전자책,1185459529 ,시/에세이,2023-03-10
1688,병의 90%는 걷기만 해도 낫는다,나가오 가즈히로,북라이프,전자책,118545957X,건강/의학,2023-03-10
1689,나는 착한 딸을 그만두기로 했다,아사쿠라 마유미,북라이프,전자책,1185459677 ,인문/역사,2023-03-10
1690,그녀가 달리는 완벽한 방법,카트리나 멘지스 파이크,북라이프,전자책,1185459766 ,정치/사회,2023-03-10
1691,최진기의 교실밖 인문학,최진기,스마트북스,전자책,1185541322 ,인문/역사,2023-03-10
1692,부모공부,고영성,스마트북스,전자책,1185541381 ,가정/생활/요리,2023-03-10
1693,그녀의 창업을 응원해,정민정,스마트북스,전자책,1185541543 ,경제경영,2023-03-10
1694,수컷들의 육아분투기,이나가키 히데히로,윌컴퍼니,전자책,1185676384 ,과학/공학,2023-03-10
1695,백년을 살아보니,김형석,덴스토리(Denstory),전자책,1185716432 ,인문/역사,2023-03-10
1696,내 몸을 비워야 내가 산다,이우재,알투스,전자책,1186116137 ,건강/의학,2023-03-10
1697,재무제표 모르면 주식투자 절대로 하지마라,사경인,베가북스,전자책,118613741X,경제경영,2023-03-10
1698,"이상 씨, 봄이 그렇게 좋아요",성재림 (엮음),루이앤휴잇,전자책,1186273291 ,시/에세이,2023-03-10
1699,천재는 왼쪽 미치광이는 오른쪽,닝안닝,정민미디어,전자책,1186276320 ,인문/역사,2023-03-10
1700,"어서 와, 전월세는 처음이지?",구본기,초록비책공방,전자책,1186358246 ,경제경영,2023-03-10
1701,모두의 연애,민조킹,팬덤북스,전자책,1186404809 ,시/에세이,2023-03-10
1702,"흩어지는 마음에게, 안녕",안희연,서랍의날씨,전자책,1186404884 ,시/에세이,2023-03-10
1703,아무것도 생각하지 않기로 했다,스가와라 요헤이,팬덤북스,전자책,118640499X,자기계발,2023-03-10
1704,"지금 다시, 헌법",차병직,로고폴리스,전자책,1186499370 ,정치/사회,2023-03-10
1705,좋아 보이는 것들의 비밀,이랑주,인플루엔셜,전자책,1186560118 ,경제경영,2023-03-10
1706,미움받을 용기. 2,기시미 이치로,인플루엔셜,전자책,1186560126 ,인문/역사,2023-03-10
1707,"명견만리 인구, 경제, 북한, 의료 편",KBS <명견만리> 제작팀,인플루엔셜,전자책,1186560169 ,경제경영,2023-03-10
1708,"일의 미래, 무엇이 바뀌고 무엇이 오는가",선대인,인플루엔셜,전자책,1186560363 ,경제경영,2023-03-10
1709,"명견만리 정치, 생애, 직업, 탐구 편",KBS 명견만리 제작팀,인플루엔셜,전자책,1186560436 ,경제경영,2023-03-10
1710,단어로 읽는 5분 세계사,장한업,글담,전자책,118665015X,인문/역사,2023-03-10
1711,경제로 읽는 교양 세계사,오형규,글담,전자책,1186650273 ,인문/역사,2023-03-10
1712,단어로 읽는 5분 세계사 플러스,장한업,글담,전자책,118665029X,인문/역사,2023-03-10
1713,평생 돈에 구애받지 않는 법,고코로야 진노스케,유노북스,전자책,1186665262 ,경제경영,2023-03-10
1714,말투 하나 바꿨을 뿐인데,나이토 요시히토,유노북스,전자책,1186665505 ,자기계발,2023-03-10
1715,당신의 잠든 부를 깨워라,새라 뉴컴,유노북스,전자책,1186665548 ,경제경영,2023-03-10
1716,라이언,사루 브리얼리,인빅투스,전자책,1186682140 ,소설,2023-03-10
1717,나는 왜 무기력을 되풀이하는가,에리히 프롬,나무생각,전자책,1186688513 ,인문/역사,2023-03-10
1718,저스티스맨,도선우,나무옆의자,전자책,118674894X,소설,2023-03-10
1719,자존감 수업,윤홍균,심플라이프,전자책,1186757094 ,자기계발,2023-03-10
1720,분노는 세상을 어떻게 지배했는가,패터 슬로터다이크,이야기가있는집,전자책,1186761121 ,인문/역사,2023-03-10
1721,소곤소곤 홍콩(Hong Kong)(2017-2018),강석균,낭만판다,전자책,1186789077 ,여행/취미,2023-03-10
1722,책을 읽는 사람만이 손에 넣는 것,후지하라 가즈히로,비즈니스북스,전자책,1186805226 ,인문/역사,2023-03-10
1723,1만 시간의 재발견,안데르스 에릭슨,비즈니스북스,전자책,1186805285 ,자기계발,2023-03-10
1724,나는 직장에 다니면서 12개의 사업을 시작했다,패트릭 맥기니스,비즈니스북스,전자책,1186805366 ,경제경영,2023-03-10
1725,그릿(Grit),앤절라 더크워스,비즈니스북스,전자책,1186805390 ,자기계발,2023-03-10
1726,세계미래보고서 2055,박영숙,비즈니스북스,전자책,1186805498 ,경제경영,2023-03-10
1727,아침 5시의 기적,제프 샌더스,비즈니스북스,전자책,1186805536 ,자기계발,2023-03-10
1728,"앞으로 5년, 빚 없는 사람만이 살아남는다",백정선,비즈니스북스,전자책,1186805617 ,경제경영,2023-03-10
1729,하루 30분의 힘,김범준,비즈니스북스,전자책,1186805633 ,자기계발,2023-03-10
1730,하루 한 장 리스트의 힘,가오위안,비즈니스북스,전자책,1186805692 ,자기계발,2023-03-10
1731,괜찮냐고 너는 물었다 괜찮다고 나는 울었다,새벽 세시,이다,전자책,1186827157 ,시/에세이,2023-03-10
1732,나는 나로 살기로 했다,김수현,마음의숲,전자책,1187119849 ,시/에세이,2023-03-10
1733,좋아하는 일만 하며 재미있게 살 순 없을까?,나카고시 히로시,아날로그(글담),전자책,118714715X,자기계발,2023-03-10
1734,안목에 대하여,필리프 코스타마냐,아날로그(글담),전자책,1187147176 ,예술/대중문화,2023-03-10
1735,원어민처럼 말하기,마이클 엘리엇,라즈베리,전자책,118715203X,국어/외국어,2023-03-10
1736,아주 작은 반복의 힘,로버트 마우어,스몰빅라이프,전자책,118716500X,자기계발,2023-03-10
1737,"한국경제, 돈의 배반이 시작된다",타마키 타다시,스몰빅인사이트,전자책,1187165107 ,경제경영,2023-03-10
1738,인생의 재발견,바버라 브래들리 해거티,스몰빅인사이트,전자책,1187165212 ,인문/역사,2023-03-10
1739,일본어 단어의 모든 것,박해리,랭컴,전자책,1187168904 ,국어/외국어,2023-03-10
1740,고구려. 6: 구부의 꿈(소수림왕),김진명,새움,전자책,1187192244 ,소설,2023-03-10
1741,대통령의 소풍,김용원,스틱,전자책,1187197165 ,소설,2023-03-10
1742,사랑한다면 스페인,최미선,북로그컴퍼니,전자책,1187292591 ,여행/취미,2023-03-10
1743,하기 싫은 일을 하는 힘,홍주현,사우,전자책,1187332062 ,자기계발,2023-03-10
1744,미래를 읽다 과학이슈 11,이은희,동아엠앤비,전자책,1187336335 ,과학/공학,2023-03-10
1745,제4의 물결이 온다,최윤식,지식노마드,전자책,1187481157 ,경제경영,2023-03-10
1746,다낭 홀리데이,박솔희,꿈의지도,전자책,1187496170 ,여행/취미,2023-03-10
1747,싱가포르 홀리데이(2017-2018),이동미,꿈의지도,전자책,1187496278 ,여행/취미,2023-03-10
1748,처음 시작하는 미니멀 라이프,선혜림,앵글북스,전자책,1187512060 ,가정/생활/요리,2023-03-10
1749,헤어,커트 스텐,MID,전자책,1187601195 ,과학/공학,2023-03-10
1750,관계 수업,치아,책들의정원,전자책,1187604070 ,자기계발,2023-03-10
1751,내 삶의 주인으로 산다는 것,김권수,책들의정원,전자책,1187604208 ,자기계발,2023-03-10
1752,왕의 도주,주명철,여문책,전자책,1187700134 ,인문/역사,2023-03-10
1753,화날 때 쓰는 엄마 말 처방전,가와무라 교코,예문아카이브,전자책,1187749206 ,가정/생활/요리,2023-03-10
1754,북유럽 셀프트래블(2017-2018),유진선,상상출판,전자책,1187795011 ,여행/취미,2023-03-10
1755,미국 서부 셀프트래블(2017-2018),조은정,상상출판,전자책,1187795097 ,여행/취미,2023-03-10
1756,너의 안부를 묻는 밤,지민석,시드앤피드,전자책,1187798029 ,시/에세이,2023-03-10
1757,한국의 1000원짜리 땅 부자들,김장섭,트러스트북스,전자책,1187993026 ,경제경영,2023-03-10
1758,왜 자꾸 그녀에게 시선이 갈까,나카이 노부유키,레드박스,전자책,1188039016 ,자기계발,2023-03-10
1759,맛있다 뉴욕!,뤽 후너트,이덴슬리벨,전자책,118805306X,여행/취미,2023-03-10
1760,뜬금없이 사랑이 시작되었다,페트라 휠스만,레드스톤,전자책,1188077015 ,소설,2023-03-10
1761,라면 완전정복,지영준,북레시피,전자책,1188140043 ,가정/생활/요리,2023-03-10
1762,구글 애드센스로 돈 벌기,풍요로움,아틀라스북스,전자책,1195069693 ,경제경영,2023-03-10
1763,뇌물의 역사,임용한,이야기가있는집,전자책,1195247184 ,인문/역사,2023-03-10
1764,완벽하지 않은 것들에 대한 사랑,혜민,수오서재,전자책,1195322186 ,시/에세이,2023-03-10
1765,옷을 사려면 우선 버려라,지비키 이쿠코,유나,전자책,1195386648 ,자기계발,2023-03-10
1766,말할 수 없는 비밀 들리지 않는 진실,윤재성,베리북,전자책,119544656X,자기계발,2023-03-10
1767,언어의 온도,이기주,말글터,전자책,1195522126 ,시/에세이,2023-03-10
1768,열한 계단,채사장,웨일북(whalebooks),전자책,1195677154 ,인문/역사,2023-03-10
1769,나쁜 페미니스트,록산 게이,사이행성,전자책,1195716931 ,정치/사회,2023-03-10
1770,생각정리스킬,복주환,천그루숲,전자책,1195901968 ,자기계발,2023-03-10
1771,조선왕조여인실록,배성수,온어롤북스,전자책,1195937318 ,인문/역사,2023-03-10
1772,당신이 빛이라면,백가희,쿵,전자책,119594957X,시/에세이,2023-03-10
1773,습관 성형,이지수,닐다,전자책,1195978219 ,건강/의학,2023-03-10
1774,달의 조각,하현,빌리버튼,전자책,1195990901 ,시/에세이,2023-03-10
1775,월요일의 문장들,조안나,지금이책,전자책,1195993706 ,시/에세이,2023-03-10
1776,한국의 젊은 부자들,이신영,메이븐,전자책,1196067600 ,경제경영,2023-03-10
1777,나는 단호해지기로 결심했다,롤프 젤린,걷는나무,전자책,8901206269 ,인문/역사,2023-03-10
1778,1년 만에 기억력 천재가 된 남자,조슈아 포어,갤리온,전자책,8901208229 ,인문/역사,2023-03-10
1779,1등의 습관,찰스 두히그,알프레드,전자책,8901212463 ,자기계발,2023-03-10
1780,인지니어스,티나 실리그,리더스북,전자책,8901214490 ,자기계발,2023-03-10
1781,만화 로마사. 1,이익선,알프레드,전자책,8901214636 ,인문/역사,2023-03-10
1782,만화 로마사. 2,이익선,알프레드,전자책,8901214644 ,인문/역사,2023-03-10
1783,어쩌면 내가 가장 듣고 싶었던 말,정희재,갤리온,전자책,8901214806 ,시/에세이,2023-03-10
1784,리얼토킹,Ellie Oh,뉴런,전자책,890121508X,국어/외국어,2023-03-10
1785,리얼토킹 위드 스트레인저,Ellie Oh,뉴런,전자책,8901215098 ,국어/외국어,2023-03-10
1786,리얼토킹 어브로드,Ellie Oh,뉴런,전자책,8901215101 ,국어/외국어,2023-03-10
1787,"9등급 꼴찌, 1년 만에 통역사 된 비법",장동완,리더스북,전자책,8901215705 ,자기계발,2023-03-10
1788,인간력,다사카 히로시,웅진지식하우스,전자책,890121637X,자기계발,2023-03-10
1789,참 소중한 너라서,김지훈,알에이치코리아,전자책,892555965X,시/에세이,2023-03-10
1790,회랑정 살인사건,히가시노 게이고,알에이치코리아,전자책,8925560291 ,소설,2023-03-10
1791,도깨비. 1,김은숙 (극본),알에이치코리아,전자책,8925560968 ,소설,2023-03-10
1792,도깨비. 2,김은숙 (극본),알에이치코리아,전자책,8925560976 ,소설,2023-03-10
1793,바다가 보이는 이발소,오기와라 히로시,알에이치코리아,전자책,8925561522 ,소설,2023-03-10
1794,백종원이 추천하는 집밥 메뉴 52,백종원,서울문화사,전자책,8926396673 ,가정/생활/요리,2023-03-10
1795,어쩌다 한국인,허태균,중앙북스,전자책,8927807022 ,인문/역사,2023-03-10
1796,인문고전 공부법,쉬번,중앙북스,전자책,8927808339 ,인문/역사,2023-03-10
1797,잡노마드 사회,군둘라 엥리슈,문예출판사,전자책,8931010281 ,정치/사회,2023-03-10
1798,"뫼르소, 살인사건",카멜 다우드,문예출판사,전자책,893101029X,소설,2023-03-10
1799,앵무새 죽이기,하퍼 리,열린책들,전자책,8932917205 ,소설,2023-03-10
1800,"메르타 할머니, 라스베이거스로 가다",카타리나 잉엘만순드베리,열린책들,전자책,893291821X,소설,2023-03-10
1801,천년의 내공,조윤제,청림출판,전자책,8935211168 ,자기계발,2023-03-10
1802,1시간에 1권 퀀텀 독서법,김병완,청림출판,전자책,8935211605 ,자기계발,2023-03-10
1803,죽음의 수용소에서,빅터 프랭클,청아출판사,전자책,8936803263 ,시/에세이,2023-03-10
1804,나는 마트 대신 부동산에 간다,김유라,한국경제신문사,전자책,8947541478 ,경제경영,2023-03-10
1805,애프터 유(After You),조조 모예스,아르테(arte),전자책,8950964945 ,소설,2023-03-10
1806,빨강머리 앤이 하는 말,백영옥,아르테(arte),전자책,8950965690 ,시/에세이,2023-03-10
1807,혼자 잘해주고 상처받지 마라,유은정,21세기북스,전자책,8950967294 ,자기계발,2023-03-10
1808,아무래도 아이는 괜찮습니다,사카이 준코,아르테(arte),전자책,8950968029 ,시/에세이,2023-03-10
1809,탁월한 사유의 시선,최진석,21세기북스,전자책,8950968266 ,인문/역사,2023-03-10
1810,대한민국이 묻는다,문재인,21세기북스,전자책,8950968843 ,정치/사회,2023-03-10
1811,고슴도치의 소원,톤 텔레헨,아르테(arte),전자책,8950968983 ,소설,2023-03-10
1812,"그때, 나에게 미처 하지 못한 말",정여울,아르테(arte),전자책,895096967X,시/에세이,2023-03-10
1813,미 비포 유(Me Before You),조조 모예스,살림,전자책,8952227824 ,소설,2023-03-10
1814,아무것도 하지 않으면 아무 일도 일어나지 않는다,기시미 이치로,살림,전자책,895223510X,인문/역사,2023-03-10
1815,편의점 인간,무라타 사야카,살림,전자책,8952235266 ,소설,2023-03-10
1816,썸 타는 천문대,지웅배,살림,전자책,8952235312 ,과학/공학,2023-03-10
1817,존 파이퍼의 성경 읽기,존 파이퍼,두란노서원,전자책,8953128293 ,종교,2023-03-10
1818,슬픔의 밑바닥에서 고양이가 가르쳐준 소중한 것,다키모리 고토,네오픽션,전자책,8954436579 ,소설,2023-03-10
1819,당신이라는 바람이 내게로 불어왔다,고민정,북하우스,전자책,8956057249 ,시/에세이,2023-03-10
1820,당신 인생의 이야기,테드 창,엘리,전자책,8956057842 ,소설,2023-03-10
1821,퇴사하겠습니다,이나가키 에미코,엘리,전자책,8956059276 ,시/에세이,2023-03-10
1822,우리의 소원은 전쟁,장강명,예담,전자책,895913077X,소설,2023-03-10
1823,자유로울 것,임경선,예담,전자책,8959134716 ,시/에세이,2023-03-10
1824,집중하는 힘,마르코 폰 뮌히하우젠,미래의창,전자책,8959894524 ,자기계발,2023-03-10
1825,화장실 철학자,애덤 플레처,제3의공간,전자책,8959894559 ,인문/역사,2023-03-10
1826,놀이가베 미술가베 백과사전,윤혜원,황금부엉이,전자책,896030476X,가정/생활/요리,2023-03-10
1827,영어책 한 권 외워봤니,김민식,위즈덤하우스,전자책,8960863130 ,자기계발,2023-03-10
1828,1만권 독서법,인나미 아쓰시,위즈덤하우스,전자책,8960863149 ,자기계발,2023-03-10
1829,대통령의 말하기,윤태영,위즈덤하우스,전자책,8960869708 ,자기계발,2023-03-10
1830,표현의 기술,유시민,생각의길,전자책,8965133750 ,인문/역사,2023-03-10
1831,매일매일 긍정하라,니시다 후미오,경향미디어,전자책,8965181984 ,자기계발,2023-03-10
1832,멈추면 비로소 보이는 것들,혜민 스님,쌤앤파커스,전자책,8965700604 ,시/에세이,2023-03-10
1833,질풍론도,히가시노 게이고,박하,전자책,8965701864 ,소설,2023-03-10
1834,장사는 전략이다,김유진,쌤앤파커스,전자책,8965703409 ,경제경영,2023-03-10
1835,소풍 가듯 가볍게,월도,쌤앤파커스,전자책,896570362X,종교,2023-03-10
1836,영업은 배반하지 않는다,임진환,쌤앤파커스,전자책,8965703654 ,경제경영,2023-03-10
1837,거리 두기,임춘성,쌤앤파커스,전자책,8965703964 ,자기계발,2023-03-10
1838,그곳에 좋은 기운이 모인다,김승호,쌤앤파커스,전자책,8965703972 ,자기계발,2023-03-10
1839,너라는 위로,김수민,쌤앤파커스,전자책,8965704545 ,시/에세이,2023-03-10
1840,있는 자리 흩트리기,김동연,쌤앤파커스,전자책,896570460X,자기계발,2023-03-10
1841,1등의 독서법,이해성,미다스북스,전자책,8966374700 ,인문/역사,2023-03-10
1842,불멸의 클래식 명곡 50,유수경,우듬지,전자책,8967540809 ,예술/대중문화,2023-03-10
1843,"버릇처럼, 열두 달 여행",홍수진,푸른향기,전자책,8967820542 ,여행/취미,2023-03-10
1844,그저 나이기만 하면 돼,노경원,시드페이퍼,전자책,8967940793 ,시/에세이,2023-03-10
1845,나만 아무 일도 일어나지 않는다,한설희,허밍버드,전자책,8968331197 ,시/에세이,2023-03-10
1846,꼰대 김철수,정철,허밍버드,전자책,8968331251 ,시/에세이,2023-03-10
1847,새벽 세시,새벽 세시,경향BP,전자책,8969521267 ,시/에세이,2023-03-10
1848,나는 한 번 읽은 책은 절대 잊어버리지 않는다,카바사와 시온,나라원,전자책,8970342443 ,자기계발,2023-03-10
1849,나는 뻔뻔하게 살기로 했다,데이비드 시버리,홍익출판사,전자책,8970655638 ,인문/역사,2023-03-10
1850,어쨌거나 마이웨이,안드레아 오언,홍익출판사,전자책,8970655646 ,자기계발,2023-03-10
1851,본의 아니게 연애 공백기,최미정,대림북스,전자책,8972809063 ,자기계발,2023-03-10
1852,데드맨,가와이 간지,작가정신,전자책,8972885150 ,소설,2023-03-10
1853,싸울 때마다 투명해진다,은유,서해문집,전자책,8974838222 ,시/에세이,2023-03-10
1854,삶에 지친 나에게 내가 해주고 싶은 말,서동식,함께북스,전자책,8975046427 ,시/에세이,2023-03-10
1855,크리피(Creepy),마에카와 유타카,창해,전자책,8979195931 ,소설,2023-03-10
1856,가짜 일 vs 진짜 일,브렌트 피터슨,세종서적,전자책,898407585X,자기계발,2023-03-10
1857,"지금, 호메로스를 읽어야 하는 이유",애덤 니컬슨,세종서적,전자책,8984075922 ,인문/역사,2023-03-10
1858,부자언니 부자연습,유수진,세종서적,전자책,8984076260 ,경제경영,2023-03-10
1859,그가 사망한 이유는 무엇일까,류위즈,시그마북스,전자책,8984458236 ,인문/역사,2023-03-10
1860,부자는 왜 필사적으로 교양을 배우는가,가야 게이치,시그마북스,전자책,8984458376 ,자기계발,2023-03-10
1861,여행과 독서,잔홍즈,시그마북스,전자책,8984458708 ,시/에세이,2023-03-10
1862,백야행. 1,히가시노 게이고,재인,전자책,8990982618 ,소설,2023-03-10
1863,백야행. 2,히가시노 게이고,재인,전자책,8990982626 ,소설,2023-03-10
1864,말주변이 없어도 대화 잘하는 법,김영돈,다연,전자책,8992441851 ,자기계발,2023-03-10
1865,사이코북,줄리안 로덴스타인 (엮음),파라북스,전자책,8993212414 ,인문/역사,2023-03-10
1866,계속하게 만드는 하루관리 습관,케빈 크루즈,프롬북스,전자책,899373495X,자기계발,2023-03-10
1867,당신의 완벽한 1년,샤를로테 루카스,북펌,전자책,8993734968 ,소설,2023-03-10
1868,고구려. 1: 도망자 을불,김진명,새움,전자책,8993964262 ,소설,2023-03-10
1869,고구려. 2: 다가오는 전쟁,김진명,새움,전자책,8993964270 ,소설,2023-03-10
1870,고구려. 3: 낙랑 축출,김진명,새움,전자책,8993964289 ,소설,2023-03-10
1871,고구려. 4: 사유와 무,김진명,새움,전자책,8993964343 ,소설,2023-03-10
1872,고구려. 5 백성의 왕,김진명,새움,전자책,8993964580 ,소설,2023-03-10
1873,꾸뻬씨의 행복여행,프랑수아 를로르,오래된미래,전자책,8995501448 ,소설,2023-03-10
1874,말의 품격,이기주,황소북스,전자책,8997092774 ,인문/역사,2023-03-10
1875,엄마표 영어 17년 보고서,새벽달(남수진),청림라이프,전자책,8997195913 ,가정/생활/요리,2023-03-10
1876,훌륭한 관리자의 평범한 습관들,필립 델브스 브러턴,어크로스,전자책,8997379836 ,경제경영,2023-03-10
1877,안나푸르나에서 밀크티를 마시다,정지영,더블엔,전자책,8998294311 ,여행/취미,2023-03-10
1878,#너에게,하태완,넥서스BOOKS,전자책,8998454653 ,시/에세이,2023-03-10
1879,나는 오늘부터 피아노를 치기로 했다,홍예나,가디언,전자책,8998480743 ,예술/대중문화,2023-03-10
1880,가난뱅이 자립 대작전,마쓰모토 하지메,메멘토,전자책,8998614413 ,정치/사회,2023-03-10
1881,Complete Memoirs of Jacques Casanova de Seingalt,Giacomo Casanova,구텐베르크 프로젝트,전자책,9050120530 ,외국도서,2023-03-10
1882,Complete Original Short Stories of Guy De Maupassant,Guy de Maupassant,구텐베르크 프로젝트,전자책,9050120540 ,외국도서,2023-03-10
1883,Complete Poems of Henry Wadsworth Longfellow,Henry Wadsworth Longfellow,구텐베르크 프로젝트,전자책,9050120550 ,외국도서,2023-03-10
1884,Complete Poetical Works of Percy Bysshe Shelley ― Complete,Percy Bysshe Shelley,구텐베르크 프로젝트,전자책,9050120560 ,외국도서,2023-03-10
1885,Complete Project Gutenberg Works of Jane Austen,Jane Austen,구텐베르크 프로젝트,전자책,9050120570 ,외국도서,2023-03-10
1886,"Complete Works of Robert Burns Containing his Poems, Songs, and Correspondence.",Robert Burns and Allan Cunningham,구텐베르크 프로젝트,전자책,9050120580 ,외국도서,2023-03-10
1887,Complete Works of William Shakespeare,William Shakespeare,구텐베르크 프로젝트,전자책,9050120590 ,외국도서,2023-03-10
1888,"comte de Monte-Cristo, Tome I",Alexandre Dumas,구텐베르크 프로젝트,전자책,9050120600 ,외국도서,2023-03-10
1889,Concise Dictionary of Middle English,Walter W. Skeat and A. L. Mayhew,구텐베르크 프로젝트,전자책,9050120620 ,외국도서,2023-03-10
1890,Condition of the Working-Class in England in 1844,Friedrich Engels,구텐베르크 프로젝트,전자책,9050120630 ,외국도서,2023-03-10
1891,Confessions of an English Opium-Eater,Thomas De Quincey,구텐베르크 프로젝트,전자책,9050120640 ,외국도서,2023-03-10
1892,Confessions of J. J. Rousseau ― Complete,Jean-Jacques Rousseau,구텐베르크 프로젝트,전자책,9050120650 ,외국도서,2023-03-10
1893,Confessions of St. Augustine,Bishop of Hippo Saint Augustine,구텐베르크 프로젝트,전자책,9050120660 ,외국도서,2023-03-10
1894,Connecticut Yankee in King Arthur&apos;s Court,Mark Twain,구텐베르크 프로젝트,전자책,9050120670 ,외국도서,2023-03-10
1895,Considerations on Representative Government,John Stuart Mill,구텐베르크 프로젝트,전자책,9050120680 ,외국도서,2023-03-10
1896,Consolation of Philosophy,Anicius Manlius Severinus Boethius,구텐베르크 프로젝트,전자책,9050120690 ,외국도서,2023-03-10
1897,Contos,JosMaria E de Queir,구텐베르크 프로젝트,전자책,9050120710 ,외국도서,2023-03-10
1898,Contos Paraenses,Jo Marques de Carvalho,구텐베르크 프로젝트,전자책,9050120720 ,외국도서,2023-03-10
1899,Cosmograf？a,Am Guillemin,구텐베르크 프로젝트,전자책,9050120730 ,외국도서,2023-03-10
1900,Count of Monte Cristo,Alexandre Dumas,구텐베르크 프로젝트,전자책,9050120740 ,외국도서,2023-03-10
1901,Course In Wood Turning,Archie Seldon Milton and Otto K. Wohlers,구텐베르크 프로젝트,전자책,9050120750 ,외국도서,2023-03-10
1902,Cranford,Elizabeth Cleghorn Gaskell,구텐베르크 프로젝트,전자책,9050120760 ,외국도서,2023-03-10
1903,Cries of London,John Thomas Smith,구텐베르크 프로젝트,전자책,9050120770 ,외국도서,2023-03-10
1904,Crime of the Congo,Sir Arthur Conan Doyle,구텐베르크 프로젝트,전자책,9050120780 ,외국도서,2023-03-10
1905,crimes de l&apos;amour,marquis de Sade,구텐베르크 프로젝트,전자책,9050120790 ,외국도서,2023-03-10
1906,Critique of Practical Reason,Immanuel Kant,구텐베르크 프로젝트,전자책,9050120800 ,외국도서,2023-03-10
1907,Critique of Pure Reason,Immanuel Kant,구텐베르크 프로젝트,전자책,9050120810 ,외국도서,2023-03-10
1908,Crome Yellow,Aldous Huxley,구텐베르크 프로젝트,전자책,9050120820 ,외국도서,2023-03-10
1909,Crystal Crypt,Philip K. Dick,구텐베르크 프로젝트,전자책,9050120830 ,외국도서,2023-03-10
1910,cuatro jinetes del apocalipsis,Vicente Blasco Ib衰ez,구텐베르크 프로젝트,전자책,9050120840 ,외국도서,2023-03-10
1911,Cuentos de Amor de Locura y de Muerte,Horacio Quiroga,구텐베르크 프로젝트,전자책,9050120850 ,외국도서,2023-03-10
1912,Cyrano De Bergerac,Edmond Rostand,구텐베르크 프로젝트,전자책,9050120860 ,외국도서,2023-03-10
1913,Daddy-Long-Legs,Jean Webster,구텐베르크 프로젝트,전자책,9050120870 ,외국도서,2023-03-10
1914,Daisy Miller,Henry James,구텐베르크 프로젝트,전자책,9050120880 ,외국도서,2023-03-10
1915,Damsel in Distress,P. G. Wodehouse,구텐베르크 프로젝트,전자책,9050120890 ,외국도서,2023-03-10
1916,Dandelion Cottage,Carroll Watson Rankin,구텐베르크 프로젝트,전자책,9050120900 ,외국도서,2023-03-10
1917,David Copperfield,Charles Dickens,구텐베르크 프로젝트,전자책,9050120910 ,외국도서,2023-03-10
1918,Day Symbols of the Maya Year,Cyrus Thomas,구텐베르크 프로젝트,전자책,9050120920 ,외국도서,2023-03-10
1919,De Nederlandsche Geslachtsnamen,Winkler Johan,구텐베르크 프로젝트,전자책,9050120930 ,외국도서,2023-03-10
1920,De Profundis,Oscar Wilde,구텐베르크 프로젝트,전자책,9050120940 ,외국도서,2023-03-10
1921,Death at the Excelsior,P. G. Wodehouse,구텐베르크 프로젝트,전자책,9050120950 ,외국도서,2023-03-10
1922,Deathworld,Harry Harrison,구텐베르크 프로젝트,전자책,9050120960 ,외국도서,2023-03-10
1923,Decameron of Giovanni Boccaccio,Giovanni Boccaccio,구텐베르크 프로젝트,전자책,9050120980 ,외국도서,2023-03-10
1924,"Decameron, Volume I",Giovanni Boccaccio,구텐베르크 프로젝트,전자책,9050120990 ,외국도서,2023-03-10
1925,Declaration of Independence of The United States of America,United States,구텐베르크 프로젝트,전자책,9050121000 ,외국도서,2023-03-10
1926,Deerslayer,James Fenimore Cooper,구텐베르크 프로젝트,전자책,9050121010 ,외국도서,2023-03-10
1927,Defenders,Philip K. Dick,구텐베르크 프로젝트,전자책,9050121020 ,외국도서,2023-03-10
1928,Defiant Agents,Andre Norton,구텐베르크 프로젝트,전자책,9050121030 ,외국도서,2023-03-10
1929,Democracy and Education an introduction to the philosophy of education,John Dewey,구텐베르크 프로젝트,전자책,9050121040 ,외국도서,2023-03-10
1930,Democracy in America ― Volume 1,Alexis de Tocqueville,구텐베르크 프로젝트,전자책,9050121050 ,외국도서,2023-03-10
1931,Democracy in America ― Volume 2,Alexis de Tocqueville,구텐베르크 프로젝트,전자책,9050121060 ,외국도서,2023-03-10
1932,Descent of Man,Charles Darwin,구텐베르크 프로젝트,전자책,9050121070 ,외국도서,2023-03-10
1933,Deutschland. Ein Winterm？rchen,Heinrich Heine,구텐베르크 프로젝트,전자책,9050121080 ,외국도서,2023-03-10
1934,Devil&apos;s Dictionary,Ambrose Bierce,구텐베르크 프로젝트,전자책,9050121090 ,외국도서,2023-03-10
1935,Dialogues Concerning Natural Religion,David Hume,구텐베르크 프로젝트,전자책,9050121100 ,외국도서,2023-03-10
1936,Diary of Anna Green Winslow,Anna Green Winslow,구텐베르크 프로젝트,전자책,9050121110 ,외국도서,2023-03-10
1937,Diary of Samuel Pepys ― Complete,Samuel Pepys,구텐베르크 프로젝트,전자책,9050121120 ,외국도서,2023-03-10
1938,Diccionario Ingles-Espa？ol-Tagalog,Sofronio G. Calder,구텐베르크 프로젝트,전자책,9050121130 ,외국도서,2023-03-10
1939,Disappearance of Lady Frances Carfax,Sir Arthur Conan Doyle,구텐베르크 프로젝트,전자책,9050121140 ,외국도서,2023-03-10
1940,Discours de la m？thode,RenDescartes,구텐베르크 프로젝트,전자책,9050121150 ,외국도서,2023-03-10
1941,Discourse on Floating Bodies,Galileo Galilei,구텐베르크 프로젝트,전자책,9050121160 ,외국도서,2023-03-10
1942,Discourse on the Method of Rightly Conducting One&apos;s Reason and of Seeking Truth in the Sciences,RenDescartes,구텐베르크 프로젝트,전자책,9050121170 ,외국도서,2023-03-10
1943,Discoverers and Explorers,Edward R. Shaw,구텐베르크 프로젝트,전자책,9050121180 ,외국도서,2023-03-10
1944,Divina Commedia di Dante,Dante Alighieri,구텐베르크 프로젝트,전자책,9050121200 ,외국도서,2023-03-10
1945,Divina Commedia di Dante Inferno,Dante Alighieri,구텐베르크 프로젝트,전자책,9050121210 ,외국도서,2023-03-10
1946,"Divine Comedy by Dante, Illustrated",Dante Alighieri,구텐베르크 프로젝트,전자책,9050121220 ,외국도서,2023-03-10
1947,"Divine Comedy by Dante, Illustrated, Hell, Complete",Dante Alighieri,구텐베르크 프로젝트,전자책,9050121230 ,외국도서,2023-03-10
1948,"Divine Comedy, Longfellow&apos;s Translation, Complete",Dante Alighieri,구텐베르크 프로젝트,전자책,9050121240 ,외국도서,2023-03-10
1949,"Divine Comedy, Longfellow&apos;s Translation, Hell",Dante Alighieri,구텐베르크 프로젝트,전자책,9050121250 ,외국도서,2023-03-10
1950,Doll&apos;s House,Henrik Ibsen,구텐베르크 프로젝트,전자책,9050121270 ,외국도서,2023-03-10
1951,Doll&apos;s House a play,Henrik Ibsen,구텐베르크 프로젝트,전자책,9050121280 ,외국도서,2023-03-10
1952,Dombey and Son,Charles Dickens,구텐베르크 프로젝트,전자책,9050121290 ,외국도서,2023-03-10
1953,Don Juan,Baron George Gordon Byron Byron,구텐베르크 프로젝트,전자책,9050121300 ,외국도서,2023-03-10
1954,Don Juan Tenorio,JosZorrilla,구텐베르크 프로젝트,전자책,9050121310 ,외국도서,2023-03-10
1955,Don Quijote,Miguel de Cervantes Saavedra,구텐베르크 프로젝트,전자책,9050121320 ,외국도서,2023-03-10
1956,Don Quixote,Miguel de Cervantes Saavedra,구텐베르크 프로젝트,전자책,9050121330 ,외국도서,2023-03-10
1957,Do？a Perfecta,Benito Pez Gald,구텐베르크 프로젝트,전자책,9050121340 ,외국도서,2023-03-10
1958,Door in the Wall and Other Stories,H. G. Wells,구텐베르크 프로젝트,전자책,9050121350 ,외국도서,2023-03-10
1959,Door Through Space,Marion Zimmer Bradley,구텐베르크 프로젝트,전자책,9050121360 ,외국도서,2023-03-10
1960,Dr A. Oetkers Grundlehren der Kochkunst,August Oetker,구텐베르크 프로젝트,전자책,9050121390 ,외국도서,2023-03-10
1961,Dr. Montessori&apos;s Own Handbook,Maria Montessori,구텐베르크 프로젝트,전자책,9050121400 ,외국도서,2023-03-10
1962,Dracula,Bram Stoker,구텐베르크 프로젝트,전자책,9050121410 ,외국도서,2023-03-10
1963,Dracula&apos;s Guest,Bram Stoker,구텐베르크 프로젝트,전자책,9050121420 ,외국도서,2023-03-10
1964,Dream Psychology,Sigmund Freud,구텐베르크 프로젝트,전자책,9050121430 ,외국도서,2023-03-10
1965,Du c？t？ de chez Swann,Marcel Proust,구텐베르크 프로젝트,전자책,9050121440 ,외국도서,2023-03-10
1966,Dubliners,James Joyce,구텐베르크 프로젝트,전자책,9050121450 ,외국도서,2023-03-10
1967,Durch W？ste und Harem,Karl Friedrich May,구텐베르크 프로젝트,전자책,9050121460 ,외국도서,2023-03-10
1968,"Ecce homo, Wie man wird, was man ist",Friedrich Wilhelm Nietzsche,구텐베르크 프로젝트,전자책,9050121470 ,외국도서,2023-03-10
1969,Economic Consequences of the Peace,John Maynard Keynes,구텐베르크 프로젝트,전자책,9050121480 ,외국도서,2023-03-10
1970,Edgar Allan Poe&apos;s Complete Poetical Works,Edgar Allan Poe,구텐베르크 프로젝트,전자책,9050121500 ,외국도서,2023-03-10
1971,Effi Briest,Theodor Fontane,구텐베르크 프로젝트,전자책,9050121510 ,외국도서,2023-03-10
1972,Elementary Spanish Reader,Earl Stanley Harrison,구텐베르크 프로젝트,전자책,9050121520 ,외국도서,2023-03-10
1973,Elements of Drawing,John Ruskin,구텐베르크 프로젝트,전자책,9050121530 ,외국도서,2023-03-10
1974,Elements of Structural and Systematic Botany,Douglas Houghton Campbell,구텐베르크 프로젝트,전자책,9050121540 ,외국도서,2023-03-10
1975,Emigrant&apos;s Lost Son,Anonymous,구텐베르크 프로젝트,전자책,9050121550 ,외국도서,2023-03-10
1976,Emile,Jean-Jacques Rousseau,구텐베르크 프로젝트,전자책,9050121560 ,외국도서,2023-03-10
1977,Empire,Clifford D. Simak,구텐베르크 프로젝트,전자책,9050121580 ,외국도서,2023-03-10
1978,Enchanted Barn,Grace Livingston Hill,구텐베르크 프로젝트,전자책,9050121590 ,외국도서,2023-03-10
1979,"Encyclopaedia Britannica, 11th Edition, Volume 4, Part 3",Various,구텐베르크 프로젝트,전자책,9050121600 ,외국도서,2023-03-10
1980,Encyclopedia of Needlework,The de Dillmont,구텐베르크 프로젝트,전자책,9050121610 ,외국도서,2023-03-10
1981,Enemy of the People,Henrik Ibsen,구텐베르크 프로젝트,전자책,9050121620 ,외국도서,2023-03-10
1982,English Grammar,William Malone Baskervill and James Witt Sewell,구텐베르크 프로젝트,전자책,9050121630 ,외국도서,2023-03-10
1983,English Literature,William J. Long,구텐베르크 프로젝트,전자책,9050121640 ,외국도서,2023-03-10
1984,English-Esperanto Dictionary,J. C. O&apos;Connor and C. F. Hayes,구텐베르크 프로젝트,전자책,9050121650 ,외국도서,2023-03-10
1985,Enquiry Concerning Human Understanding,David Hume,구텐베르크 프로젝트,전자책,9050121660 ,외국도서,2023-03-10
1986,Enquiry Concerning the Principles of Morals,David Hume,구텐베르크 프로젝트,전자책,9050121670 ,외국도서,2023-03-10
1987,Entire Project Gutenberg Works of Mark Twain,Mark Twain,구텐베르크 프로젝트,전자책,9050121680 ,외국도서,2023-03-10
1988,Erewhon,Samuel Butler,구텐베르크 프로젝트,전자책,9050121690 ,외국도서,2023-03-10
1989,Erotica Romana,Johann Wolfgang von Goethe,구텐베르크 프로젝트,전자책,9050121700 ,외국도서,2023-03-10
1990,"Essay Concerning Humane Understanding, Volume 1",John Locke,구텐베르크 프로젝트,전자책,9050121710 ,외국도서,2023-03-10
1991,Essay on Man,Alexander Pope,구텐베르크 프로젝트,전자책,9050121720 ,외국도서,2023-03-10
1992,Essays ― First Series,Ralph Waldo Emerson,구텐베르크 프로젝트,전자책,9050121740 ,외국도서,2023-03-10
1993,Essays by Ralph Waldo Emerson,Ralph Waldo Emerson,구텐베르크 프로젝트,전자책,9050121750 ,외국도서,2023-03-10
1994,Essays of Francis Bacon,Francis Bacon,구텐베르크 프로젝트,전자책,9050121760 ,외국도서,2023-03-10
1995,Essays of Montaigne ― Complete,Michel de Montaigne,구텐베르크 프로젝트,전자책,9050121770 ,외국도서,2023-03-10
1996,Essex Terraplane Six 1933 Owner&apos;s Manual of Information,Anonymous,구텐베르크 프로젝트,전자책,9050121780 ,외국도서,2023-03-10
1997,Estudiante de Salamanca and Other Selections,Josde Espronceda,구텐베르크 프로젝트,전자책,9050121790 ,외국도서,2023-03-10
1998,Ethan Frome,Edith Wharton,구텐베르크 프로젝트,전자책,9050121800 ,외국도서,2023-03-10
1999,Ethica. English,Benedictus de Spinoza,구텐베르크 프로젝트,전자책,9050121810 ,외국도서,2023-03-10
2000,Ethics,Aristotle,구텐베르크 프로젝트,전자책,9050121820 ,외국도서,2023-03-10
2001,Etidorhpa or the End of Earth.,John Uri Lloyd,구텐베르크 프로젝트,전자책,9050121830 ,외국도서,2023-03-10
2002,Etiquette,Emily Post,구텐베르크 프로젝트,전자책,9050121840 ,외국도서,2023-03-10
2003,Euthyphro,Plato,구텐베르크 프로젝트,전자책,9050121850 ,외국도서,2023-03-10
2004,Every-day Life of Abraham Lincoln,Francis F. Browne,구텐베르크 프로젝트,전자책,9050121860 ,외국도서,2023-03-10
2005,"Eve&apos;s Diary, Complete",Mark Twain,구텐베르크 프로젝트,전자책,9050121870 ,외국도서,2023-03-10
2006,Evolution of Love,Emil Lucka,구텐베르크 프로젝트,전자책,9050121880 ,외국도서,2023-03-10
2007,"Extraordinary Adventures of Arsene Lupin, Gentleman-Burglar",Maurice Leblanc,구텐베르크 프로젝트,전자책,9050121890 ,외국도서,2023-03-10
2008,Fables de La Fontaine,Jean de La Fontaine,구텐베르크 프로젝트,전자책,9050121900 ,외국도서,2023-03-10
2009,Fairy Tales of Charles Perrault,Charles Perrault,구텐베르크 프로젝트,전자책,9050121910 ,외국도서,2023-03-10
2010,Fairy Tales of Hans Christian Andersen,H. C. Andersen,구텐베르크 프로젝트,전자책,9050121920 ,외국도서,2023-03-10
2011,Fall of the House of Usher,Edgar Allan Poe,구텐베르크 프로젝트,전자책,9050121930 ,외국도서,2023-03-10
2012,Fantasia of the Unconscious,D. H. Lawrence,구텐베르크 프로젝트,전자책,9050121950 ,외국도서,2023-03-10
2013,Far from the Madding Crowd,Thomas Hardy,구텐베르크 프로젝트,전자책,9050121960 ,외국도서,2023-03-10
2014,Father Goriot,Honorde Balzac,구텐베르크 프로젝트,전자책,9050121970 ,외국도서,2023-03-10
2015,Faust,Johann Wolfgang von Goethe,구텐베르크 프로젝트,전자책,9050121980 ,외국도서,2023-03-10
2016,Faust ― Part 1,Johann Wolfgang von Goethe,구텐베르크 프로젝트,전자책,9050121990 ,외국도서,2023-03-10
2017,Faust Der Trag？die erster Teil,Johann Wolfgang von Goethe,구텐베르크 프로젝트,전자책,9050122000 ,외국도서,2023-03-10
2018,Faust Der Trag？die zweiter Teil,Johann Wolfgang von Goethe,구텐베르크 프로젝트,전자책,9050122010 ,외국도서,2023-03-10
2019,Federalist Papers,"Alexander Hamilton, James Madison, and John Jay",구텐베르크 프로젝트,전자책,9050122020 ,외국도서,2023-03-10
2020,femme de trente ans. German,Honorde Balzac,구텐베르크 프로젝트,전자책,9050122030 ,외국도서,2023-03-10
2021,Fifteen Thousand Useful Phrases,Grenville Kleiser,구텐베르크 프로젝트,전자책,9050122040 ,외국도서,2023-03-10
2022,"Filosof？a Fundamental, Tomo I",Jaime Luciano Balmes,구텐베르크 프로젝트,전자책,9050122050 ,외국도서,2023-03-10
2023,First Annual Report of the Bureau of Ethnology to the Secretary of the Smithsonian Institution,Various,구텐베르크 프로젝트,전자책,9050122060 ,외국도서,2023-03-10
2024,First Lessons in Geography,James Monteith,구텐베르크 프로젝트,전자책,9050122080 ,외국도서,2023-03-10
2025,First Men in the Moon,H. G. Wells,구텐베르크 프로젝트,전자책,9050122090 ,외국도서,2023-03-10
2026,First Oration of Cicero Against Catiline,Marcus Tullius Cicero,구텐베르크 프로젝트,전자책,9050122100 ,외국도서,2023-03-10
2027,First Spanish Reader,Erwin W. Roessler and Alfred Remy,구텐베르크 프로젝트,전자책,9050122120 ,외국도서,2023-03-10
2028,"Fishes, Flowers, and Fire as Elements and Deities in the Phallic Faiths and Worship of the Ancient Religions of Greece, Babylon,",Anonymous,구텐베르크 프로젝트,전자책,9050122140 ,외국도서,2023-03-10
2029,Five Weeks in a Balloon,Jules Verne,구텐베르크 프로젝트,전자책,9050122150 ,외국도서,2023-03-10
2030,Flappers and Philosophers,F. Scott Fitzgerald,구텐베르크 프로젝트,전자책,9050122160 ,외국도서,2023-03-10
2031,Flatland a romance of many dimensions,Edwin Abbott Abbott,구텐베르크 프로젝트,전자책,9050122170 ,외국도서,2023-03-10
2032,Flatland a romance of many dimensions (Illustrated),Edwin Abbott Abbott,구텐베르크 프로젝트,전자책,9050122180 ,외국도서,2023-03-10
2033,Fleurs du Mal,Charles Baudelaire,구텐베르크 프로젝트,전자책,9050122190 ,외국도서,2023-03-10
2034,Florante at Laura,Francisco Balagtas,구텐베르크 프로젝트,전자책,9050122200 ,외국도서,2023-03-10
2035,Folk-Tales of the Khasis,K. U. Rafy,구텐베르크 프로젝트,전자책,9050122210 ,외국도서,2023-03-10
2036,Following the Equator,Mark Twain,구텐베르크 프로젝트,전자책,9050122220 ,외국도서,2023-03-10
2037,Foods That Will Win The War And How To Cook Them (1918),C. Houston Goudiss and Alberta M. Goudiss,구텐베르크 프로젝트,전자책,9050122230 ,외국도서,2023-03-10
2038,Forbidden Fruit,Anonymous,구텐베르크 프로젝트,전자책,9050122240 ,외국도서,2023-03-10
2039,Forsyte Saga - Complete,John Galsworthy,구텐베르크 프로젝트,전자책,9050122250 ,외국도서,2023-03-10
2040,Peterchens Mondfahrt,Gerdt von Bassewitz,구텐베르크 프로젝트,전자책,9050126430 ,외국도서,2023-03-10
2041,Phaedo,Plato,구텐베르크 프로젝트,전자책,9050126440 ,외국도서,2023-03-10
2042,Phaedrus,Plato,구텐베르크 프로젝트,전자책,9050126450 ,외국도서,2023-03-10
2043,Phantom of the Opera,Gaston Leroux,구텐베르크 프로젝트,전자책,9050126470 ,외국도서,2023-03-10
2044,Poetics. English,Aristotle,구텐베르크 프로젝트,전자책,9050126760 ,외국도서,2023-03-10
2045,Poezii,Mihai Eminescu,구텐베르크 프로젝트,전자책,9050126770 ,외국도서,2023-03-10
2046,Political Ideals,Bertrand Russell,구텐베르크 프로젝트,전자책,9050126780 ,외국도서,2023-03-10
2047,Politics A Treatise on Government,Aristotle,구텐베르크 프로젝트,전자책,9050126790 ,외국도서,2023-03-10
2048,Pollyanna,Eleanor H. Porter,구텐베르크 프로젝트,전자책,9050126800 ,외국도서,2023-03-10
2049,Portrait of a Lady ― Volume 1,Henry James,구텐베르크 프로젝트,전자책,9050126810 ,외국도서,2023-03-10
2050,Portrait of the Artist as a Young Man,James Joyce,구텐베르크 프로젝트,전자책,9050126820 ,외국도서,2023-03-10
2051,Possessed (The Devils),Fyodor Dostoyevsky,구텐베르크 프로젝트,전자책,9050126830 ,외국도서,2023-03-10
2052,Power of Mesmerism,Anonymous,구텐베르크 프로젝트,전자책,9050126840 ,외국도서,2023-03-10
2053,Princess of Cleves,Madame de La Fayette,구텐베르크 프로젝트,전자책,9050126940 ,외국도서,2023-03-10
2054,Princess of Mars,Edgar Rice Burroughs,구텐베르크 프로젝트,전자책,9050126950 ,외국도서,2023-03-10
2055,Principles of Scientific Management,Frederick Winslow Taylor,구텐베르크 프로젝트,전자책,9050126970 ,외국도서,2023-03-10
2056,Printers&apos; Marks,W. Roberts,구텐베르크 프로젝트,전자책,9050126980 ,외국도서,2023-03-10
2057,Prisoner of Zenda,Anthony Hope,구텐베르크 프로젝트,전자책,9050126990 ,외국도서,2023-03-10
2058,Private Memoirs and Confessions of a Justified Sinner,James Hogg,구텐베르크 프로젝트,전자책,9050127000 ,외국도서,2023-03-10
2059,Problem of China,Bertrand Russell,구텐베르크 프로젝트,전자책,9050127010 ,외국도서,2023-03-10
2060,Problems of Philosophy,Bertrand Russell,구텐베르크 프로젝트,전자책,9050127020 ,외국도서,2023-03-10
2061,Profitable Squab Breeding,Carl Dare,구텐베르크 프로젝트,전자책,9050127030 ,외국도서,2023-03-10
2062,"Raemaekers&apos; Cartoon History of the War, Volume 2",Louis Raemaekers,구텐베르크 프로젝트,전자책,9050127120 ,외국도서,2023-03-10
2063,Railway Children,E. Nesbit,구텐베르크 프로젝트,전자책,9050127130 ,외국도서,2023-03-10
2064,Rainbow Valley,L. M. Montgomery,구텐베르크 프로젝트,전자책,9050127140 ,외국도서,2023-03-10
2065,Ramayana. English,Valmiki,구텐베르크 프로젝트,전자책,9050127150 ,외국도서,2023-03-10
2066,Rape of the Lock and Other Poems,Alexander Pope,구텐베르크 프로젝트,전자책,9050127160 ,외국도서,2023-03-10
2067,Raven,Edgar Allan Poe,구텐베르크 프로젝트,전자책,9050127170 ,외국도서,2023-03-10
2068,Raven $l English $l French,Edgar Allan Poe,구텐베르크 프로젝트,전자책,9050127180 ,외국도서,2023-03-10
2069,Red Badge of Courage,Stephen Crane,구텐베르크 프로젝트,전자책,9050127200 ,외국도서,2023-03-10
2070,Red House Mystery,A. A. Milne,구텐베르크 프로젝트,전자책,9050127210 ,외국도서,2023-03-10
2071,Riddle of the Sands,Erskine Childers,구텐베르크 프로젝트,전자책,9050127320 ,외국도서,2023-03-10
2072,Riders of the Purple Sage,Zane Grey,구텐베르크 프로젝트,전자책,9050127330 ,외국도서,2023-03-10
2073,"Right Ho, Jeeves",P. G. Wodehouse,구텐베르크 프로젝트,전자책,9050127340 ,외국도서,2023-03-10
2074,Rilla of Ingleside,L. M. Montgomery,구텐베르크 프로젝트,전자책,9050127350 ,외국도서,2023-03-10
2075,Rime of the Ancient Mariner,Samuel Taylor Coleridge,구텐베르크 프로젝트,전자책,9050127360 ,외국도서,2023-03-10
2076,Rob Roy ― Complete,Sir Walter Scott,구텐베르크 프로젝트,전자책,9050127370 ,외국도서,2023-03-10
2077,Robbers,Friedrich Schiller,구텐베르크 프로젝트,전자책,9050127380 ,외국도서,2023-03-10
2078,Robinson Crusoe,Daniel Defoe,구텐베르크 프로젝트,전자책,9050127390 ,외국도서,2023-03-10
2079,Rocky Mountain [Colorado] National Park,United States. Dept. of the Interior,구텐베르크 프로젝트,전자책,9050127400 ,외국도서,2023-03-10
2080,Московия в представлении иностранцев XVI-XVII в.,P. N. Apostol,구텐베르크 프로젝트,전자책,9050130410 ,외국도서,2023-03-10
2081,나에게 고맙다,전승환,허밍버드,전자책,D160610820,시/에세이,2023-03-10
2082,골프 춤추듯 쉽게 쳐라,BRIAN SPARKS,엔코드바코드시스템,전자책,D160923390,여행/취미,2023-03-10
2083,유대인 영어 공부법,가토 나오시,로그인,전자책,D160924870,국어/외국어,2023-03-10
2084,누런 벽지,샬롯 퍼킨스 길먼,더라인북스,전자책,D170294220,소설,2023-03-10
2085,22개 키워드로 보는 현대미술,양은희,키메이커,전자책,D490108890,예술/대중문화,2023-03-10
2086,99세 하루 한마디,무노 다케지,에이케이커뮤니케이션즈,전자책,1127428004 ,인문/역사,2023-03-10
2087,클라우스 슈밥의 제4차 산업혁명 더 넥스트(The Next),클라우스 슈밥,새로운현재,전자책,1129701700 ,경제경영,2023-03-10
2088,레버리지,롭 무어,다산북스,전자책,1130612244 ,경제경영,2023-03-10
2089,현남 오빠에게,조남주,다산책방,전자책,1130614778 ,소설,2023-03-10
2090,공부귀신들,구맹회,다산북스,전자책,1130615472 ,자기계발,2023-03-10
2091,아들 성교육 하는 법,손경이,다산에듀,전자책,1130616320 ,가정/생활/요리,2023-03-10
2092,그래서 어디를 살까요,빠숑(김학렬),다산북스,전자책,1130616339 ,경제경영,2023-03-10
2093,베어타운(리커버 한정판),프레드릭 배크만,다산책방,전자책,1130616657 ,소설,2023-03-10
2094,머니(Money)(교보문고 단독 리커버),롭 무어,다산북스,전자책,1130617068 ,경제경영,2023-03-10
2095,같이 걸어도 나 혼자,데라치 하루나,다산책방,전자책,1130618595 ,소설,2023-03-10
2096,금척,김종록,다산책방,전자책,1130618927 ,소설,2023-03-10
2097,연애의 기억,줄리언 반스,다산책방,전자책,1130618935 ,소설,2023-03-10
2098,마흔에게,기시미 이치로,다산초당,전자책,1130619303 ,자기계발,2023-03-10
2099,담백하게 산다는 것,양창순,다산북스,전자책,1130619486 ,인문/역사,2023-03-10
2100,"조금 우울하지만, 보통 사람입니다",이수연,놀,전자책,113061980X,시/에세이,2023-03-10
2101,사기 인문학,한정주,다산초당,전자책,1130619982 ,인문/역사,2023-03-10
2102,검은개,추정경,다산책방,전자책,1130620220 ,소설,2023-03-10
2103,공부에 미친 사람들,김병완,다산북스,전자책,1130620263 ,자기계발,2023-03-10
2104,중력,권기태,다산책방,전자책,1130620395 ,소설,2023-03-10
2105,철학은 어떻게 삶의 무기가 되는가,야마구치 슈,다산초당,전자책,113062045X,인문/역사,2023-03-10
2106,우리와 당신들,프레드릭 배크만,다산책방,전자책,1130620476 ,소설,2023-03-10
2107,에로틱 세계사,난젠 & 피카드,오브제,전자책,1130620484 ,인문/역사,2023-03-10
2108,인간을 탐구하는 수업,사토 지에,다산북스,전자책,1130620719 ,자기계발,2023-03-10
2109,돈 공부는 처음이라(리커버 한정판),김종봉,다산북스,전자책,1130620891 ,경제경영,2023-03-10
2110,결단,롭 무어,다산북스,전자책,1130621383 ,경제경영,2023-03-10
2111,사랑한다고 상처를 허락하지 마라,배르벨 바르데츠키,다산초당,전자책,1130621871 ,인문/역사,2023-03-10
2112,역사의 쓸모,최태성,다산초당,전자책,1130621960 ,인문/역사,2023-03-10
2113,위즈덤,오프라 윈프리,다산책방,전자책,1130622037 ,자기계발,2023-03-10
2114,애니가 돌아왔다,C. J. 튜더,다산책방,전자책,1130622282 ,소설,2023-03-10
2115,최후의 만찬,서철원,다산책방,전자책,1130625842 ,소설,2023-03-10
2116,유튜브 젊은 부자들,김도윤,다산북스,전자책,1130625923 ,경제경영,2023-03-10
2117,일생일대의 거래,프레드릭 배크만,다산책방,전자책,1130626962 ,소설,2023-03-10
2118,영어책 10번만 읽으면 네이티브 된다,오지연,라온북,전자책,1155323114 ,청소년,2023-03-10
2119,청소와 정리법,주부의벗사,즐거운상상,전자책,1155361210 ,가정/생활/요리,2023-03-10
2120,꼬마빌딩 재테크,임동권,매일경제신문사,전자책,1155429117 ,경제경영,2023-03-10
2121,참모로 산다는 것,신병주,매경출판,전자책,1155429478 ,인문/역사,2023-03-10
2122,기묘한 사람들,랜섬 릭스,윌북,전자책,1155811364 ,소설,2023-03-10
2123,컬러의 말,카시아 세인트 클레어,윌북,전자책,1155811569 ,예술/대중문화,2023-03-10
2124,수납 공부,줄리 칼슨,윌북,전자책,115581181X,가정/생활/요리,2023-03-10
2125,나는 내가 죽었다고 생각했습니다,질 볼트 테일러,윌북,전자책,1155811887 ,과학/공학,2023-03-10
2126,작은 아씨들,루이자 메이 올컷,윌북,전자책,1155812174 ,소설,2023-03-10
2127,인간의 흑역사,톰 필립스,윌북,전자책,1155812395 ,인문/역사,2023-03-10
2128,애착수업,오카다 다카시,푸른숲,전자책,1156757193 ,인문/역사,2023-03-10
2129,우울할 땐 뇌과학,앨릭스 코브,심심,전자책,1156757347 ,인문/역사,2023-03-10
2130,어린이 비정상회담,조아라,꿈꾸는사람들,전자책,1156890535 ,아동,2023-03-10
2131,강원국의 글쓰기,강원국,메디치미디어,전자책,1157061265 ,인문/역사,2023-03-10
2132,수축사회,홍성국,메디치미디어,전자책,1157061400 ,경제경영,2023-03-10
2133,사람이 있었네,김경수,비타베아타,전자책,1157061478 ,정치/사회,2023-03-10
2134,억남,가와무라 겐키,소미북스,전자책,115710360X,소설,2023-03-10
2135,너의 췌장을 먹고 싶어,스미노 요루,소미북스,전자책,1157107222 ,소설,2023-03-10
2136,한 걸음 더 들어가는 불,유다정,내인생의책,전자책,1157233783 ,아동,2023-03-10
2137,학교에는 규칙이 있어요!,로랑스 살라윈,내인생의책,전자책,1157234682 ,아동,2023-03-10
2138,비즈니스 영어 이메일을 틀리지 않고 쓰는 법,미카 리,동양북스,전자책,1157684785 ,국어/외국어,2023-03-10
2139,아기곰의 재테크 불변의 법칙,아기곰,아라크네,전자책,1157745563 ,경제경영,2023-03-10
2140,갯벌 전쟁,장선환,모래알,전자책,1157852130 ,아동,2023-03-10
2141,1982 야구소년,김기정,키다리,전자책,1157852149 ,아동,2023-03-10
2142,나의 초록 스웨터,엄혜숙,키다리,전자책,1157852203 ,아동,2023-03-10
2143,나는 어떻게 내가 됐을까?,빅토르 쿠타르,키다리,전자책,1157852254 ,아동,2023-03-10
2144,글로벌 컬처 클럽,임지형,아이앤북,전자책,1157921035 ,아동,2023-03-10
2145,단테의 신곡,A. 단테,스타북스,전자책,1157954340 ,소설,2023-03-10
2146,혼자가 혼자에게,이병률,달,전자책,1158161026 ,시/에세이,2023-03-10
2147,한 그릇 집밥 다이어트 레시피,최희정,비타북스,전자책,1158462247 ,가정/생활/요리,2023-03-10
2148,나의 첫 다이어트 근육 홈트,도가와 아이,비타북스,전자책,115846293X,건강/의학,2023-03-10
2149,마지막 패리시 부인,리브 콘스탄틴,나무의철학,전자책,1158510829 ,소설,2023-03-10
2150,지금 하지 않으면 언제 하겠는가,팀 페리스,토네이도,전자책,1158510977 ,인문/역사,2023-03-10
2151,마흔이 되기 전에,팀 페리스,토네이도,전자책,1158511086 ,자기계발,2023-03-10
2152,그 찬란한 빛들 모두 사라진다 해도,줄리 입 윌리엄스,나무의철학,전자책,1158511337 ,시/에세이,2023-03-10
2153,끌리는 말투에는 비밀이 있다,장차오,미디어숲,전자책,115874045X,자기계발,2023-03-10
2154,40일 만에 기억력 천재가 된다,개러스 무어,미디어숲,전자책,1158740468 ,자기계발,2023-03-10
2155,모든 것을 기억하는 남자,데이비드 발다치,북로드,전자책,115879049X,소설,2023-03-10
2156,죽음을 선택한 남자,데이비드 발다치,북로드,전자책,1158790945 ,소설,2023-03-10
2157,연쇄 살인마 개구리 남자의 귀환,나카야마 시치리,북로드,전자책,1158791054 ,소설,2023-03-10
2158,열세 번째 배심원,스티브 캐버나,북로드,전자책,1158791070 ,소설,2023-03-10
2159,폴른: 저주받은 자들의 도시,데이비드 발다치,더난출판사,전자책,1158791135 ,소설,2023-03-10
2160,완벽한 삶을 훔친 여자,마이클 로보텀,북로드,전자책,1158791151 ,소설,2023-03-10
2161,1일 1정리,심지은,포북(forbook),전자책,1159000506 ,가정/생활/요리,2023-03-10
2162,카라마조프가의 형제들. 1,도스토옙스키,더클래식,전자책,1159030855 ,소설,2023-03-10
2163,카라마조프가의 형제들. 2,표도르 도스토옙스키,더클래식,전자책,1159030863 ,소설,2023-03-10
2164,카라마조프가의 형제들. 3,표도르 도스토옙스키,더클래식,전자책,1159030871 ,소설,2023-03-10
2165,카라마조프가의 형제들. 4,도스토옙스키,더클래식,전자책,115903088X,소설,2023-03-10
2166,웃는 남자 세트,빅토르 위고,더클래식,전자책,1159035199 ,소설,2023-03-10
2167,변신,프란츠 카프카,더클래식,전자책,1159036330 ,소설,2023-03-10
2168,문재인 대통령 헌법개정안,청와대,더휴먼,전자책,1159039364 ,정치/사회,2023-03-10
2169,한성 프리메이슨,정명섭,마카롱,전자책,1159099669 ,소설,2023-03-10
2170,내가 죽인 남자가 돌아왔다,황세연,마카롱,전자책,1159099693 ,소설,2023-03-10
2171,영어회화 핵심패턴 233 실력편,조이스 백,길벗이지톡,전자책,1159241082 ,국어/외국어,2023-03-10
2172,금융지식이 이렇게 쓸모 있을 줄이야,김현섭,메이트북스,전자책,1160022151 ,경제경영,2023-03-10
2173,왜 나는 진정한 친구 하나 없는 걸까,조은강,메이트북스,전자책,1160022372 ,자기계발,2023-03-10
2174,P. S. 여전히 널 사랑해,제니 한,한스미디어,전자책,1160073651 ,소설,2023-03-10
2175,"탐정 무민, 사라진 딸기잼을 찾아라!",토베 얀손,어린이작가정신,전자책,116026693X,유아,2023-03-10
2176,"탐정 무민, 사라진 우표를 찾아라!",토베 얀손,어린이작가정신,전자책,1160266948 ,유아,2023-03-10
2177,행복한 버스,우리아,머스트비,전자책,1160340676 ,아동,2023-03-10
2178,슬픔을 공부하는 슬픔,신형철,한겨레출판사,전자책,1160401969 ,시/에세이,2023-03-10
2179,태도에 관하여(개정판),임경선,한겨레출판사,전자책,1160402000 ,시/에세이,2023-03-10
2180,유품정리사,정명섭,한겨레출판사,전자책,116040254X,소설,2023-03-10
2181,돈이 자라는 나무,박정현,한겨레아이들,전자책,1160402663 ,아동,2023-03-10
2182,지구를 살리는 기발한 물건 10,박경화,한겨레출판사,전자책,116040268X,정치/사회,2023-03-10
2183,모두 거짓말을 한다,세스 스티븐스 다비도위츠,더퀘스트,전자책,1160504571 ,경제경영,2023-03-10
2184,관계를 읽는 시간,문요한,더퀘스트,전자책,1160505802 ,인문/역사,2023-03-10
2185,소유진의 엄마도 아이도 즐거운 이유식,소유진,길벗,전자책,1160506256 ,가정/생활/요리,2023-03-10
2186,몇 명쯤 안 보고 살아도 괜찮습니다,젠 예거,더퀘스트,전자책,116050685X,인문/역사,2023-03-10
2187,마음의 문을 닫고 숨어버린 나에게,조지프 버고,더퀘스트,전자책,1160506965 ,인문/역사,2023-03-10
2188,직장이 없는 시대가 온다,새라 케슬러,더퀘스트,전자책,1160507171 ,경제경영,2023-03-10
2189,일 잘하는 사람은 단순하게 합니다,박소연,더퀘스트,전자책,1160507384 ,자기계발,2023-03-10
2190,어쨌거나 잘살고 싶다면 신디의 결혼수업,신디,더퀘스트,전자책,1160507708 ,인문/역사,2023-03-10
2191,"마흔, 마음 공부를 시작했다",김병수,더퀘스트,전자책,1160509239 ,인문/역사,2023-03-10
2192,말이 칼이 될 때,홍성수,어크로스,전자책,1160560366 ,정치/사회,2023-03-10
2193,어떻게 민주주의는 무너지는가,스티븐 레비츠키,어크로스,전자책,1160560587 ,정치/사회,2023-03-10
2194,지혜롭게 나이 든다는 것,마사 누스바움,어크로스,전자책,116056065X,인문/역사,2023-03-10
2195,나는 매일 도서관에 가는 엄마입니다,이혜진,로그인,전자책,116057619X,가정/생활/요리,2023-03-10
2196,쉬운 일은 아니지만,홍화정,휴머니스트,전자책,1160802742 ,시/에세이,2023-03-10
2197,다시는 그전으로 돌아가지 않을 것이다,권김현영,휴머니스트,전자책,1160803021 ,정치/사회,2023-03-10
2198,나의 영어 사춘기 100시간,이시원(강사),시원스쿨닷컴,전자책,1161501851 ,국어/외국어,2023-03-10
2199,시냇가빌라,김의,나무옆의자,전자책,1161570519 ,소설,2023-03-10
2200,세계사 아는 척하기,후쿠다 토모히로,팬덤북스,전자책,1161690425 ,인문/역사,2023-03-10
2201,생활 예절,김불꽃,팬덤북스,전자책,1161690484 ,자기계발,2023-03-10
2202,적당한 거리 두기의 기술,명대성,팬덤북스,전자책,1161690727 ,자기계발,2023-03-10
2203,내일 고민은 내일 하는 걸로,스기타 다카시,팬덤북스,전자책,1161690956 ,자기계발,2023-03-10
2204,나만 잘하는 게 없어,이승민,풀빛,전자책,1161720383 ,아동,2023-03-10
2205,나는 138억 살,신동경,풀빛,전자책,1161720987 ,아동,2023-03-10
2206,연애의 행방,히가시노 게이고,소미미디어,전자책,1161903534 ,소설,2023-03-10
2207,마지막 의사는 벚꽃을 바라보며 그대를 그리워한다,니노미야 아츠토,소미미디어,전자책,1161904506 ,소설,2023-03-10
2208,"열 살, 채근담을 만나다",한영희,나무생각,전자책,1162180595 ,아동,2023-03-10
2209,이런 사람 만나지 마세요,유영만,나무생각,전자책,1162180722 ,시/에세이,2023-03-10
2210,세상에서 가장 짧은 세계사,존 허스트,위즈덤하우스,전자책,1162201045 ,인문/역사,2023-03-10
2211,"김영철, 타일러의 진짜 미국식 영어",김영철,위즈덤하우스,전자책,1162201517 ,국어/외국어,2023-03-10
2212,모든 순간이 너였다,하태완,위즈덤하우스,전자책,1162202912 ,시/에세이,2023-03-10
2213,아가미,구병모,위즈덤하우스,전자책,1162203390 ,소설,2023-03-10
2214,파과,구병모,위즈덤하우스,전자책,1162203625 ,소설,2023-03-10
2215,진작 할 걸 그랬어,김소영,위즈덤하우스,전자책,1162203633 ,시/에세이,2023-03-10
2216,"김영철, 타일러의 진짜 미국식 영어. 2",김영철,위즈덤하우스,전자책,1162204125 ,국어/외국어,2023-03-10
2217,고단백 저탄수화물 다이어트 레시피,박지우,위즈덤하우스,전자책,1162205040 ,가정/생활/요리,2023-03-10
2218,몰입 영어,황농문,위즈덤하우스,전자책,1162207175 ,국어/외국어,2023-03-10
2219,올리버쌤의 영어 꿀팁,올리버 샨 그랜트,위즈덤하우스,전자책,1162209895 ,국어/외국어,2023-03-10
2220,리밸런싱,박홍기,좋은땅,전자책,1162228903 ,경제경영,2023-03-10
2221,풍선으로 만나는 과학실험,이정원,좋은땅,전자책,1162229705 ,아동,2023-03-10
2222,나는 직원 없이도 10억 번다,일레인 포펠트,비즈니스북스,전자책,1162540125 ,경제경영,2023-03-10
2223,유튜브의 신,대도서관,비즈니스북스,전자책,1162540168 ,자기계발,2023-03-10
2224,27년 동안 영어 공부에 실패했던 39세 김과장은 어떻게 3개월 만에 영어 천재가 됐을까,김영익,비즈니스북스,전자책,1162540184 ,자기계발,2023-03-10
2225,나는 매일 책을 읽기로 했다,김범준,비즈니스북스,전자책,1162540273 ,자기계발,2023-03-10
2226,10년 동안 적금밖에 모르던 39세 김 과장은 어떻게 1년 만에 부동산 천재가 됐을까,김재수(렘군),비즈니스북스,전자책,1162540389 ,경제경영,2023-03-10
2227,돈을 부르는 말버릇,미야모토 마유미,비즈니스북스,전자책,1162540400 ,자기계발,2023-03-10
2228,하워드 막스 투자와 마켓 사이클의 법칙,하워드 막스,비즈니스북스,전자책,116254046X,경제경영,2023-03-10
2229,완벽한 재무제표 읽기,이강연,비즈니스북스,전자책,1162540486 ,경제경영,2023-03-10
2230,서른과 마흔 사이 나를 되돌아볼 시간,미리암 프리스,비즈니스북스,전자책,1162540559 ,자기계발,2023-03-10
2231,뉴파워: 새로운 권력의 탄생,제러미 하이먼즈,비즈니스북스,전자책,1162540591 ,경제경영,2023-03-10
2232,아주 작은 습관의 힘,제임스 클리어,비즈니스북스,전자책,1162540648 ,자기계발,2023-03-10
2233,1일 1행의 기적,유근용,비즈니스북스,전자책,1162540672 ,자기계발,2023-03-10
2234,머니패턴,이요셉,비즈니스북스,전자책,1162540699 ,경제경영,2023-03-10
2235,스킨 인 더 게임(Skin in the Game),나심 니콜라스 탈레브,비즈니스북스,전자책,116254080X,경제경영,2023-03-10
2236,블록체인 트렌드 2020,커넥팅랩,비즈니스북스,전자책,1162540885 ,경제경영,2023-03-10
2237,최강의 인생,데이브 아스프리,비즈니스북스,전자책,1162540907 ,자기계발,2023-03-10
2238,돈의 감각,이명로(상승미소),비즈니스북스,전자책,1162540982 ,경제경영,2023-03-10
2239,아침의 재발견,모기 겐이치로,비즈니스북스,전자책,1162541008 ,자기계발,2023-03-10
2240,"뇌, 욕망의 비밀을 풀다",한스 게오르크 호이젤,비즈니스북스,전자책,1162541024 ,경제경영,2023-03-10
2241,모바일 미래보고서 2020,커넥팅랩,비즈니스북스,전자책,1162541083 ,경제경영,2023-03-10
2242,세계미래보고서 2020,박영숙,비즈니스북스,전자책,1162541105 ,경제경영,2023-03-10
2243,상해임시정부,정명섭,고즈넉이엔티,전자책,1163160288 ,소설,2023-03-10
2244,바다를 존중하세요,키아라 카르미나티,책속물고기,전자책,1163270008 ,아동,2023-03-10
2245,옥수수를 관찰하세요,크리스티아나 풀치넬리,책속물고기,전자책,1163270210 ,아동,2023-03-10
2246,철학 진작 배울걸 그랬네,장즈하오,베이직북스,전자책,1163400033 ,인문/역사,2023-03-10
2247,모든 삶은 서툴다,미셸 드 몽테뉴 외,베이직북스,전자책,1163400068 ,시/에세이,2023-03-10
2248,매일 10분으로 끝장내는 기적의 영어회화패턴,The Calling(더 콜링),베이직북스,전자책,1163400106 ,국어/외국어,2023-03-10
2249,여행 영어,더 콜링,베이직북스,전자책,1163400130 ,국어/외국어,2023-03-10
2250,심리학 진작 배울걸 그랬네,린쟈오센,베이직북스,전자책,1163400173 ,인문/역사,2023-03-10
2251,행동 뒤에 숨은 심리학,이영직,스마트비즈니스,전자책,1163430021 ,인문/역사,2023-03-10
2252,주식의 바다에서 서핑하듯 투자하라,알렉스 강,스마트비즈니스,전자책,1163430145 ,경제경영,2023-03-10
2253,댐키퍼,톤코하우스,소미미디어,전자책,1163895660 ,유아,2023-03-10
2254,숨,테드 창,엘리,전자책,1164050273 ,소설,2023-03-10
2255,내 머릿속 청소법,김경록,책들의정원,전자책,1164160176 ,자기계발,2023-03-10
2256,빨강 머리 앤,루시 모드 몽고메리,더모던,전자책,1164450085 ,소설,2023-03-10
2257,어린이를 위한 동물 복지 이야기,한화주,팜파스,전자책,1170262163 ,아동,2023-03-10
2258,읽기와 쓰기를 다 잘하고 싶은 사람이라면 지금 당장 베껴쓰기,송숙희,팜파스,전자책,1170262325 ,인문/역사,2023-03-10
2259,"미안해, 실수로 널 쏟았어",정다연,믹스커피,전자책,1170430171 ,시/에세이,2023-03-10
2260,영화관에 간 클래식,김태용,페이스메이커,전자책,1170430260 ,예술/대중문화,2023-03-10
2261,환율도 모르고 경제 공부할 뻔했다,이낙원,원앤원북스,전자책,117043035X,경제경영,2023-03-10
2262,네이버 증권으로 배우는 주식투자 실전 가이드북,알렉스 강,스마트비즈니스,전자책,1185021965 ,경제경영,2023-03-10
2263,꿈꾸는 다락방,이지성,차이정원,전자책,1185035958 ,자기계발,2023-03-10
2264,미쓰리즘. 1,이보람,북로드,전자책,1185051775 ,웹툰,2023-03-10
2265,미쓰리즘 2,이보람,북로드,전자책,1185051783 ,웹툰,2023-03-10
2266,더 클럽,타키스 뷔르거,황소자리,전자책,118509380X,소설,2023-03-10
2267,내 문장이 그렇게 이상한가요?,김정선,유유,전자책,1185152431 ,인문/역사,2023-03-10
2268,데일카네기 자기관리론,데일 카네기,베이직북스,전자책,1185160973 ,자기계발,2023-03-10
2269,젊은 갑부 만드는 대박 가게,이정애,레몬북스,전자책,1185257705 ,경제경영,2023-03-10
2270,1분 안에 말하라,사이토 다카시,라이스메이커,전자책,1185392815 ,자기계발,2023-03-10
2271,핵심 서양미술사,제라르 드니조,클,전자책,118550270X,예술/대중문화,2023-03-10
2272,최진기의 경제상식 오늘부터 1일,최진기,스마트북스,전자책,1185541810 ,경제경영,2023-03-10
2273,나는 4시간만 일한다,팀 페리스,다른상상,전자책,1185584455 ,자기계발,2023-03-10
2274,엄마 반성문,이유남,덴스토리(Denstory),전자책,1185716548 ,가정/생활/요리,2023-03-10
2275,한국의 SNS 부자들,서재영,더블북,전자책,1185853650 ,경제경영,2023-03-10
2276,괜찮다고 말하기 전에,고매력,지식인하우스,전자책,1185959599 ,시/에세이,2023-03-10
2277,이름 붙일 수 없는 마음,고매력,지식인하우스,전자책,1185959734 ,시/에세이,2023-03-10
2278,고민 중독자들에게(리커버 에디션),고매력,지식인하우스,전자책,1185959874 ,시/에세이,2023-03-10
2279,세상 편한 유아식판식,박현규,베가북스,전자책,118613772X,가정/생활/요리,2023-03-10
2280,혼자 강해지는 힘! 셀프 리더십,정경호,리텍콘텐츠,전자책,1186151056 ,자기계발,2023-03-10
2281,걱정이 많아서 걱정인 당신에게,한창욱,정민미디어,전자책,1186276606 ,자기계발,2023-03-10
2282,아이스크림 걸음!,박종진,소원나무,전자책,1186531770 ,아동,2023-03-10
2283,구멍을 주웠어,켈리 캔비,소원나무,전자책,1186531800 ,유아,2023-03-10
2284,댓글왕 곰손 선생님,양승현,소원나무,전자책,118653186X,아동,2023-03-10
2285,거인이면 뭐 어때!,댄 야카리노,소원나무,전자책,1186531932 ,유아,2023-03-10
2286,영어는 3단어로,나카야마 유키코,인플루엔셜,전자책,1186560460 ,국어/외국어,2023-03-10
2287,수학이 필요한 순간,김민형,인플루엔셜,전자책,1186560789 ,과학/공학,2023-03-10
2288,구글 스토리(The Google Story),데이비드 A. 바이스,인플루엔셜,전자책,1186560932 ,경제경영,2023-03-10
2289,고민이 고민입니다,하지현,인플루엔셜,전자책,1186560940 ,인문/역사,2023-03-10
2290,이제껏 너를 친구라고 생각했는데,성유미,인플루엔셜,전자책,1186560959 ,인문/역사,2023-03-10
2291,"명견만리: 불평등, 병리, 금융, 지역 편",KBS <명견만리> 제작팀,인플루엔셜,전자책,1186560975 ,경제경영,2023-03-10
2292,말하는 수학,양환주,글로세움,전자책,1186578726 ,과학/공학,2023-03-10
2293,1분 전달력,이토 요이치,움직이는서재,전자책,1186592486 ,자기계발,2023-03-10
2294,하고 싶은 대로 살아도 괜찮아(교보문고 단독 양장 에디션),윤정은,애플북스,전자책,1186639709 ,시/에세이,2023-03-10
2295,보이는 경제 세계사,오형규,글담,전자책,1186650699 ,인문/역사,2023-03-10
2296,개떡 같은 기분에서 벗어나는 법,안드레아 오언,글담,전자책,1186650729 ,자기계발,2023-03-10
2297,관계도 반품이 됩니다,박민근,글담,전자책,1186650788 ,자기계발,2023-03-10
2298,나만의 박물관,에마 루이스,책속물고기,전자책,1186670908 ,아동,2023-03-10
2299,가짜 나무에 가까이 가지 마!,야네카 스호펠트,책속물고기,전자책,1186670916 ,아동,2023-03-10
2300,당신의 진짜 인생은,오시마 마스미,무소의뿔,전자책,1186686243 ,소설,2023-03-10
2301,인생 우화,류시화,연금술사,전자책,1186686340 ,소설,2023-03-10
2302,지구별 여행자,류시화,연금술사,전자책,1186686456 ,시/에세이,2023-03-10
2303,2억 빚을 진 내게 우주님이 가르쳐준 운이 풀리는 말버릇,고이케 히로시,나무생각,전자책,1186688963 ,자기계발,2023-03-10
2304,엄마 심리 수업,윤우상,심플라이프,전자책,1186757426 ,인문/역사,2023-03-10
2305,삶의 무기가 되는 심리학,레온 빈트샤이트,심플라이프,전자책,1186757469 ,인문/역사,2023-03-10
2306,매일 1시간 쓱 보면 툭 나오는 영어 공부법,성재원,베프북스,전자책,1186834803 ,자기계발,2023-03-10
2307,씽크 스몰(Think small),오웨인 서비스,별글,전자책,1186877634 ,자기계발,2023-03-10
2308,새는 날아가면서 뒤돌아보지 않는다,류시화,더숲,전자책,1186900229 ,시/에세이,2023-03-10
2309,좋은지 나쁜지 누가 아는가,류시화,더숲,전자책,1186900784 ,시/에세이,2023-03-10
2310,그리스 로마 신화,에디스 해밀턴,현대지성,전자책,1187142204 ,인문/역사,2023-03-10
2311,명상록,마르쿠스 아우렐리우스,현대지성,전자책,1187142379 ,인문/역사,2023-03-10
2312,황금 당나귀,루키우스 아풀레이우스,현대지성,전자책,1187142522 ,소설,2023-03-10
2313,자치통감,사마광,현대지성,전자책,1187142824 ,인문/역사,2023-03-10
2314,하마터면 회계를 모르고 일할 뻔했다!,김수헌,어바웃어북,전자책,1187150479 ,경제경영,2023-03-10
2315,2020 세금 완전정복,택스워치팀,어바웃어북,전자책,1187150622 ,경제경영,2023-03-10
2316,백퍼 일본어 회화체,임단비,라즈베리,전자책,1187152021 ,국어/외국어,2023-03-10
2317,마이클의 오늘의 표현,마이클 엘리엇,라즈베리,전자책,1187152269 ,국어/외국어,2023-03-10
2318,직업을 파는 상점,조경희,M&Kids,전자책,1187153192 ,아동,2023-03-10
2319,유튜브 전쟁,양은진,M&Kids,전자책,118715329X,아동,2023-03-10
2320,마인드셋,캐럴 드웩,스몰빅라이프,전자책,118716528X,자기계발,2023-03-10
2321,이것은 사업을 위한 최소한의 지식이다,야마다 신야,스몰빅인사이트,전자책,1187165360 ,경제경영,2023-03-10
2322,말센스(교보문고 리커버 한정판),셀레스트 헤들리,스몰빅라이프,전자책,1187165468 ,자기계발,2023-03-10
2323,다윈이 자기계발서를 쓴다면,테리 버넘,스몰빅라이프,전자책,1187165506 ,자기계발,2023-03-10
2324,다다다 다른 별 학교,윤진현,천개의바람,전자책,1187287822 ,아동,2023-03-10
2325,뭔가 특별한 아저씨,진수경,천개의바람,전자책,1187287903 ,아동,2023-03-10
2326,70%의 비밀,이민희,천개의바람,전자책,1187287962 ,아동,2023-03-10
2327,트렌드 노트(2020),염한결,북스톤,전자책,1187289728 ,경제경영,2023-03-10
2328,나를 바꿀 자유,김민기,프레너미,전자책,1187383376 ,자기계발,2023-03-10
2329,자기혁명 독서법,이재범(핑크팬더),프레너미,전자책,1187383473 ,자기계발,2023-03-10
2330,슈퍼 히어로 학교,임지형,고래가숨쉬는도서관,전자책,1187427659 ,아동,2023-03-10
2331,"용왕님네, 물 주쇼!",박영옥,고래가숨쉬는도서관,전자책,1187427764 ,아동,2023-03-10
2332,언스크립티드,엠제이 드마코,토트,전자책,1187444219 ,경제경영,2023-03-10
2333,부의 본능,브라운스톤,토트,전자책,1187444286 ,경제경영,2023-03-10
2334,온라인 쇼핑의 종말,바이난트 용건,지식노마드,전자책,1187481483 ,경제경영,2023-03-10
2335,앞으로 5년 한국의 미래 시나리오,최윤식,지식노마드,전자책,118748153X,경제경영,2023-03-10
2336,고요할수록 밝아지는 것들,혜민 스님,수오서재,전자책,1187498386 ,시/에세이,2023-03-10
2337,최강의 식사,데이브 아스프리,앵글북스,전자책,1187512141 ,건강/의학,2023-03-10
2338,최강의 레시피,데이브 아스프리,앵글북스,전자책,1187512338 ,가정/생활/요리,2023-03-10
2339,돈의 신에게 사랑 받는 3줄의 마법,후지모토 사키코,앵글북스,전자책,1187512370 ,자기계발,2023-03-10
2340,짠맛의 힘,김은숙,앵글북스,전자책,1187512397 ,건강/의학,2023-03-10
2341,과학이라는 헛소리,박재용,MID,전자책,1187601608 ,과학/공학,2023-03-10
2342,280일,전혜진,구픽,전자책,1187886408 ,소설,2023-03-10
2343,고통은 나눌 수 있는가,엄기호,나무연필,전자책,118789012X,정치/사회,2023-03-10
2344,"아들아, 삶에 지치고 힘들 때 이 글을 읽어라",윤태진,다연,전자책,1187962333 ,자기계발,2023-03-10
2345,심리학이 이렇게 쓸모 있을 줄이야,류쉬안,다연,전자책,1187962546 ,자기계발,2023-03-10
2346,"앞으로 10년, 대한민국 부동산(2019-2029)",김장섭(조던),트러스트북스,전자책,1187993573 ,경제경영,2023-03-10
2347,대한민국 부동산 흐름 읽는 법,신진수,트러스트북스,전자책,1187993646 ,경제경영,2023-03-10
2348,당신의 과거를 지워드립니다,비프케 로렌츠,레드박스,전자책,1188039172 ,소설,2023-03-10
2349,코코지니의 친절한 재봉틀 교실,유진희,이덴슬리벨,전자책,1188053388 ,여행/취미,2023-03-10
2350,나는 부동산 투자로 인생을 아웃소싱했다,이나금,나비의활주로,전자책,118823028X,경제경영,2023-03-10
2351,"저듸, 곰새기",장수진,아이들은자연이다,전자책,1188236113 ,아동,2023-03-10
2352,우리는 언젠가 만난다(1주년 한정 리커버 특별판),채사장,웨일북(whalebooks),전자책,118824812X,인문/역사,2023-03-10
2353,"오해하지 않는 연습, 오해받지 않을 권리",김보광,웨일북(whalebooks),전자책,1188248316 ,인문/역사,2023-03-10
2354,90년생이 온다,임홍택,웨일북(whalebooks),전자책,1188248677 ,경제경영,2023-03-10
2355,당신은 왜 인간입니까,송은주,웨일북(whalebooks),전자책,1188248839 ,인문/역사,2023-03-10
2356,애프터. 1: 치명적인 남자,안나 토드,콤마,전자책,1188253034 ,소설,2023-03-10
2357,애프터. 2: 이게 사랑일까,안나 토드,콤마,전자책,1188253042 ,소설,2023-03-10
2358,당신의 운동은 몸개그였다,유창성,망고나무,전자책,1188279343 ,건강/의학,2023-03-10
2359,반도체 제국의 미래,정인성,이레미디어,전자책,1188279637 ,경제경영,2023-03-10
2360,오직 스스로의 힘으로 백만장자가 된 사람들의 52가지 공통점,앤 마리 사바스,스노우폭스북스,전자책,1188331493 ,자기계발,2023-03-10
2361,이직의 정석,정구철,스노우폭스북스,전자책,1188331671 ,자기계발,2023-03-10
2362,죽음의 에티켓,롤란트 슐츠,스노우폭스북스,전자책,1188331744 ,인문/역사,2023-03-10
2363,말은 운명의 조각칼이다,이민호,천그루숲,전자책,1188348329 ,자기계발,2023-03-10
2364,크러싱 잇! SNS로 부자가 된 사람들,게리 바이너척,천그루숲,전자책,1188348396 ,경제경영,2023-03-10
2365,생각정리기획력,복주환,천그루숲,전자책,1188348418 ,자기계발,2023-03-10
2366,"인싸의 시대, 그들은 무엇에 지갑을 여는가?",노준영,천그루숲,전자책,1188348531 ,경제경영,2023-03-10
2367,꿈꾸는 다락방. 2,이지성,차이정원,전자책,1188388398 ,자기계발,2023-03-10
2368,아들 셋 엄마의 돈 되는 독서,김유라,차이정원,전자책,1188388681 ,자기계발,2023-03-10
2369,만세열전,조한성,생각정원,전자책,1188388754 ,인문/역사,2023-03-10
2370,결국 이기는 사마의,친타오,더봄,전자책,1188522310 ,인문/역사,2023-03-10
2371,오늘부로 일 년간 휴직합니다,몽돌,빌리버튼,전자책,1188545566 ,시/에세이,2023-03-10
2372,"전업맘, 재테크로 매년 3000만 원 벌다",슈엔슈,참돌,전자책,1188601180 ,경제경영,2023-03-10
2373,된다! 김메주의 유튜브 영상 만들기,김혜주,이지스퍼블리싱,전자책,1188612956 ,IT/프로그래밍,2023-03-10
2374,세상에서 가장 재미있는 61가지 심리실험: 인간관계편,이케가야 유지,사람과나무사이,전자책,1188635166 ,인문/역사,2023-03-10
2375,세계사를 바꾼 13가지 식물,이나가키 히데히로,사람과나무사이,전자책,1188635212 ,인문/역사,2023-03-10
2376,연애하지 않을 권리,엘리,카시오페아,전자책,1188674463 ,시/에세이,2023-03-10
2377,엄마의 뇌에 말을 걸다,이재우,카시오페아,전자책,1188674730 ,과학/공학,2023-03-10
2378,다시 쓰는 주식 투자 교과서,서준식,에프엔미디어,전자책,1188754084 ,경제경영,2023-03-10
2379,주식시장은 어떻게 반복되는가,켄 피셔,에프엔미디어,전자책,1188754165 ,경제경영,2023-03-10
2380,마이클 모부신 운과 실력의 성공 방정식,마이클 모부신,에프엔미디어,전자책,1188754203 ,경제경영,2023-03-10
2381,아이의 뇌에 상처 입히는 부모들,도모다 아케미,북라이프,전자책,1188850385 ,가정/생활/요리,2023-03-10
2382,세계사를 바꾼 12가지 신소재,사토 겐타로,북라이프,전자책,1188850628 ,인문/역사,2023-03-10
2383,지구에서 한아뿐,정세랑,난다,전자책,1188862294 ,소설,2023-03-10
2384,올클리어. 1,코니 윌리스,아작,전자책,1189015447 ,소설,2023-03-10
2385,올클리어. 2,코니 윌리스,아작,전자책,1189015455 ,소설,2023-03-10
2386,역향유괴,원샨,아작,전자책,1189015528 ,소설,2023-03-10
2387,바보아저씨의 경제 이야기,바보아저씨,바른북스,전자책,1189040468 ,경제경영,2023-03-10
2388,스마트스토어 마케팅,고아라,라온북,전자책,1189089440 ,경제경영,2023-03-10
2389,노마드 비즈니스맨,이승준,라온북,전자책,1189089580 ,자기계발,2023-03-10
2390,평생 돈운이 좋아지는 4주의 기적,Baro 황수현,라온북,전자책,1189089971 ,자기계발,2023-03-10
2391,오! 나의 달님,김지영,북극곰,전자책,1189164116 ,아동,2023-03-10
2392,탈코일기. 1,작가1,북로그컴퍼니,전자책,1189166712 ,시/에세이,2023-03-10
2393,탈코일기. 2,작가1,북로그컴퍼니,전자책,1189166720 ,시/에세이,2023-03-10
2394,신의 아이. 1,야쿠마루 가쿠,몽실북스,전자책,1189178060 ,소설,2023-03-10
2395,신의 아이. 2,야쿠마루 가쿠,몽실북스,전자책,1189178079 ,소설,2023-03-10
2396,내 운명은 고객이 결정한다,박종윤,쏭북스,전자책,1189183056 ,경제경영,2023-03-10
2397,뿌리가 튼튼한 사람이 되고 싶어,신미경,뜻밖,전자책,1189271273 ,시/에세이,2023-03-10
2398,150년 하버드 글쓰기 비법,송숙희,유노북스,전자책,1189279215 ,인문/역사,2023-03-10
2399,퇴근길 클래식 수업,나웅준,페이스메이커,전자책,1189344319 ,예술/대중문화,2023-03-10
2400,임유정의 목소리 트레이닝,임유정,원앤원북스,전자책,1189344416 ,자기계발,2023-03-10
2401,우리는 왜 죽음을 두려워할 필요 없는가,정현채,비아북,전자책,1189426072 ,인문/역사,2023-03-10
2402,어린 왕자,앙투안 드 생텍쥐페리,더모던,전자책,1189581396 ,소설,2023-03-10
2403,군주론,니콜로 마키아벨리,더클래식,전자책,1189581418 ,인문/역사,2023-03-10
2404,스몰토크: 대화가 쉬워지는 말의 공식,임철웅,42미디어콘텐츠,전자책,1189620146 ,자기계발,2023-03-10
2405,빌어먹을 놈은 아니지만,김미조,42미디어콘텐츠,전자책,1189620464 ,소설,2023-03-10
2406,인류를 구한 12가지 약 이야기,정승규,반니,전자책,1189653184 ,인문/역사,2023-03-10
2407,야나두 영어회화(멀티eBook),원예나,라곰,전자책,1189686023 ,국어/외국어,2023-03-10
2408,나는 유튜브로 영어를 배웠다,김영기(날라리데이브),라곰,전자책,1189686074 ,자기계발,2023-03-10
2409,싫다면서 하고 있어 하하하(리커버),최현정,위즈덤하우스,전자책,1189709473 ,시/에세이,2023-03-10
2410,"김영철, 타일러의 진짜 미국식 영어. 3",김영철,위즈덤하우스,전자책,1189709600 ,국어/외국어,2023-03-10
2411,한중일 힘의 대전환,우수근,위즈덤하우스,전자책,1189709694 ,경제경영,2023-03-10
2412,여자 둘이 살고 있습니다,김하나,위즈덤하우스,전자책,1189709813 ,시/에세이,2023-03-10
2413,기억되는 것은 사라지지 않는다,진용주,단추,전자책,1189723018 ,인문/역사,2023-03-10
2414,글담,우종태,예미,전자책,1189877120 ,인문/역사,2023-03-10
2415,메모 독서법,신정철,위즈덤하우스,전자책,1189938332 ,인문/역사,2023-03-10
2416,이유가 있어서 멸종했습니다,마루야마 다카시,위즈덤하우스,전자책,1189938766 ,아동,2023-03-10
2417,회복탄력성(15만부 기념 리커버),김주환,위즈덤하우스,전자책,1189938774 ,자기계발,2023-03-10
2418,리테일의 미래,황지영,인플루엔셜,전자책,1189995034 ,경제경영,2023-03-10
2419,존엄하게 산다는 것,게랄트 휘터,인플루엔셜,전자책,1189995077 ,인문/역사,2023-03-10
2420,한자와 나오키. 1: 당한 만큼 갚아준다,이케이도 준,인플루엔셜,전자책,1189995093 ,소설,2023-03-10
2421,한자와 나오키. 2: 복수는 버티는 자의 것이다,이케이도 준,인플루엔셜,전자책,1189995107 ,소설,2023-03-10
2422,리더는 하루에 백 번 싸운다,조우성,인플루엔셜,전자책,118999531X,자기계발,2023-03-10
2423,디커플링,탈레스 S. 테이셰이라,인플루엔셜,전자책,1189995379 ,경제경영,2023-03-10
2424,밀레니얼 이코노미,홍춘욱,인플루엔셜,전자책,1189995395 ,경제경영,2023-03-10
2425,자신감 수업,수전 제퍼스,마인드빌딩,전자책,1190015056 ,자기계발,2023-03-10
2426,"다시, 책으로",매리언 울프,어크로스,전자책,1190030055 ,인문/역사,2023-03-10
2427,나는 커서 행복한 사람이 될 거야,안나 모라토 가르시아,천문장,전자책,1190031000 ,아동,2023-03-10
2428,"박막례, 이대로 죽을 순 없다",박막례,위즈덤하우스,전자책,1190065673 ,시/에세이,2023-03-10
2429,올리버쌤의 실전 영어꿀팁 100,올리버 샨 그랜트,위즈덤하우스,전자책,1190065975 ,국어/외국어,2023-03-10
2430,글의 품격,이기주,황소북스,전자책,1190078007 ,인문/역사,2023-03-10
2431,죽음을 보는 재능,M. J. 알리지,북플라자,전자책,1190157004 ,소설,2023-03-10
2432,부자들의 비밀노트,강은규,서사원,전자책,1190179059 ,경제경영,2023-03-10
2433,나를 잃기 싫어서 영어 공부를 시작했다,이정민,위즈덤하우스,전자책,1190182467 ,자기계발,2023-03-10
2434,제 인생에 답이 없어요,선바,위즈덤하우스,전자책,1190182645 ,시/에세이,2023-03-10
2435,나는 알리바바로 40억 번다,서이랑,라온북,전자책,119023310X,경제경영,2023-03-10
2436,나의 첫번째 머니 다이어리,미스 페니(진예지),스마트북스,전자책,1190238004 ,경제경영,2023-03-10
2437,트렌드 모니터(2020),최인수,시크릿하우스,전자책,1190259087 ,경제경영,2023-03-10
2438,홀이금하. 1,명전우후,위즈덤하우스,전자책,1190305402 ,소설,2023-03-10
2439,홀이금하. 2,명전우후,위즈덤하우스,전자책,1190305410 ,소설,2023-03-10
2440,50부터는 인생관을 바꿔야 산다,사이토 다카시,센시오,전자책,1190356031 ,자기계발,2023-03-10
2441,"그해, 여름 손님",안드레 애치먼,잔,전자책,1195061447 ,소설,2023-03-10
2442,라이프 리스트,로리 넬슨 스필먼,나무옆의자,전자책,1195500637 ,소설,2023-03-10
2443,베일리 어게인(A Dog’s Purpose),W. 브루스 카메론,페티앙북스,전자책,1195500939 ,소설,2023-03-10
2444,알면서도 알지 못하는 것들(리커버 스페셜 에디션),김승호,스노우폭스북스,전자책,1195963300 ,자기계발,2023-03-10
2445,"한국, 한국인",마이클 브린,실레북스,전자책,1195984987 ,정치/사회,2023-03-10
2446,12가지 인생의 법칙,조던 B. 피터슨,메이븐,전자책,1196067694 ,인문/역사,2023-03-10
2447,대담한 작전,유발 하라리,프시케의숲,전자책,1196155615 ,인문/역사,2023-03-10
2448,당신은 개를 키우면 안 된다,강형욱,혜다,전자책,1196219389 ,여행/취미,2023-03-10
2449,지방 대사 켜는 스위치온 다이어트,박용우,루미너스,전자책,1196334706 ,건강/의학,2023-03-10
2450,생각의 보폭,모리 히로시,마인드빌딩,전자책,1196339031 ,인문/역사,2023-03-10
2451,현금의 재발견,윌리엄 손다이크,마인드빌딩,전자책,1196339090 ,경제경영,2023-03-10
2452,변하는 것과 변하지 않는 것(교보문고 단독 한정 리커버),강민호,턴어라운드,전자책,1196372101 ,경제경영,2023-03-10
2453,브랜드가 되어 간다는 것,강민호,턴어라운드,전자책,1196372152 ,경제경영,2023-03-10
2454,갖다 버리고 싶어도 내 인생,하수연,턴어라운드,전자책,1196372179 ,자기계발,2023-03-10
2455,돈을 좋아하는 사람 돈이 좋아하는 사람,사쿠라가와 신이치,경원북스,전자책,1196372799 ,자기계발,2023-03-10
2456,한 권으로 정리하는 4차 산업혁명,최진기,이지퍼블리싱,전자책,1196376409 ,경제경영,2023-03-10
2457,나를 채우는 인문학,최진기,이지퍼블리싱,전자책,1196376492 ,인문/역사,2023-03-10
2458,B급 세계사,김상훈,행복한작업실,전자책,119638150X,인문/역사,2023-03-10
2459,죽고 싶지만 떡볶이는 먹고 싶어,백세희,흔,전자책,1196394504 ,시/에세이,2023-03-10
2460,죽고 싶지만 떡볶이는 먹고 싶어. 2,백세희,흔,전자책,1196394571 ,시/에세이,2023-03-10
2461,끌리는 것들의 비밀,윤정원,라곰,전자책,1196453152 ,경제경영,2023-03-10
2462,당신의 마음을 안아줄게요,김지훈,진심의꽃한송이,전자책,1196484244 ,시/에세이,2023-03-10
2463,아마존 vs. 구글 미래전쟁,강정우,시크릿하우스,전자책,1196508933 ,경제경영,2023-03-10
2464,백 살까지 유쾌하게 나이 드는 법,이근후,메이븐,전자책,1196509417 ,인문/역사,2023-03-10
2465,네이비씰 승리의 기술,조코 윌링크,메이븐,전자책,1196509468 ,경제경영,2023-03-10
2466,나는 나무에게 인생을 배웠다: 세상에서 가장 나이 많고 지혜로운 철학자,우종영,메이븐,전자책,1196509484 ,인문/역사,2023-03-10
2467,쓸모인류,빈센트,몽스북,전자책,1196519005 ,인문/역사,2023-03-10
2468,심미안 수업,윤광준,지와인,전자책,1196533407 ,인문/역사,2023-03-10
2469,다가오는 말들,은유,어크로스,전자책,1196587353 ,인문/역사,2023-03-10
2470,뭘 할지는 모르지만 아무거나 하긴 싫어,이동진,트래블코드,전자책,1196607702 ,경제경영,2023-03-10
2471,사업을 한다는 것,레이 크록,센시오,전자책,1196621950 ,경제경영,2023-03-10
2472,외모에는 반드시 그 사람의 심리가 드러나게 되어있다,시부야 쇼조,센시오,전자책,1196621977 ,자기계발,2023-03-10
2473,"다시 부동산을 생각한다 부동산 규제 시대, 세그먼트가 답이다",채상욱,라이프런,전자책,1196625905 ,경제경영,2023-03-10
2474,회사개조,사에쿠사 타다시,센시오,전자책,1196727171 ,경제경영,2023-03-10
2475,스몰 자이언츠가 온다,보 벌링엄,넥스트북스,전자책,1196739404 ,경제경영,2023-03-10
2476,골든 슬럼버,이사카 코타로,웅진지식하우스,전자책,8901082810 ,소설,2023-03-10
2477,클루지,개리 마커스,갤리온,전자책,890109018X,인문/역사,2023-03-10
2478,넛지 똑똑한 선택을 이끄는 힘,리처드 탈러,리더스북,전자책,8901093154 ,경제경영,2023-03-10
2479,FBI 행동의 심리학,조 내버로,리더스북,전자책,8901110806 ,자기계발,2023-03-10
2480,청춘의 독서,유시민,웅진지식하우스,전자책,8901218151 ,인문/역사,2023-03-10
2481,콘텐츠의 미래,바라트 아난드,리더스북,전자책,8901219468 ,경제경영,2023-03-10
2482,신경 끄기의 기술,마크 맨슨,갤리온,전자책,8901219948 ,자기계발,2023-03-10
2483,최고의 선택,김형철,리더스북,전자책,8901221802 ,경제경영,2023-03-10
2484,하마터면 열심히 살 뻔했다,하완,웅진지식하우스,전자책,8901223031 ,시/에세이,2023-03-10
2485,순간의 힘,칩 히스,웅진지식하우스,전자책,8901225042 ,경제경영,2023-03-10
2486,"중년, 잠시 멈춤",마리나 벤저민,웅진지식하우스,전자책,8901226057 ,인문/역사,2023-03-10
2487,나는 회사 다니면서 공부하기로 했다,사토 다카유키,리더스북,전자책,8901226596 ,자기계발,2023-03-10
2488,비커밍,미셸 오바마,웅진지식하우스,전자책,8901227584 ,인문/역사,2023-03-10
2489,돈을 낳는 법칙,가야 게이치,리더스북,전자책,8901228572 ,자기계발,2023-03-10
2490,초예측,유발 하라리,웅진지식하우스,전자책,8901229617 ,인문/역사,2023-03-10
2491,시작의 기술,개리 비숍,웅진지식하우스,전자책,8901230658 ,자기계발,2023-03-10
2492,스몰빅,제프 헤이든,리더스북,전자책,8901230763 ,자기계발,2023-03-10
2493,나의 월급 독립 프로젝트,유목민,리더스북,전자책,8901230801 ,경제경영,2023-03-10
2494,나쁜 감정을 삶의 무기로 바꾸는 기술,나이토 요시히토,갤리온,전자책,8901231131 ,자기계발,2023-03-10
2495,타인보다 민감한 사람의 사랑,일레인 N. 아론,웅진지식하우스,전자책,8901231476 ,인문/역사,2023-03-10
2496,FBI 관찰의 기술,조 내버로,리더스북,전자책,8901232170 ,자기계발,2023-03-10
2497,청소부 매뉴얼,루시아 벌린,웅진지식하우스,전자책,8901232863 ,소설,2023-03-10
2498,에로틱 조선,박영규,웅진지식하우스,전자책,8901233029 ,인문/역사,2023-03-10
2499,386 세대유감,김정훈,웅진지식하우스,전자책,8901233363 ,정치/사회,2023-03-10
2500,희망 버리기 기술,마크 맨슨,갤리온,전자책,8901235153 ,자기계발,2023-03-10
2501,나의 하버드 수학 시간,정광근,웅진지식하우스,전자책,8901235625 ,자기계발,2023-03-10
2502,사기병,윤지회,웅진지식하우스,전자책,8901235714 ,시/에세이,2023-03-10
2503,여자의 뇌,루안 브리젠딘,웅진지식하우스,전자책,8901236680 ,인문/역사,2023-03-10
2504,몰입,황농문,알에이치코리아,전자책,8925514826 ,자기계발,2023-03-10
2505,화폐전쟁,쑹훙빙,랜덤하우스코리아,전자책,8925521199 ,경제경영,2023-03-10
2506,콰이어트,수전 케인,알에이치코리아,전자책,8925546876 ,자기계발,2023-03-10
2507,Money(머니),토니 로빈스,알에이치코리아,전자책,8925556820 ,경제경영,2023-03-10
2508,수상한 사람들,히가시노 게이고,알에이치코리아,전자책,8925560860 ,소설,2023-03-10
2509,가장 예쁜 생각을 너에게 주고 싶다,나태주,알에이치코리아,전자책,8925561824 ,시/에세이,2023-03-10
2510,범인 없는 살인의 밤,히가시노 게이고,알에이치코리아,전자책,8925561948 ,소설,2023-03-10
2511,아르테미스,앤디 위어,알에이치코리아,전자책,8925562596 ,소설,2023-03-10
2512,아름다운 흉기,히가시노 게이고,알에이치코리아,전자책,8925563207 ,소설,2023-03-10
2513,"곰돌이 푸, 행복한 일은 매일 있어",곰돌이 푸 (원작),알에이치코리아,전자책,8925563355 ,시/에세이,2023-03-10
2514,11문자 살인사건,히가시노 게이고,알에이치코리아,전자책,8925563770 ,소설,2023-03-10
2515,선 긋기의 기술,와키 쿄코,알에이치코리아,전자책,8925563886 ,자기계발,2023-03-10
2516,나는 오늘도 경제적 자유를 꿈꾼다,청울림(유대열),알에이치코리아,전자책,8925564289 ,경제경영,2023-03-10
2517,그것은 사랑이 아니다,로빈 스턴,알에이치코리아,전자책,8925564300 ,인문/역사,2023-03-10
2518,나라는 이상한 나라,송형석,알에이치코리아,전자책,8925564890 ,인문/역사,2023-03-10
2519,첫눈을 기다리는 코딱지 코지,허정윤,주니어RHK,전자책,8925565129 ,아동,2023-03-10
2520,생각이 돈이 되는 순간,앨런 가넷,알에이치코리아,전자책,8925565161 ,경제경영,2023-03-10
2521,마음이 살짝 기운다,나태주,알에이치코리아,전자책,8925565730 ,시/에세이,2023-03-10
2522,제3의 시나리오. 1: 의문의 피살자,김진명,알에이치코리아,전자책,8925565870 ,소설,2023-03-10
2523,제3의 시나리오. 2: 오퍼레이션 페닌술라,김진명,알에이치코리아,전자책,8925565889 ,소설,2023-03-10
2524,편지,히가시노 게이고,알에이치코리아,전자책,8925566001 ,소설,2023-03-10
2525,월급쟁이 부자로 은퇴하라,너나위,알에이치코리아,전자책,8925566516 ,경제경영,2023-03-10
2526,나는 어른이 되어서도 가끔 울었다(스페셜 에디션),투에고,알에이치코리아,전자책,8925566567 ,시/에세이,2023-03-10
2527,타인을 안아주듯 나를 안았다,흔글,알에이치코리아,전자책,8925567024 ,시/에세이,2023-03-10
2528,호숫가 살인사건,히가시노 게이고,알에이치코리아,전자책,8925567199 ,소설,2023-03-10
2529,마이펫의 이중생활. 1,데이비드 루먼,주니어RHK,전자책,8925567660 ,아동,2023-03-10
2530,마이펫의 이중생활. 2,데이비드 루먼,주니어RHK,전자책,8925567695 ,아동,2023-03-10
2531,반려견의 진짜 속마음,나카니시 노리코,알에이치코리아,전자책,8925567814 ,여행/취미,2023-03-10
2532,백종원의 혼밥 메뉴,백종원,서울문화사,전자책,8926366219 ,가정/생활/요리,2023-03-10
2533,백종원의 장사 이야기,백종원,서울문화사,전자책,8926396908 ,경제경영,2023-03-10
2534,중국어 한자 암기 마스터,김안나,다락원,전자책,8927746473 ,국어/외국어,2023-03-10
2535,"호기심이 쿵쾅대는 한국사 아파트. 1: 선사 시대, 고조선",윤희진,다락원,전자책,8927746899 ,아동,2023-03-10
2536,"호기심이 쿵쾅대는 한국사 아파트. 2: 삼국 시대, 남북국 시대",윤희진,다락원,전자책,8927747119 ,아동,2023-03-10
2537,호기심이 쿵쾅대는 한국사 아파트. 3: 고려 시대,윤희진,다락원,전자책,8927747216 ,아동,2023-03-10
2538,호기심이 쿵쾅대는 한국사 아파트. 4: 조선 시대,윤희진,다락원,전자책,8927747313 ,아동,2023-03-10
2539,티키타카 구구단,다락원 어린이 출판부,다락원,전자책,8927747380 ,아동,2023-03-10
2540,호기심이 쿵쾅대는 한국사 아파트. 5: 근현대,윤희진,다락원,전자책,8927747410 ,아동,2023-03-10
2541,차이나는 클라스: 과학 문화 미래 편,JTBC<차이나는 클라스>제작진,중앙북스,전자책,8927810414 ,인문/역사,2023-03-10
2542,도덕적 인간과 비도덕적 사회,라인홀드 니버,문예출판사,전자책,8931000022 ,인문/역사,2023-03-10
2543,19호실로 가다,도리스 레싱,문예출판사,전자책,8931011016 ,소설,2023-03-10
2544,나는 아기 캐리어가 아닙니다,송해나,문예출판사,전자책,893101158X,시/에세이,2023-03-10
2545,사랑의 기술,에리히 프롬,문예출판사,전자책,8931011628 ,인문/역사,2023-03-10
2546,수미네 반찬,김수미,성안당,전자책,8931587015 ,가정/생활/요리,2023-03-10
2547,수미네 반찬. 2,김수미,성안당,전자책,8931587031 ,가정/생활/요리,2023-03-10
2548,어디서 살 것인가,유현준,을유문화사,전자책,8932473803 ,인문/역사,2023-03-10
2549,이기적 유전자(40주년 기념판),리처드 도킨스,을유문화사,전자책,8932473900 ,과학/공학,2023-03-10
2550,글자 풍경,유지원,을유문화사,전자책,8932473951 ,인문/역사,2023-03-10
2551,텅 빈 지구,대럴 브리커,을유문화사,전자책,8932474036 ,정치/사회,2023-03-10
2552,국화와 칼,루스 베네딕트,을유문화사,전자책,8932474133 ,인문/역사,2023-03-10
2553,개미. 1,베르나르 베르베르,열린책들,전자책,8932903506 ,소설,2023-03-10
2554,개미. 2,베르나르 베르베르,열린책들,전자책,8932903514 ,소설,2023-03-10
2555,개미. 3,베르나르 베르베르,열린책들,전자책,8932903522 ,소설,2023-03-10
2556,개미. 4,베르나르 베르베르,열린책들,전자책,8932903530 ,소설,2023-03-10
2557,개미. 5,베르나르 베르베르,열린책들,전자책,8932903549 ,소설,2023-03-10
2558,나무,베르나르 베르베르,열린책들,전자책,8932907870 ,소설,2023-03-10
2559,창문 넘어 도망친 100세 노인,요나스 요나손,열린책들,전자책,8932916195 ,소설,2023-03-10
2560,잠. 1,베르나르 베르베르,열린책들,전자책,8932918376 ,소설,2023-03-10
2561,잠. 2,베르나르 베르베르,열린책들,전자책,8932918384 ,소설,2023-03-10
2562,고양이. 1,베르나르 베르베르,열린책들,전자책,8932919127 ,소설,2023-03-10
2563,고양이. 2,베르나르 베르베르,열린책들,전자책,8932919135 ,소설,2023-03-10
2564,생각하지 않는 사람들,니콜라스 카,청림출판,전자책,8935208647 ,경제경영,2023-03-10
2565,"알고리즘, 인생을 계산하다",브라이언 크리스천,청림출판,전자책,8935212059 ,인문/역사,2023-03-10
2566,다산의 마지막 공부,조윤제,청림출판,전자책,8935212482 ,자기계발,2023-03-10
2567,초서 독서법,김병완,청림출판,전자책,8935212725 ,자기계발,2023-03-10
2568,채널 전쟁,오쿠타니 다카시,청림출판,전자책,8935212792 ,경제경영,2023-03-10
2569,상식 밖의 부자들,루이스 쉬프,청림출판,전자책,893521289X,경제경영,2023-03-10
2570,사람들 앞에 서는 게 두려워요,오카다 다카시,샘터(샘터사),전자책,8946472979 ,인문/역사,2023-03-10
2571,제로 투 원,피터 틸,한국경제신문사,전자책,8947529877 ,경제경영,2023-03-10
2572,파워풀,패티 맥코드,한국경제신문,전자책,8947543829 ,경제경영,2023-03-10
2573,구글이 목표를 달성하는 방식 OKR,크리스티나 워드케,한국경제신문,전자책,8947544272 ,경제경영,2023-03-10
2574,6개월에 천만 원 모으기,이대표,한국경제신문,전자책,8947544337 ,경제경영,2023-03-10
2575,변화의 시작 5AM 클럽,로빈 샤르마,한국경제신문,전자책,8947544434 ,자기계발,2023-03-10
2576,성공의 공식 포뮬러,앨버트 라슬로 바라바시,한국경제신문,전자책,894754485X,자기계발,2023-03-10
2577,1일 1짠 돈 습관,다음 짠돌이 카페 슈퍼짠 12인,한국경제신문,전자책,8947544981 ,경제경영,2023-03-10
2578,대망 1,야마오카 소하치,동서문화사,전자책,8949702924 ,소설,2023-03-10
2579,대망 2,야마오카 소하치,동서문화사,전자책,8949702932 ,소설,2023-03-10
2580,대망 3,야마오카 소하치,동서문화사,전자책,8949702940 ,소설,2023-03-10
2581,대망 4,야마오카 소하치,동서문화사,전자책,8949702959 ,소설,2023-03-10
2582,대망 5,야마오카 소하치,동서문화사,전자책,8949702967 ,소설,2023-03-10
2583,대망 6,야마오카 소하치,동서문화사,전자책,8949703092 ,소설,2023-03-10
2584,대망 7,야마오카 소하치,동서문화사,전자책,8949703106 ,소설,2023-03-10
2585,대망 8,야마오카 소하치,동서문화사,전자책,8949703114 ,소설,2023-03-10
2586,대망 9,야마오카 소하치,동서문화사,전자책,8949703122 ,소설,2023-03-10
2587,마법천자문. 1: 불어라 바람 풍,스튜디오 시리얼,아울북,전자책,8950936003 ,아동,2023-03-10
2588,마법천자문. 2: 솟아라 뿔각,스튜디오 시리얼,아울북,전자책,8950936011 ,아동,2023-03-10
2589,마법천자문. 3: 비춰라 빛 광,스튜디오 시리얼,아울북,전자책,895093602X,아동,2023-03-10
2590,마법천자문. 4: 울려라 소리 음,스튜디오 시리얼,아울북,전자책,8950936038 ,아동,2023-03-10
2591,마법천자문. 5: 열려라 열 개,스튜디오 시리얼,아울북,전자책,8950936046 ,아동,2023-03-10
2592,초전 설득,로버트 치알디니,21세기북스,전자책,8950959003 ,자기계발,2023-03-10
2593,평균의 종말,토드 로즈,21세기북스,전자책,8950963612 ,인문/역사,2023-03-10
2594,비하인드 도어,B. A. 패리스,아르테(arte),전자책,8950970880 ,소설,2023-03-10
2595,달콤한 노래,레일라 슬리마니,아르테(arte),전자책,8950972425 ,소설,2023-03-10
2596,수련,배철현,21세기북스,전자책,8950974185 ,인문/역사,2023-03-10
2597,Money 2.0(머니 2.0),사토 가쓰아키,21세기북스,전자책,895097441X,경제경영,2023-03-10
2598,여자들은 모르는 남자들의 심리,이성현,21세기북스,전자책,8950975769 ,시/에세이,2023-03-10
2599,굿 라이프,최인철,21세기북스,전자책,8950975912 ,자기계발,2023-03-10
2600,감정 부자가 된 키라,최형미,을파소,전자책,8950976129 ,아동,2023-03-10
2601,잘돼가? 무엇이든,이경미,아르테(arte),전자책,8950976323 ,시/에세이,2023-03-10
2602,오늘처럼 내가 싫었던 날은 없다,글배우,21세기북스,전자책,895097651X,인문/역사,2023-03-10
2603,화가 나!,최형미,을파소,전자책,895097679X,아동,2023-03-10
2604,"이사도라 문, 캠핑을 떠나다",해리엇 먼캐스터,을파소,전자책,8950977923 ,아동,2023-03-10
2605,나는 매주 시체를 보러 간다,유성호,21세기북스,전자책,8950979403 ,인문/역사,2023-03-10
2606,크로스 사이언스,홍성욱,21세기북스,전자책,8950979411 ,인문/역사,2023-03-10
2607,잠중록. 1,처처칭한,아르테(arte),전자책,8950979497 ,소설,2023-03-10
2608,잠중록. 2,처처칭한,아르테(arte),전자책,8950979500 ,소설,2023-03-10
2609,잠중록. 3,처처칭한,아르테(arte),전자책,8950979519 ,소설,2023-03-10
2610,잠중록. 4(완결),처처칭한,아르테(arte),전자책,8950979527 ,소설,2023-03-10
2611,저 청소일 하는데요?,김예지,21세기북스,전자책,8950979594 ,시/에세이,2023-03-10
2612,우리 집 미스터리 생물 도감,구루비 가쓰아키,아울북,전자책,8950979802 ,아동,2023-03-10
2613,직장인 공부법,이형재,21세기북스,전자책,8950980266 ,자기계발,2023-03-10
2614,차라리 이기적으로 살걸 그랬습니다,김영훈,21세기북스,전자책,8950980592 ,인문/역사,2023-03-10
2615,타인의 시선을 의식해 힘든 나에게,글배우,21세기북스,전자책,895098072X,시/에세이,2023-03-10
2616,"사실, 내성적인 사람입니다",남인숙,21세기북스,전자책,8950980770 ,시/에세이,2023-03-10
2617,"요즘 애들, 요즘 어른들",김용섭,21세기북스,전자책,8950980878 ,경제경영,2023-03-10
2618,바닷가 작업실에서는 전혀 다른 시간이 흐른다,김정운,21세기북스,전자책,8950981084 ,인문/역사,2023-03-10
2619,그들은 어떻게 세상의 중심이 되었는가,김대식,21세기북스,전자책,8950981378 ,인문/역사,2023-03-10
2620,"프린세스, 진짜 힘을 보여 줘!",비타 머로,을파소,전자책,8950981408 ,아동,2023-03-10
2621,"스물 셋, 지금부터 혼자 삽니다",슛뚜,21세기북스,전자책,8950981432 ,시/에세이,2023-03-10
2622,노력이라 쓰고 버티기라 읽는,한재우,21세기북스,전자책,8950981467 ,시/에세이,2023-03-10
2623,2020 부의 지각변동,박종훈,21세기북스,전자책,895098198X,경제경영,2023-03-10
2624,유튜브! 아이의 놀이터가 되다,니블마마 고은주,21세기북스,전자책,8950982234 ,가정/생활/요리,2023-03-10
2625,"튜브, 힘낼지 말지는 내가 결정해",하상욱,아르테(arte),전자책,8950982242 ,시/에세이,2023-03-10
2626,다크호스,토드 로즈,21세기북스,전자책,8950982250 ,인문/역사,2023-03-10
2627,정적,배철현,21세기북스,전자책,8950982676 ,인문/역사,2023-03-10
2628,"세상을 읽는 새로운 언어, 빅데이터",조성준,21세기북스,전자책,8950982730 ,경제경영,2023-03-10
2629,내일을 위해 사느라 오늘을 잊은 당신에게,나카무레 쓰네코,21세기북스,전자책,8950983257 ,시/에세이,2023-03-10
2630,생각의 차이가 일류를 만든다,이동규,21세기북스,전자책,8950983419 ,경제경영,2023-03-10
2631,모리와 함께한 화요일,미치 앨봄,살림,전자책,8952213211 ,시/에세이,2023-03-10
2632,거래의 기술,도널드 트럼프,살림,전자책,8952234081 ,경제경영,2023-03-10
2633,스틸 미(Still me),조조 모예스,살림,전자책,8952240197 ,소설,2023-03-10
2634,세계에서 가장 자극적인 나라,짐 로저스,살림,전자책,8952240499 ,경제경영,2023-03-10
2635,오늘부터 진짜부부,김아연,지식너머,전자책,8952788443 ,자기계발,2023-03-10
2636,느리게 어른이 되는 법,이수진,지식너머,전자책,8952790693 ,자기계발,2023-03-10
2637,엄마표 다개국어,이지나,지식너머,전자책,8952791150 ,가정/생활/요리,2023-03-10
2638,내가 정말 미치도록 싫어질 때,강지윤,지식너머,전자책,8952795296 ,인문/역사,2023-03-10
2639,"화학, 알아두면 사는 데 도움이 됩니다",씨에지에양,지식너머,전자책,8952798392 ,과학/공학,2023-03-10
2640,"팀 켈러, 오늘을 사는 잠언",팀 켈러,두란노서원,전자책,8953133076 ,종교,2023-03-10
2641,성난 악어 떼와 맞서라!,베어 그릴스,자음과모음,전자책,8954438954 ,아동,2023-03-10
2642,눈물은 하트 모양,구혜선,꼼지락,전자책,8954439837 ,소설,2023-03-10
2643,신을 받으라,박해로,네오픽션,전자책,8954439918 ,소설,2023-03-10
2644,내게 무해한 사람,최은영,문학동네,전자책,8954651828 ,소설,2023-03-10
2645,"걷는 사람, 하정우(책다시숲 리커버 에디션)",하정우,문학동네,전자책,8954653812 ,시/에세이,2023-03-10
2646,쾌락독서,문유석,문학동네,전자책,8954653847 ,인문/역사,2023-03-10
2647,연필로 쓰기,김훈,문학동네,전자책,8954655696 ,시/에세이,2023-03-10
2648,제10회 젊은작가상 수상작품집(2019),박상영,문학동네,전자책,8954655815 ,소설,2023-03-10
2649,여행의 이유,김영하,문학동네,전자책,8954655971 ,시/에세이,2023-03-10
2650,오직 한 사람의 차지,김금희,문학동네,전자책,8954657273 ,소설,2023-03-10
2651,김장하는 날은 우리 동네 잔칫날!,이규희,그린북,전자책,8955883277 ,아동,2023-03-10
2652,책은 도끼다,박웅현,북하우스,전자책,8956055467 ,인문/역사,2023-03-10
2653,여덟 단어,박웅현,북하우스,전자책,8956056536 ,인문/역사,2023-03-10
2654,내가 확실히 아는 것들,오프라 윈프리,북하우스,전자책,8956058059 ,시/에세이,2023-03-10
2655,나는 생명이에요,엘리자베스 헬란 라슨,마루벌,전자책,895663582X,유아,2023-03-10
2656,착한 마음 어린이,조혜식,오늘의문학사,전자책,8956698759 ,아동,2023-03-10
2657,스마트폰으로 사진 잘 찍는 책,유환준,정보문화사,전자책,8956747725 ,예술/대중문화,2023-03-10
2658,하마터면 글로벌셀러 할 뻔했다,방선영,정보문화사,전자책,8956747946 ,IT/프로그래밍,2023-03-10
2659,커넥트,이승헌(일지),한문화,전자책,8956993610 ,건강/의학,2023-03-10
2660,수치심 권하는 사회,브레네 브라운,가나출판사,전자책,895736000X,인문/역사,2023-03-10
2661,정정당당! 우리반 선거 대장 나민주가 간다!,안선모,가나출판사,전자책,8957367551 ,아동,2023-03-10
2662,얼쑤절쑤! 우리 마을 명절 대장 나보름이 간다!,김수정,가나출판사,전자책,8957367608 ,아동,2023-03-10
2663,방방곡곡 우리나라 지리대장 나강산이 간다!,석수점,가나출판사,전자책,8957368876 ,아동,2023-03-10
2664,무례한 사람에게 웃으며 대처하는 법,정문정,가나출판사,전자책,8957369368 ,시/에세이,2023-03-10
2665,어린이 과학 형사대 CSI 특별수사단. 1,고희정,가나출판사,전자책,8957369570 ,아동,2023-03-10
2666,어린이 과학 형사대 CSI 특별수사단. 2,고희정,가나출판사,전자책,8957369643 ,아동,2023-03-10
2667,어린이 과학 형사대 CSI 특별수사단. 3,고희정,가나출판사,전자책,8957369678 ,아동,2023-03-10
2668,하버드 행동력 수업,가오위안,가나출판사,전자책,8957369937 ,자기계발,2023-03-10
2669,월가의 영웅,피터 린치,국일증권경제연구소,전자책,8957821171 ,경제경영,2023-03-10
2670,바벨탑 공화국 욕망이 들끓는 한국 사회의 민낯,강준만,인물과사상사,전자책,8959065145 ,정치/사회,2023-03-10
2671,능소화 (4백 년 전에 부친 편지),조두진,예담,전자책,8959131768 ,소설,2023-03-10
2672,죽은 왕녀를 위한 파반느,박민규,예담,전자책,8959133914 ,소설,2023-03-10
2673,회사 체질이 아니라서요,서메리,미래의창,전자책,8959895741 ,자기계발,2023-03-10
2674,트렌드 코리아 2020,김난도,미래의창,전자책,8959896128 ,경제경영,2023-03-10
2675,에어프라이어 최강 레시피,노선미,황금부엉이,전자책,8960305243 ,가정/생활/요리,2023-03-10
2676,일본어 필수 단어 무작정 따라하기,후지이 아사리,길벗이지톡,전자책,8960471739 ,국어/외국어,2023-03-10
2677,"스피킹 매트릭스 30초 영어 말하기 Speaking Matrix,영어 스피킹 입문 프로그램",황서윤,길벗이지톡,전자책,8960477478 ,국어/외국어,2023-03-10
2678,매출 100배 올리는 유통 마케팅 비법,유노연,중앙경제평론사,전자책,8960542083 ,경제경영,2023-03-10
2679,꼼수 공부법,사토 야마토,위즈덤하우스,전자책,8960869007 ,자기계발,2023-03-10
2680,한 시간 기도,유기성,규장,전자책,8960972185 ,종교,2023-03-10
2681,하나님의 때,"햇살콩(김나단, 김연선)",규장,전자책,8960975834 ,종교,2023-03-10
2682,왜 나만 시간이 없어!,박윤경,리틀씨앤톡,전자책,8960984930 ,아동,2023-03-10
2683,나 혼자 해볼래 골고루 먹기,권진경,리틀씨앤톡,전자책,8960985902 ,아동,2023-03-10
2684,피자 맛의 진수,윤혜숙,리틀씨앤톡,전자책,8960985961 ,아동,2023-03-10
2685,거꾸로 판사 똑바로 판결,루치아나 브레지아,파랑새,전자책,8961557122 ,아동,2023-03-10
2686,이백하고도 육십구일,로알 칼데스타,책빛,전자책,8962192748 ,아동,2023-03-10
2687,내 스마트폰이 아프리카에 있대요,양혜원,스콜라,전자책,896247168X,아동,2023-03-10
2688,바이러스 빌리,하이디 트르팍,스콜라,전자책,8962477386 ,아동,2023-03-10
2689,사자와 소년,김성진,스콜라,전자책,8962479877 ,아동,2023-03-10
2690,김상욱의 과학공부,김상욱,동아시아,전자책,8962621487 ,과학/공학,2023-03-10
2691,이상한 정상가족,김희경,동아시아,전자책,8962622092 ,정치/사회,2023-03-10
2692,떨림과 울림 물리학자 김상욱이 바라본 우주와 세계 그리고 우리,김상욱,동아시아,전자책,8962622505 ,과학/공학,2023-03-10
2693,침묵의 봄,레이첼 카슨,에코리브르,전자책,8962630613 ,과학/공학,2023-03-10
2694,만화로 배우는 재무회계,이시노 유이치,비전코리아,전자책,8963221520 ,경제경영,2023-03-10
2695,예감은 틀리지 않는다,줄리언 반스,다산책방,전자책,8963708381 ,소설,2023-03-10
2696,정브르가 알려주는 파충류 체험 백과,이정현(정브르),바이킹,전자책,8964944038 ,아동,2023-03-10
2697,어떻게 살 것인가,유시민,생각의길,전자책,8965132282 ,인문/역사,2023-03-10
2698,한국인이 성공하는 영어 스피킹은 따로 있다,에스텔,아름다운사람들,전자책,8965135249 ,자기계발,2023-03-10
2699,유럽 도시 기행. 1,유시민,생각의길,전자책,8965135583 ,인문/역사,2023-03-10
2700,3층 서기실의 암호,태영호,기파랑,전자책,8965236509 ,정치/사회,2023-03-10
2701,"안녕, 우주",에린 엔트라다 켈리,밝은미래,전자책,8965463106 ,아동,2023-03-10
2702,"난민, 세 아이 이야기",앨런 그라츠,밝은미래,전자책,8965463297 ,아동,2023-03-10
2703,모든 순간의 물리학,카를로 로벨리,쌤앤파커스,전자책,8965703115 ,과학/공학,2023-03-10
2704,뇌에 맡기는 공부법,이케다 요시히로,쌤앤파커스,전자책,8965705436 ,자기계발,2023-03-10
2705,미중전쟁. 1 풍계리 수소폭탄,김진명,쌤앤파커스,전자책,8965705452 ,소설,2023-03-10
2706,미중전쟁. 2 백악관 워룸,김진명,쌤앤파커스,전자책,8965705460 ,소설,2023-03-10
2707,디너 클럽,사스키아 노르트,박하,전자책,8965705851 ,소설,2023-03-10
2708,보이는 세상은 실재가 아니다,카를로 로벨리,쌤앤파커스,전자책,8965706203 ,과학/공학,2023-03-10
2709,"착하게, 그러나 단호하게(30쇄 돌파 한정판 블루 에디션)",무옌거,쌤앤파커스,전자책,896570622X,자기계발,2023-03-10
2710,초격차,권오현,쌤앤파커스,전자책,8965706904 ,경제경영,2023-03-10
2711,나는 습관을 조금 바꾸기로 했다,사사키 후미오,쌤앤파커스,전자책,8965707560 ,자기계발,2023-03-10
2712,포노 사피엔스,최재붕,쌤앤파커스,전자책,8965707692 ,경제경영,2023-03-10
2713,시간은 흐르지 않는다,카를로 로벨리,쌤앤파커스,전자책,8965708060 ,과학/공학,2023-03-10
2714,창조하는 뇌,데이비드 이글먼,쌤앤파커스,전자책,8965708249 ,과학/공학,2023-03-10
2715,요즘 남자는 그렇지 않습니다,데이라잇,팩토리나인,전자책,8965708303 ,시/에세이,2023-03-10
2716,직지. 1,김진명,쌤앤파커스,전자책,896570832X,소설,2023-03-10
2717,직지. 2,김진명,쌤앤파커스,전자책,8965708338 ,소설,2023-03-10
2718,모두와 잘 지내지 맙시다,오마르,팩토리나인,전자책,8965708621 ,시/에세이,2023-03-10
2719,일에 관한 9가지 거짓말,마커스 버킹엄,쌤앤파커스,전자책,8965709024 ,자기계발,2023-03-10
2720,처음 만나는 이솝우화,김수아,미래주니어,전자책,8965843944 ,아동,2023-03-10
2721,숨결이 바람 될 때,폴 칼라니티,흐름출판,전자책,8965961955 ,시/에세이,2023-03-10
2722,라틴어 수업,한동일,흐름출판,전자책,896596220X,인문/역사,2023-03-10
2723,골든아워. 1,이국종,흐름출판,전자책,896596282X,시/에세이,2023-03-10
2724,골든아워. 2,이국종,흐름출판,전자책,8965962838 ,시/에세이,2023-03-10
2725,보통 사람들의 전쟁,앤드루 양,흐름출판,전자책,8965962978 ,정치/사회,2023-03-10
2726,미학 수업,문광훈,흐름출판,전자책,8965963036 ,인문/역사,2023-03-10
2727,어느 날 갑자기 공황이 찾아왔다,클라우스 베른하르트,흐름출판,전자책,8965963281 ,인문/역사,2023-03-10
2728,그래서 슬펐어?,고정욱,거북이북스,전자책,8966072909 ,아동,2023-03-10
2729,10년째 영알못은 어떻게 100일 만에 영어천재가 되었을까,이정은,미다스북스,전자책,8966375847 ,자기계발,2023-03-10
2730,완벽한 영어공부법,전희정,미다스북스,전자책,8966375855 ,국어/외국어,2023-03-10
2731,부동산 추월차선,김은자,미다스북스,전자책,8966376290 ,경제경영,2023-03-10
2732,100일이면 나도 영어천재. 1,이정은,미다스북스,전자책,8966376452 ,국어/외국어,2023-03-10
2733,100일이면 나도 영어천재. 2,이정은,미다스북스,전자책,8966376681 ,국어/외국어,2023-03-10
2734,100일이면 나도 영어천재. 3,이정은,미다스북스,전자책,896637669X,국어/외국어,2023-03-10
2735,나는 당신이 작은 얼굴을 가졌으면 좋겠습니다,이하영,미다스북스,전자책,8966376762 ,건강/의학,2023-03-10
2736,히라가나도 모르던 일알못은 어떻게 90일 만에 일본어 천재가 되었을까,서동희,미다스북스,전자책,8966376851 ,자기계발,2023-03-10
2737,문화재는 왜 다른 나라에 갔을까,서해경,풀빛미디어,전자책,8967340664 ,아동,2023-03-10
2738,환자 혁명,조한경,에디터,전자책,8967441797 ,건강/의학,2023-03-10
2739,빠릿빠릿 일하는 집,게리 베일리,개암나무,전자책,8968304475 ,아동,2023-03-10
2740,성 평등이 뭐예요,제랄딘 맹상,개암나무,전자책,8968304513 ,아동,2023-03-10
2741,잔소리 센터,제성은,개암나무,전자책,8968304696 ,아동,2023-03-10
2742,"한글, 세상을 밝힌 우리글",장세현,개암나무,전자책,8968304866 ,아동,2023-03-10
2743,파릇파릇 녹색의 집,서랜느 테일러,개암나무,전자책,8968304874 ,아동,2023-03-10
2744,1+1(원 플러스 원)이 공짜가 아니라고?,이정주,개암나무,전자책,8968304890 ,아동,2023-03-10
2745,모두의 집이 된 경복궁,정혜원,개암나무,전자책,8968304904 ,아동,2023-03-10
2746,"환경 보호, 어떻게 해요?",카린 발조,개암나무,전자책,8968305218 ,아동,2023-03-10
2747,방구석 미술관,조원재,블랙피쉬,전자책,8968331863 ,예술/대중문화,2023-03-10
2748,게으른 게 아니라 충전 중입니다(겨울나기 에디션),댄싱스네일,허밍버드,전자책,8968332029 ,시/에세이,2023-03-10
2749,"나를 잃지마, 어떤 순간에도",조유미,허밍버드,전자책,8968332053 ,시/에세이,2023-03-10
2750,나를 상하게 하는 일은 그만 하기로 했다,전지영,허밍버드,전자책,8968332185 ,시/에세이,2023-03-10
2751,혼자일 때도 괜찮은 사람,권미선,허밍버드,전자책,8968332304 ,시/에세이,2023-03-10
2752,도망치고 싶을 때 읽는 책,이시하라 가즈코,홍익출판사,전자책,8970655913 ,인문/역사,2023-03-10
2753,만만하게 보이지 않는 대화법,나이토 요시히토,홍익출판사,전자책,8970656251 ,자기계발,2023-03-10
2754,나도 아직 나를 모른다,허지원,홍익출판사,전자책,8970656588 ,인문/역사,2023-03-10
2755,"몹시 예민하지만, 내일부터 편안하게",나가누마 무츠오,홍익출판사,전자책,8970656812 ,자기계발,2023-03-10
2756,30대에 하지 않으면 후회할 것들,코스기 토시야,홍익출판사,전자책,8970656928 ,자기계발,2023-03-10
2757,인생,위화,푸른숲,전자책,8971847255 ,소설,2023-03-10
2758,나의 한국현대사,유시민,돌베개,전자책,8971996099 ,인문/역사,2023-03-10
2759,국가란 무엇인가,유시민,돌베개,전자책,8971998016 ,인문/역사,2023-03-10
2760,역사의 역사 History of Writing History,유시민,돌베개,전자책,8971998555 ,인문/역사,2023-03-10
2761,어서 와 반려견은 처음이지?,최인영,리드리드출판,전자책,8972773247 ,여행/취미,2023-03-10
2762,하버드 100년 전통 말하기 수업,류리나,리드리드출판,전자책,8972773271 ,자기계발,2023-03-10
2763,상위 0.1% 부자는 어떻게 만들어지는가,박지영,리드리드출판,전자책,8972773301 ,자기계발,2023-03-10
2764,파이 이야기,얀 마텔,작가정신,전자책,8972882437 ,소설,2023-03-10
2765,나의 라임오렌지나무,J. M. 바스콘셀로스,동녘주니어,전자책,8972976180 ,아동,2023-03-10
2766,강성태 영단어 어원편,강성태,키출판사,전자책,8974572885 ,교재/수험서,2023-03-10
2767,"슈퍼맨의 마지막 임무, 학교안전을 지켜라!",이서윤,풀빛,전자책,8974741393 ,아동,2023-03-10
2768,"궁금해요, 정약용",안선모,풀빛,전자책,8974746840 ,아동,2023-03-10
2769,조용헌의 인생독법,조용헌,불광출판사,전자책,8974794357 ,인문/역사,2023-03-10
2770,오로라 원정대,최은영,우리교육,전자책,8980403771 ,아동,2023-03-10
2771,식사가 잘못됐습니다 의사가 가르쳐주는 최강의 식사 교과서,마키타 젠지,더난출판사,전자책,8984059439 ,건강/의학,2023-03-10
2772,지식의 착각,스티븐 슬로먼,세종서적,전자책,8984076872 ,인문/역사,2023-03-10
2773,다잉 아이,히가시노 게이고,재인,전자책,8990982405 ,소설,2023-03-10
2774,살인의 문. 1,히가시노 게이고,재인,전자책,8990982723 ,소설,2023-03-10
2775,살인의 문. 2,히가시노 게이고,재인,전자책,8990982731 ,소설,2023-03-10
2776,인어가 잠든 집,히가시노 게이고,재인,전자책,8990982774 ,소설,2023-03-10
2777,살인 현장은 구름 위,히가시노 게이고,재인,전자책,8990982812 ,소설,2023-03-10
2778,세상에 대하여 우리가 더 잘 알아야 할 교양. 1: 공정무역 왜 필요할까?,아드리안 쿠퍼,내인생의책,전자책,899181347X,아동,2023-03-10
2779,세상에 대하여 우리가 더 잘 알아야 할 교양. 2: 테러 왜 일어날까?,헬렌 도노호,내인생의책,전자책,8991813488 ,아동,2023-03-10
2780,세상에 대하여 우리가 더 잘 알아야 할 교양. 3 중국 초강대국이 될까,안토니 메이슨,내인생의책,전자책,8991813496 ,아동,2023-03-10
2781,세상에 대하여 우리가 더 잘 알아야 할 교양. 4 이주 왜 고국을 떠날까,루스 윌슨,내인생의책,전자책,899181350X,아동,2023-03-10
2782,세상에 대하여 우리가 더 잘 알아야 할 교양. 5 비만 왜 사회 문제가 될까,콜린 힌슨,내인생의책,전자책,8991813518 ,아동,2023-03-10
2783,청소력,마쓰다 미쓰히로,나무한그루,전자책,8991824099 ,자기계발,2023-03-10
2784,절제의 성공학,미즈노 남보쿠,바람,전자책,8992382138 ,자기계발,2023-03-10
2785,지리의 힘,팀 마샬,사이,전자책,8993178690 ,정치/사회,2023-03-10
2786,책 좀 빌려줘유,이승호,책읽는곰,전자책,8993242682 ,아동,2023-03-10
2787,나하고 친구 할래?,선안나,상상스쿨,전자책,8993702780 ,아동,2023-03-10
2788,극한의 경험,유발 하라리,옥당,전자책,899395285X,인문/역사,2023-03-10
2789,밤에 우리 영혼은,켄트 하루프,뮤진트리,전자책,8994015973 ,소설,2023-03-10
2790,지도로 읽는다 삼국지 100년 도감,바운드,이다미디어,전자책,8994597816 ,인문/역사,2023-03-10
2791,미친 속도 PDCA,토미타 카즈마사,페가수스,전자책,8994651241 ,자기계발,2023-03-10
2792,"화엄경, 보살의 길을 열다",윤홍식 (풀이),봉황동래,전자책,8994950249 ,종교,2023-03-10
2793,운 좋은 놈이 성공한다,사이토 히토리,나무한그루,전자책,8995545003 ,자기계발,2023-03-10
2794,그리스로마 신화 가이드북. 4: 신들의 사랑,홍은영,마므레북,전자책,899591520X,아동,2023-03-10
2795,그리스로마 신화 가이드북 1,홍은영,마므레북,전자책,8995915226 ,아동,2023-03-10
2796,그리스로마 신화 가이드북 2,홍은영,마므레북,전자책,8995915242 ,아동,2023-03-10
2797,그리스로마 신화 가이드북. 3: 프로메테우스와 대홍수,홍은영,마므레북,전자책,8995915269 ,아동,2023-03-10
2798,SNPE 바른자세 척추운동,최중기,바른몸만들기,전자책,8995950862 ,건강/의학,2023-03-10
2799,습관의 재발견,스티븐 기즈,비즈니스북스,전자책,8997575333 ,자기계발,2023-03-10
2800,독소를 비우는 몸,제이슨 펑,라이팅하우스,전자책,8998075547 ,건강/의학,2023-03-10
2801,무역의 세계사,윌리엄 번스타인,라이팅하우스,전자책,8998075628 ,인문/역사,2023-03-10
2802,골프 룰 이것만 알면 된다(2019),김해환,골프아카데미,전자책,8998209071 ,여행/취미,2023-03-10
2803,일본회의의 정체,아오키 오사무,율리시즈,전자책,8998229498 ,정치/사회,2023-03-10
2804,보호받지 못한 사람들,나카야마 시치리,북플라자,전자책,8998274353 ,소설,2023-03-10
2805,진범의 얼굴,마에카와 유타카,북플라자,전자책,8998274361 ,소설,2023-03-10
2806,"일단, 오늘 1시간만 공부해봅시다",양승진,메멘토,전자책,8998614669 ,자기계발,2023-03-10
2807,바원영어학습법,박관수,프롬에센스,전자책,D150102050,국어/외국어,2023-03-10
2808,철중쟁쟁. 8(완결),권용찬,케이티제공,전자책,D160805960,무협,2023-03-10
2809,"명견만리 윤리, 기술, 중국, 교육 편",KBS 명견만리 제작진,인플루엔셜,전자책,D160816870,경제경영,2023-03-10
2810,절망의 구,김이환,마카롱,전자책,D180425480,소설,2023-03-10
2811,나는 이 집 아이. 1,시야,피오렛,전자책,D180730650,로맨스,2023-03-10
2812,나는 이 집 아이. 2,시야,피오렛,전자책,D180730670,로맨스,2023-03-10
2813,나는 이 집 아이. 3,시야,피오렛,전자책,D180730690,로맨스,2023-03-10
2814,나는 이 집 아이. 4,시야,피오렛,전자책,D180730730,로맨스,2023-03-10
2815,나는 이 집 아이. 5(완결),시야,피오렛,전자책,D180730750,로맨스,2023-03-10
2816,통역사들은 어떻게 어학의 달인이 되었을까?,오현숙,투나미스,전자책,D181221350,자기계발,2023-03-10
2817,찰칵,라현,마카롱,전자책,D190223390,소설,2023-03-10
2818,친구를 위해 폭탄을,로버트 바,위즈덤커넥트,전자책,D190227300,소설,2023-03-10
2819,악어와 도형친구들,교재개발부,아들과딸,전자책,D190333740,유아,2023-03-10
2820,도서관에는 마녀가 필요하다. 1,이청,피오렛,전자책,D190441660,로맨스,2023-03-10
2821,도서관에는 마녀가 필요하다. 2,이청,피오렛,전자책,D190441670,로맨스,2023-03-10
2822,도서관에는 마녀가 필요하다. 3,이청,피오렛,전자책,D190441680,로맨스,2023-03-10
2823,도서관에는 마녀가 필요하다. 4,이청,피오렛,전자책,D190441690,로맨스,2023-03-10
2824,도서관에는 마녀가 필요하다. 5(완결),이청,피오렛,전자책,D190441700,로맨스,2023-03-10
2825,삼체,<류츠신> 저/<이현아> 역,단숨,전자책,9788954430 ,소설,2023-03-10
2826,치과의사 피트씨의 똑똑한 배당주 투자,<피트 황> 저,스마트북스,전자책,9791185541 ,경제경영,2023-03-10
2827,삼체 2부,<류츠신> 저/<허유영> 역,단숨,전자책,9788954436 ,소설,2023-03-10
2828,프리랜서 번역가 수업,<박현아> 저,세나북스,전자책,9791187316 ,자기계발,2023-03-10
2829,김영철 타일러의 진짜 미국식 영어,"<김영철>,<타일러> 공저",위즈덤하우스,전자책,9791162202 ,국어/외국어,2023-03-10
2830,생각정리 스피치,<복주환> 저,천그루숲,전자책,9791188348 ,자기계발,2023-03-10
2831,Hello Coding 프로그래밍,<Pope Kim> 저,한빛미디어,전자책,9791162249 ,IT/프로그래밍,2023-03-10
2832,말이 칼이 될 때,<홍성수> 저,어크로스,전자책,9791160560 ,인문/역사,2023-03-10
2833,무례한 사람에게 웃으며 대처하는 법,<정문정> 저,가나출판사,전자책,9788957369 ,시/에세이,2023-03-10
2834,매일 아침 써봤니?,<김민식> 저,위즈덤하우스,전자책,9791162202 ,자기계발,2023-03-10
2835,나의 영어 사춘기,<이시원> 저,시원스쿨닷컴,전자책,없음,국어/외국어,2023-03-10
2836,우리는 언젠가 만난다,<채사장> 저,웨일북,전자책,9791190000000 ,인문/역사,2023-03-10
2837,워런 버핏 바이블,"<워런 버핏, 리처드 코너스> 공저/<이건> 편역/<신진오> 감수",에프엔미디어,전자책,9791188754 ,경제경영,2023-03-10
2838,IMF 키즈의 생애,<안은별> 저,코난북스,전자책,9791160890 ,정치/사회,2023-03-10
2839,가장 빨리 부자 되는 법,<알렉스 베커> 저/<오지연> 역,유노북스,전자책,9791186665 ,경제경영,2023-03-10
2840,마음스파,<김수영> 저,꿈꾸는지구,전자책,9791196246 ,자기계발,2023-03-10
2841,내 시간 우선 생활습관,<닐 피오레> 저/<김진희> 역,청림출판,전자책,9788935212 ,자기계발,2023-03-10
2842,에버노트 생각서랍 만들기 : 실전편,<서민규> 저,비센샤프트,전자책,9791188709 ,자기계발,2023-03-10
2843,예정된 전쟁,<그레이엄 앨리슨> 저/<정혜윤> 역,세종서적,전자책,9788984076 ,정치/사회,2023-03-10
2844,혼자 하는 공부의 정석,<한재우> 저,위즈덤하우스,전자책,9791162202 ,자기계발,2023-03-10
2845,당신과 나 사이,<김혜남> 저,메이븐,전자책,9791196067 ,인문/역사,2023-03-10
2846,언스크립티드,<엠제이 드마코> 저/<안시열> 역,토트출판사,전자책,9791187444 ,경제경영,2023-03-10
2847,하나도 괜찮지 않습니다,<오찬호> 저,블랙피쉬,전자책,9788968331 ,인문/역사,2023-03-10
2848,주식투자 ETF로 시작하라,"<systrader79>,<이성규> 공저",이레미디어,전자책,9791188279 ,경제경영,2023-03-10
2849,최고의 교육,"<로베르타 골린코프>,<캐시 허시-파섹> 공저/<김선아> 역",예문아카이브(예문사),전자책,9791187749 ,인문/역사,2023-03-10
2850,불행 피하기 기술,<롤프 도벨리> 저/<엘 보초> 그림/<유영미> 역,인플루엔셜,전자책,9791186560 ,자기계발,2023-03-10
2851,눈보라 체이스,<히가시노 게이고> 저/<양윤옥> 역,소미미디어,전자책,9791161904 ,소설,2023-03-10
2852,회화잡는 주제별 영단어 12000,<이서영> 저,랭컴,전자책,9791188112 ,국어/외국어,2023-03-10
2853,모든 순간이 너였다,<하태완> 저,위즈덤하우스,전자책,9791162203 ,시/에세이,2023-03-10
2854,딸에게 차려주는 식탁,<김진영> 저,인플루엔셜,전자책,9791186560 ,시/에세이,2023-03-10
2855,엄마 반성문,<이유남> 저,덴스토리(DENSTORY),전자책,9791185716 ,가정/생활/요리,2023-03-10
2856,인생에서 너무 늦은 때란 없습니다,<애나 메리 로버트슨 모지스> 저/<류승경> 역,수오서재,전자책,9791187498 ,시/에세이,2023-03-10
2857,둠즈데이북 2,<코니 윌리스> 저/<최용준> 역,아작(디자인콤마),전자책,9791189015 ,소설,2023-03-10
2858,둠즈데이북 1,<코니 윌리스> 저/<최용준> 역,아작(디자인콤마),전자책,9791189015 ,소설,2023-03-10
2859,생각하는 여자는 괴물과 함께 잠을 잔다,<김은주> 저,봄알람,전자책,9791160890 ,인문/역사,2023-03-10
2860,만만하게 보이지 않는 대화법,<나이토 요시히토> 저/<이정은> 역,홍익출판사,전자책,9788970656 ,자기계발,2023-03-10
2861,페미니즘을 팝니다,<앤디 자이슬러> 저/<안진이> 역,세종서적,전자책,9788984076 ,인문/역사,2023-03-10
2862,우울할 땐 뇌과학,<앨릭스 코브> 저/<정지인> 역,심심,전자책,9791156757 ,인문/역사,2023-03-10
2863,최고의 팀은 무엇이 다른가,<대니얼 코일> 저/<박지훈> 역,웅진지식하우스,전자책,9788901223 ,자기계발,2023-03-10
2864,당황하지 않고 웃으면서 아들 성교육 하는 법,<손경이> 저,다산에듀,전자책,9791130616 ,가정/생활/요리,2023-03-10
2865,채권투자 핵심 노하우,<마경환> 저,이레미디어,전자책,9791188279 ,경제경영,2023-03-10
2866,"알고리즘, 인생을 계산하다","<브라이언 크리스천>,<톰 그리피스> 공저/<이한음> 역",청림출판,전자책,9788935212 ,인문/역사,2023-03-10
2867,찻잔 속 물리학,<헬렌 체르스키> 저/<하인해> 역,북라이프,전자책,9791188850 ,과학/공학,2023-03-10
2868,보노보노의 인생상담,<이가라시 미키오> 저/<김신회> 역,놀,전자책,9791130616 ,시/에세이,2023-03-10
2869,연애의 행방,<히가시노 게이고> 저/<양윤옥> 역,소미미디어,전자책,9791161905 ,소설,2023-03-10
2870,SNS 마케팅 한 방에 따라잡기,<정진수> 저,비즈니스맵,전자책,9791188096 ,경제경영,2023-03-10
2871,아가미,<구병모> 저,위즈덤하우스,전자책,9791162205 ,소설,2023-03-10
2872,"실험하는 여자, 영혜",<이영혜> 저/<고고핑크> 그림,새움,전자책,9791187192 ,과학/공학,2023-03-10
2873,매력은 습관이다,<이케하라 마사코> 저/<이주희> 역,동양북스(동양books),전자책,9791157683 ,자기계발,2023-03-10
2874,체간 리셋 다이어트,<사쿠마 겐이치> 저/<이선정> 역,북라이프,전자책,9791188850 ,건강/의학,2023-03-10
2875,나는 둔감하게 살기로 했다,<와타나베 준이치> 저/<정세영> 역,다산초당,전자책,9791130616 ,인문/역사,2023-03-10
2876,하버드 첫 강의 시간관리 수업,<쉬셴장 저/하정희 역> 저,리드리드출판,전자책,9788972778 ,경제경영,2023-03-10
2877,명상록,<마르쿠스 아우렐리우스> 저/<박문재> 역,현대지성,전자책,9791187142 ,인문/역사,2023-03-10
2878,데일카네기 인간관계론,<데일 카네기> 저,베이직북스,전자책,9791185160 ,자기계발,2023-03-10
2879,베어타운,<프레드릭 배크만> 저/<이은선> 역,다산책방,전자책,9791130616 ,소설,2023-03-10
2880,나의 페르시아어 수업,"<마리암 마지디> 저/<김도연>,<이선화> 공역",달콤한책,전자책,9791196280 ,소설,2023-03-10
2881,파과,<구병모> 저,위즈덤하우스,전자책,9791162205 ,소설,2023-03-10
2882,플랫폼 제국의 미래,<스콧 갤러웨이> 저/<이경식> 역,비즈니스북스,전자책,9791162540 ,경제경영,2023-03-10
2883,딸은 엄마의 감정 쓰레기통이 아니다,<가야마 리카> 저/<김경은> 역,걷는나무,전자책,9788901224 ,인문/역사,2023-03-10
2884,하마터면 열심히 살 뻔 했다,<하완> 저,웅진지식하우스,전자책,9788901224 ,시/에세이,2023-03-10
2885,진작 할 걸 그랬어,<김소영> 저,위즈덤하우스,전자책,9791162204 ,시/에세이,2023-03-10
2886,고수의 질문법,<한근태> 저,미래의창,전자책,9788959895 ,자기계발,2023-03-10
2887,지금 하지 않으면 언제 하겠는가,"<팀 페리스> 저/<박선령>,<정지현> 공역",토네이도,전자책,9791158511 ,자기계발,2023-03-10
2888,엄마의 말하기 연습,<박재연> 저,한빛라이프,전자책,9791188007 ,가정/생활/요리,2023-03-10
2889,뒤통수의 심리학,<마리아 코니코바> 저/<이수경> 역,한국경제신문사(한경비피),전자책,9788947595 ,인문/역사,2023-03-10
2890,왜 맛있을까,<찰스 스펜스> 저/<윤신영> 역,어크로스,전자책,9791160560 ,인문/역사,2023-03-10
2891,유튜브의 신,<대도서관> 저,비즈니스북스,전자책,9791162540 ,자기계발,2023-03-10
2892,마케터의 일,<장인성> 저,북스톤,전자책,9791187289 ,경제경영,2023-03-10
2893,따라하면 매출이 따라오는 인스타그램 마케팅,"<양성길>,<최재용> 공저",원앤원북스,전자책,9791196341 ,경제경영,2023-03-10
2894,백만장자 메신저,<브렌든 버처드> 저/<위선주> 역,리더스북,전자책,9788901224 ,자기계발,2023-03-10
2895,"곰돌이 푸, 행복한 일은 매일 있어",<곰돌이 푸> 원작,알에이치코리아(RHK),전자책,9788925585 ,시/에세이,2023-03-10
2896,네이버 증권으로 배우는 주식투자 실전 가이드북,<알렉스 강> 저,스마트비즈니스,전자책,9791185021 ,경제경영,2023-03-10
2897,평균의 종말,<토드 로즈> 저/<정미나> 역/<이우일> 감수,21세기북스,전자책,9788950963 ,인문/역사,2023-03-10
2898,월가의 영웅,"<피터 린치>,<존 로스차일드> 공저/<이건> 역",국일증권경제연구소,전자책,9788957825 ,경제경영,2023-03-10
2899,완벽하게 사랑하는 너에게,<그림에다> 저,위즈덤하우스,전자책,9791162205 ,시/에세이,2023-03-10
2900,핸즈온 머신러닝,<오렐리앙 제롱> 저/<박해선> 역,한빛미디어,전자책,9791162249 ,IT/프로그래밍,2023-03-10
2901,조그맣게 살 거야,<진민영> 저,책읽는고양이,전자책,9791186274 ,시/에세이,2023-03-10
2902,"착하게, 그러나 단호하게",<무옌거> 저/<최인애> 역,쌤앤파커스,전자책,9788965706 ,자기계발,2023-03-10
2903,27년 동안 영어 공부에 실패했던 39세 김과장은 어떻게 3개월 만에 영어 천재가 됐을까,<김영익> 저,비즈니스북스,전자책,9791162540 ,자기계발,2023-03-10
2904,35세 인서울 청약의 법칙,<박지민> 저,매일경제신문사,전자책,9791155428 ,경제경영,2023-03-10
2905,뉴런하우스,<김정규> 저,알에이치코리아(RHK),전자책,9788925585 ,인문/역사,2023-03-10
2906,쉬어도 피곤한 사람들,<이시형> 저,비타북스(VITABOOKS),전자책,9791158462 ,건강/의학,2023-03-10
2907,항상 앞부분만 쓰다가 그만두는 당신을 위한 어떻게든 글쓰기,<곽재식> 저,위즈덤하우스,전자책,9791162206 ,인문/역사,2023-03-10
2908,고양이 2,<베르나르 베르베르> 저/<전미연> 역,열린책들,전자책,9788932965 ,소설,2023-03-10
2909,고양이 1,<베르나르 베르베르> 저/<전미연> 역,열린책들,전자책,9788932965 ,소설,2023-03-10
2910,머니,<롭 무어> 저,다산북스,전자책,9791130617 ,경제경영,2023-03-10
2911,그녀 이름은,<조남주> 저,다산책방,전자책,9791130617 ,소설,2023-03-10
2912,살인 카드 게임,<제임스 패터슨> 저/<김성미> 역,북플라자,전자책,9788998274 ,소설,2023-03-10
2913,"나, 지금 이대로 괜찮은 사람",<박진영> 저,호우,전자책,9791196284 ,인문/역사,2023-03-10
2914,우연은 얼마나 내 삶을 지배하는가,<플로리안 아이그너> 저/<서유리> 역,동양북스(동양books),전자책,9791157683 ,과학/공학,2023-03-10
2915,혼자가 좋다,<프란치스카 무리> 저/<유영미> 역,심플라이프,전자책,9791186757 ,인문/역사,2023-03-10
2916,세상에서 가장 발칙한 성공 법칙,<에릭 바커> 저/<조성숙> 역,갤리온,전자책,9788901225 ,자기계발,2023-03-10
2917,갈매기의 꿈 (완결판),<리처드 바크> 저/<공경희> 역,나무옆의자,전자책,9791161570 ,소설,2023-03-10
2918,김영철·타일러의 진짜 미국식 영어 2,"<김영철>,<타일러> 공저",위즈덤하우스,전자책,9791162204 ,국어/외국어,2023-03-10
2919,미드 보다 과학에 빠지다,<안드레아 젠틸레> 저/<송소민> 역,반니,전자책,9791187980 ,과학/공학,2023-03-10
2920,요가 매트만큼의 세계,<이아림> 저,북라이프,전자책,9791188850 ,시/에세이,2023-03-10
2921,미라클!,<조 비테일> 저/<편기욱> 역,우현북스,전자책,9791195944 ,자기계발,2023-03-10
2922,"곰돌이 푸, 서두르지 않아도 괜찮아",<곰돌이 푸> 원작,알에이치코리아(RHK),전자책,9788925585 ,시/에세이,2023-03-10
2923,사람들 앞에서 기죽지 않고 말 잘하는 법,<도리타니 아사요> 저,상상출판,전자책,9791187795 ,자기계발,2023-03-10
2924,기획자의 습관,<최장순> 저,홍익출판사,전자책,9788970656 ,자기계발,2023-03-10
2925,예의 없는 새끼들 때문에 열받아서 쓴 생활예절,<김불꽃> 저,팬덤북스,전자책,9791161690 ,자기계발,2023-03-10
2926,뇌 이야기,<딘 버넷> 저/<임수미> 역/<허규형> 감수,미래의창,전자책,9788959895 ,과학/공학,2023-03-10
2927,어디서 살 것인가,<유현준> 저,을유문화사,전자책,9788932421 ,인문/역사,2023-03-10
2928,"아무튼, 외국어",<조지영> 저,위고,전자책,9791160891 ,시/에세이,2023-03-10
2929,"아무튼, 스릴러",<이다혜> 저,코난북스,전자책,9791160891 ,시/에세이,2023-03-10
2930,오를 지역만 짚어주는 부동산 투자 전략,<채상욱> 저,위즈덤하우스,전자책,9791162206 ,경제경영,2023-03-10
2931,제안서의 정석,"<박신영>,<최미라> 공저",세종서적,전자책,9788984077 ,자기계발,2023-03-10
2932,나는 매일 책을 읽기로 했다,<김범준> 저,비즈니스북스,전자책,9791162540 ,자기계발,2023-03-10
2933,인생몸매 만드는 2주 플랜 고단백 저탄수화물 다이어트 레시피,<미니 박지우> 저,위즈덤하우스,전자책,9791162205 ,건강/의학,2023-03-10
2934,1인 가구 돈 관리,<공아연> 저,위즈덤하우스,전자책,9791189125 ,경제경영,2023-03-10
2935,브레이크 다운,<B. A. 패리스> 저/<이수영> 역,arte(아르테),전자책,9788950976 ,소설,2023-03-10
2936,멋진 신세계,<올더스 헉슬리> 저/<안정효> 역,소담출판사,전자책,9791160271 ,소설,2023-03-10
2937,슬픈 옥수수,<케이틀린 셰털리> 저/<김은영> 역,풀빛,전자책,9791161727 ,인문/역사,2023-03-10
2938,3층 서기실의 암호,<태영호> 저,기파랑,전자책,9788965236 ,정치/사회,2023-03-10
2939,경제의 99％는 환율이다,<백석현> 저,메이트북스,전자책,9791160026 ,경제경영,2023-03-10
2940,돌이킬 수 없는 약속,<야쿠마루 가쿠> 저/<김성미> 역,북플라자,전자책,9788998274 ,소설,2023-03-10
2941,이니미니,<M. J. 알리지> 저/<전행선> 역,북플라자,전자책,9788998274 ,소설,2023-03-10
2942,미니멀라이프 청소와 정리법,<주부의 벗사> 저,즐거운상상,전자책,9791155361 ,가정/생활/요리,2023-03-10
2943,굿 라이프,<최인철> 저,21세기북스,전자책,9788950976 ,자기계발,2023-03-10
2944,19호실로 가다,<도리스 레싱> 저/<김승욱> 역,문예출판사,전자책,9788931011 ,소설,2023-03-10
2945,최고의 변화는 어디서 시작되는가,<벤저민 하디> 저/<김미정> 역,비즈니스북스,전자책,9791162540 ,자기계발,2023-03-10
2946,아이가 잠들면 서재로 숨었다,<김슬기> 저,웨일북,전자책,9791190000000 ,시/에세이,2023-03-10
2947,투자를 어떻게 할 것인가,<모니시 파브라이> 저/<김인정> 역,이레미디어,전자책,9791188279 ,경제경영,2023-03-10
2948,행복해지는 연습을 해요,<전승환> 저,허밍버드,전자책,9788968331 ,시/에세이,2023-03-10
2949,한 장 보고서의 정석,<박신영> 저,세종서적,전자책,9788984077 ,자기계발,2023-03-10
2950,강원국의 글쓰기,<강원국> 저,메디치미디어,전자책,9791157067 ,인문/역사,2023-03-10
2951,하루의 취향,<김민철> 저,북라이프,전자책,9791188850 ,시/에세이,2023-03-10
2952,순간의 힘,"<칩 히스>,<댄 히스> 공저/<박슬라> 역",웅진지식하우스,전자책,9788901225 ,자기계발,2023-03-10
2953,컬러의 말,<카시아 세인트 클레어> 저/<이용재> 역,윌북(willbook),전자책,9791155811 ,예술/대중문화,2023-03-10
2954,단 하루도 너를 사랑하지 않은 날이 없다,<김재식> 저/<김혜림> 그림,쌤앤파커스,전자책,9788965706 ,시/에세이,2023-03-10
2955,건지 감자껍질파이 북클럽 (개정판),"<메리 앤 섀퍼>,<애니 배로스> 공저/<신선해> 역",이덴슬리벨(EAT&SLEEPWELL),전자책,9791157713 ,소설,2023-03-10
2956,자궁 리셋,<김윤희> 저,위즈덤하우스,전자책,9791162206 ,건강/의학,2023-03-10
2957,변하는 것과 변하지 않는 것,<강민호> 저,턴어라운드,전자책,9791196372 ,경제경영,2023-03-10
2958,댄 애리얼리 부의 감각,"<댄 애리얼리>,<제프 크라이슬러> 공저/<이경식> 역",청림출판,전자책,9788935212 ,경제경영,2023-03-10
2959,최강의 육아,<트레이시 커크로> 저,앵글북스,전자책,9791187512 ,가정/생활/요리,2023-03-10
2960,봉제인형 살인사건,<다니엘 콜> 저/<유혜인> 역,북플라자,전자책,9788998274 ,소설,2023-03-10
2961,나는 오늘도 경제적 자유를 꿈꾼다,<청울림(유대열)> 저,알에이치코리아(RHK),전자책,9788925586 ,경제경영,2023-03-10
2962,통섭과 투자,"<마이클 모부신> 저/<이건>,<오인석> 공역/<신진오> 감수",에프엔미디어,전자책,9791188754 ,경제경영,2023-03-10
2963,앞으로 5년 미중전쟁 시나리오,<최윤식> 저,지식노마드,전자책,9791187481 ,경제경영,2023-03-10
2964,예민함이라는 무기,<롤프 젤린> 저/<유영미> 역,나무생각,전자책,9791162180 ,인문/역사,2023-03-10
2965,나는 유튜브 크리에이터를 꿈꾼다,<샌드박스 네트워크> 저,위즈덤하우스,전자책,9791162206 ,자기계발,2023-03-10
2966,알아두면 쓸데 있는 유쾌한 상식사전 -일상생활 편-,<조홍석> 저,트로이목마,전자책,9791187440 ,인문/역사,2023-03-10
2967,한 그릇 집밥 다이어트 레시피,<최희정> 저,비타북스(VITABOOKS),전자책,9791158462 ,가정/생활/요리,2023-03-10
2968,잘돼가? 무엇이든,<이경미> 저,arte(아르테),전자책,9788950976 ,시/에세이,2023-03-10
2969,ZOOM 거의 모든 것의 속도,<밥 버먼> 저/<김종명> 역,예문아카이브,전자책,9791187749 ,과학/공학,2023-03-10
2970,하루 5분 엄마의 말습관,<임영주> 저,예담friend,전자책,9791189125 ,가정/생활/요리,2023-03-10
2971,빚 때문에 고민입니다,"<홀리 포터 존슨>,<그레그 존슨> 공저/<곽성혜> 역",유노북스,전자책,9791189279 ,경제경영,2023-03-10
2972,체공녀 강주룡,<박서련> 저,한겨레출판,전자책,9791160401 ,소설,2023-03-10
2973,여자들은 모르는 남자들의 심리,<이성현> 저/<차상미> 그림,21세기북스,전자책,9788950976 ,시/에세이,2023-03-10
2974,방구석 미술관,<조원재> 저,블랙피쉬,전자책,9788968331 ,예술/대중문화,2023-03-10
2975,을의 연애,<을냥이> 저,생각정거장,전자책,9791155428 ,시/에세이,2023-03-10
2976,웃으면서 할 말 다하는 사람들의 비밀,<오수향> 저,리더스북,전자책,9788901226 ,자기계발,2023-03-10
2977,어떻게 휘둘리지 않는 개인이 되는가,<홍대선> 저,푸른숲,전자책,9791156757 ,인문/역사,2023-03-10
2978,에세이를 써보고 싶으세요?,<김은경> 저,호우,전자책,9791196284 ,인문/역사,2023-03-10
2979,주문을 틀리는 요리점,<오구니 시로> 저/<김윤희> 역,웅진지식하우스,전자책,9788901226 ,시/에세이,2023-03-10
2980,만들면서 배우는 워드프레스(개정판),<박현우> 저,한빛미디어,전자책,9791162249 ,IT/프로그래밍,2023-03-10
2981,파워풀,"<패티 맥코드> 저/<허란>,<추가영> 공역",한국경제신문사(한경비피),전자책,9788947595 ,경제경영,2023-03-10
2982,"마음아, 넌 누구니",<박상미> 저,한국경제신문사(한경비피),전자책,9788947595 ,시/에세이,2023-03-10
2983,수영하는 여자들,<리비 페이지> 저/<박성혜> 역,구픽,전자책,9791187886 ,소설,2023-03-10
2984,플랜트 패러독스,<티븐 R. 건드리> 저/<양준상> 감수,쌤앤파커스,전자책,9788965706 ,건강/의학,2023-03-10
2985,"서른, 결혼 대신 야반도주",<야반도주> 저,위즈덤하우스,전자책,9791162207 ,시/에세이,2023-03-10
2986,수학이 필요한 순간,<김민형> 저/편집부 역,인플루엔셜,전자책,9791186560 ,과학/공학,2023-03-10
2987,312호에서는 303호 여자가 보인다,<피터 스완슨> 저/<노진선> 역,푸른숲,전자책,9791156757 ,소설,2023-03-10
2988,공부머리 독서법,<최승필> 저,책구루,전자책,9791196316 ,인문/역사,2023-03-10
2989,사이코패스는 일상의 그늘에 숨어 지낸다,"<이수정>,<김경옥> 공저",중앙m&b,전자책,9788964562 ,인문/역사,2023-03-10
2990,그것은 사랑이 아니다,<로빈 스턴> 저/<신준영> 역,알에이치코리아(RHK),전자책,9788925586 ,인문/역사,2023-03-10
2991,11문자 살인사건 (개정판),<히가시노 게이고> 저/<민경욱> 역,알에이치코리아(RHK),전자책,9788925586 ,소설,2023-03-10
2992,다이어트의 정석,<수피> 저,한문화,전자책,9788956993 ,건강/의학,2023-03-10
2993,독소를 비우는 몸,"<제이슨 펑>,<지미 무어> 공저/<이문영> 역/<양준상> 감수",라이팅하우스,전자책,9788998075 ,건강/의학,2023-03-10
2994,인생은 수리가 됩니다,<필립 C. 맥그로> 저/<차백만> 역,청림출판,전자책,9788935212 ,자기계발,2023-03-10
2995,파이썬 웹 프로그래밍,<김석훈> 저,한빛미디어,전자책,9791162249 ,IT/프로그래밍,2023-03-10
2996,나는 오늘 책상을 정리하기로 했다,<Emi> 저,즐거운상상,전자책,9791155361 ,가정/생활/요리,2023-03-10
2997,"앨리스, 너만의 길을 그려봐",<앨리스> 저,알에이치코리아(RHK),전자책,9788925586 ,시/에세이,2023-03-10
2998,조선에서 백수로 살기,<고미숙> 저,프런티어,전자책,9788947595 ,자기계발,2023-03-10
2999,저절로 몸에 새겨지는 몰입 영어,<황농문> 저,위즈덤하우스,전자책,9791162208 ,국어/외국어,2023-03-10
3000,사랑하는 습관,<도리스 레싱> 저/<김승욱> 역,문예출판사,전자책,9788931011 ,소설,2023-03-10
3001,부의 본능,<브라운스톤> 저,토트출판사,전자책,9791187444 ,경제경영,2023-03-10
3002,인생 우화,<류시화> 저/<블라디미르 루바로프> 그림,연금술사,전자책,9791186686 ,소설,2023-03-10
3003,연애의 기억,<줄리언 반스> 저,다산책방,전자책,9791130619 ,소설,2023-03-10
3004,아무것도 안 해도 아무렇지 않구나,<김신회> 저,놀,전자책,9791130619 ,시/에세이,2023-03-10
3005,나를 함부로 판단할 수 없다,<테리 앱터> 저/<최윤영> 역,다산초당,전자책,9791130619 ,인문/역사,2023-03-10
3006,AFTER 애프터 1,<안나 토드> 저/<강효준> 역,콤마,전자책,9791188253 ,소설,2023-03-10
3007,AFTER 애프터 2,<안나 토드> 저/<강효준> 역,콤마,전자책,9791188253 ,소설,2023-03-10
3008,아름다운 아이 - 책콩 어린이 22,<R. J. 팔라시오> 글/<천미나> 역,책과콩나무,전자책,9791186490 ,유아,2023-03-10
3009,고기로 태어나서,<한승태> 저,시대의창,전자책,9788959406 ,정치/사회,2023-03-10
3010,"언젠가, 아마도",<김연수> 저,컬처그라퍼,전자책,9788970599 ,시/에세이,2023-03-10
3011,10년 동안 적금밖에 모르던 39세 김 과장은 어떻게 1년 만에 부동산 천재가 됐을까?,<김재수(렘군)> 저,비즈니스북스,전자책,9791162540 ,경제경영,2023-03-10
3012,곁에 남아 있는 사람,<임경선> 저,위즈덤하우스,전자책,9791162209 ,소설,2023-03-10
3013,애써 말걸지 않아도 대화가 끊이지 않는 법,<기무라 다카시> 저/<이혜윤> 역,위즈덤하우스,전자책,9791162209 ,자기계발,2023-03-10
3014,건강하고 즐거운 삶을 위한 정형외과 운동법,<은상수> 저,북레시피,전자책,9791188140 ,건강/의학,2023-03-10
3015,철학 VS 철학,<강신주> 저,오월의봄,전자책,9791187373 ,인문/역사,2023-03-10
3016,결혼은 모르겠고 돈은 모으고 싶어,<김경필> 저,다산북스,전자책,9791130619 ,경제경영,2023-03-10
3017,하버드 협상 강의,<하버드 공개강의연구회> 저/<송은진> 역,북아지트,전자책,9791187310 ,자기계발,2023-03-10
3018,출판사 에디터가 알려주는 책쓰기 기술,<양춘미> 저,카시오페아,전자책,9791188674 ,자기계발,2023-03-10
3019,뇌를 읽다,"<프레데리케 파브리티우스>,<한스 하게만> 공저/<박단비> 역",빈티지하우스,전자책,9791189249 ,인문/역사,2023-03-10
3020,곰팡이 수지,<레오노라 라이틀> 글그림/<이정모> 역,스콜라,전자책,9788962479 ,아동,2023-03-10
3021,리얼 라이즈,<T. M. 로건> 저/<이수영> 역,arte(아르테),전자책,9788950977 ,소설,2023-03-10
3022,"영어면접, You’re Hired : Upgrade!",<Aran Kim> 저,알에이치코리아(RHK),전자책,9788925586 ,국어/외국어,2023-03-10
3023,과학자가 되는 방법,<남궁석> 저,이김,전자책,9791196283 ,과학/공학,2023-03-10
3024,인듀어,<알렉스 허친슨> 저,다산북스,전자책,9791130619 ,인문/역사,2023-03-10
3025,10년 째 영알못은 어떻게 100일 만에 영어천재가 되었을까,<이정은> 저,미다스북스(리틀미다스),전자책,9788966375 ,자기계발,2023-03-10
3026,어떻게 능력을 보여 줄것인가,<잭 내셔> 저/<안인희> 역,갤리온,전자책,9788901227 ,자기계발,2023-03-10
3027,일본어회화 100일의 기적,<윤선경> 저/<고마츠자키 유키타카> 감수,넥서스,전자책,9791161654 ,국어/외국어,2023-03-10
3028,초격차,<권오현> 저/<김상근> 정리,쌤앤파커스,전자책,9788965706 ,경제경영,2023-03-10
3029,평양 자본주의 백과전서,<주성하> 저,북돋움,전자책,9791187691 ,정치/사회,2023-03-10
3030,"에이, 뭘 사랑까지 하고 그래",<김서령> 저,허밍버드,전자책,9788968331 ,시/에세이,2023-03-10
3031,오늘처럼 내가 싫었던 날은 없었다,<글배우> 저,21세기북스,전자책,9788950977 ,인문/역사,2023-03-10
3032,사이다경제,<사이다경제> 저,원앤원북스,전자책,9791189344 ,경제경영,2023-03-10
3033,"청부 살인, 하고 있습니다.",<이시모치 아사미> 저/<민경욱> 역,노블마인,전자책,9788901226 ,소설,2023-03-10
3034,그림으로 정리한 알고리즘과 자료구조,<조민호> 저,정보문화사,전자책,9788956748 ,IT/프로그래밍,2023-03-10
3035,완벽한 IT 인프라 구축을 위한 Docker (2판),<Asa Shiho> 저<이영란> 역,정보문화사,전자책,9788956748 ,IT/프로그래밍,2023-03-10
3036,일본 최고의 대부호에게 배우는 돈을 부르는 말버릇,<미야모토 마유미> 저/<황미숙> 역,비즈니스북스,전자책,9791162540 ,자기계발,2023-03-10
3037,서울이 아니어도 오를 곳은 오른다,<김학렬> 저,알에이치코리아(RHK),전자책,9788925586 ,경제경영,2023-03-10
3038,거대한 코끼리 중국의 진실,<임명묵> 저,에이지21,전자책,9788998342 ,정치/사회,2023-03-10
3039,테미스의 검 - 와타세 경부 시리즈 01,<나카야마 시치리> 저/<이연승> 역,블루홀6,전자책,9791196123 ,소설,2023-03-10
3040,말투는 부드럽게 그러나 행동은 단호하게,<정다원> 저,세종미디어,전자책,9788994485 ,시/에세이,2023-03-10
3041,바보아저씨의 경제 이야기,<바보아저씨> 저,바른북스,전자책,9791163560 ,경제경영,2023-03-10
3042,첫째 딸로 태어나고 싶지는 않았지만,"<리세터 스하위테마커르>,<비스 엔트호번> 공저/<이상원> 역",갈매나무,전자책,9788993635 ,자기계발,2023-03-10
3043,심리학이 이렇게 쓸모 있을 줄이야,<류쉬안> 저/<원녕경> 역,다연,전자책,9791187962 ,인문/역사,2023-03-10
3044,스페인어회화 100일의 기적,<민킴> 저,넥서스,전자책,9791161655 ,국어/외국어,2023-03-10
3045,60분 만에 읽었지만 평생 당신 곁을 떠나지 않을 아이디어 생산법,<제임스 웹 영> 저/<이지연> 역/<정재승> 서문,윌북(willbook),전자책,9791155811 ,자기계발,2023-03-10
3046,마흔에게,<기시미 이치로> 저/<전경아> 역,다산초당,전자책,9791130619 ,자기계발,2023-03-10
3047,최진기의 경제상식 오늘부터 1일,<최진기> 저/<신똥> 그림,스마트북스,전자책,9791185541 ,경제경영,2023-03-10
3048,쓰기의 감각,<앤 라모트> 저/<최재경> 역,웅진지식하우스,전자책,9788901227 ,인문/역사,2023-03-10
3049,"미키 마우스, 오늘부터 멋진 인생이 시작될 거야",<미키 마우스> 원작,알에이치코리아(RHK),전자책,9788925586 ,시/에세이,2023-03-10
3050,저마다의 별을 찾아서,<윤혜진> 저/<앙투안 드 생텍쥐페리> 그림,큐리어스(Qrious),전자책,9791161655 ,시/에세이,2023-03-10
3051,어떻게 민주주의는 무너지는가,"<스티븐 레비츠키>,<대니얼 지블랫> 공저",어크로스,전자책,9791160560 ,정치/사회,2023-03-10
3052,나는 오십에 영어를 시작했다,<정재환> 저,보누스,전자책,9788964943 ,국어/외국어,2023-03-10
3053,도둑의 도시 가이드,<제프 마노> 저/<김주양> 역,열림원,전자책,9791188047 ,인문/역사,2023-03-10
3054,맥두걸 박사의 자연식물식,<존 맥두걸> 저/<강신원> 역,사이몬북스,전자책,9791187330 ,건강/의학,2023-03-10
3055,어른에게도 어른이 필요하다,<박산호> 저,북라이프,전자책,9791188850 ,시/에세이,2023-03-10
3056,엄마로만 살지 않겠습니다,<김아연> 저,청림Life,전자책,9791188700 ,자기계발,2023-03-10
3057,머신 플랫폼 크라우드,"<앤드루 맥아피>,<에릭 브린욜프슨> 공저/<이한음> 역",청림출판,전자책,9788935212 ,경제경영,2023-03-10
3058,상식 밖의 경제학,<댄 애리얼리> 저/<장석훈> 역,청림출판,전자책,9788935212 ,경제경영,2023-03-10
3059,"나는 간호사, 사람입니다",<김현아> 저,쌤앤파커스,전자책,9788965706 ,시/에세이,2023-03-10
3060,거절 잘 하는 법,<이하늘> 저,카시오페아,전자책,9791188674 ,자기계발,2023-03-10
3061,처음부터 잘 쓰는 사람은 없습니다,<이다혜> 저,위즈덤하우스,전자책,9791162209 ,인문/역사,2023-03-10
3062,오준석의 안드로이드 생존코딩(코틀린 편),<오준석> 저,한빛미디어,전자책,9791162249 ,IT/프로그래밍,2023-03-10
3063,회사에서 바로 통하는 실무 엑셀 파워포인트 워드&한글,"<전미진>,<이화진>,<신면철> 공저",한빛미디어,전자책,9791162249 ,IT/프로그래밍,2023-03-10
3064,최강의 레시피,<데이브 아스프리> 저,앵글북스,전자책,9791187512 ,건강/의학,2023-03-10
3065,비만코드,<제이슨 펑> 저/<제효영> 역,시그마북스,전자책,9791189199 ,건강/의학,2023-03-10
3066,담백하게 산다는 것,<양창순> 저,다산북스,전자책,9791130619 ,인문/역사,2023-03-10
3067,움츠러들지 않고 용기있게 딸 성교육 하는 법,<손경이> 저,다산에듀,전자책,9791130619 ,가정/생활/요리,2023-03-10
3068,"이게, 행복이 아니면 무엇이지",<김혜령> 저,웨일북,전자책,9791188248 ,인문/역사,2023-03-10
3069,제0호,<움베르토 에코> 저/<이세욱> 역,열린책들,전자책,9788932966 ,소설,2023-03-10
3070,트렌드 코리아 2019,<김난도> 등저,미래의창,전자책,9788959895 ,경제경영,2023-03-10
3071,하워드 막스 투자와 마켓 사이클의 법칙,<하워드 막스> 저/<이주영> 역/<홍춘욱> 감수,비즈니스북스,전자책,9791162540 ,경제경영,2023-03-10
3072,B급 세계사,<김상훈> 저,행복한작업실,전자책,9791196381 ,인문/역사,2023-03-10
3073,마사코의 질문(책읽는가족),<손연자> 글/<김재홍> 그림,푸른책들,전자책,9788957986 ,유아,2023-03-10
3074,파닉스가 아니라 발음기호가 정답이다,<정용재> 글,한글영어,전자책,9791195919 ,아동,2023-03-10
3075,마흔이 되기 전에,"<팀 페리스> 저/<박선령>,<정지현> 공역",토네이도,전자책,9791158511 ,자기계발,2023-03-10
3076,기적의 영어 알파벳,<정용재> 글,한글영어,전자책,9791188935 ,아동,2023-03-10
3077,12가지 인생의 법칙,<조던 B. 피터슨> 저/<강주헌> 역,메이븐,전자책,9791196509 ,인문/역사,2023-03-10
3078,대한민국 주식투자자를 위한 완벽한 재무제표 읽기,<이강연> 저,비즈니스북스,전자책,9791162540 ,경제경영,2023-03-10
3079,부동산 기사 그래서 어떻게 봐야 할까요?,<제네시스 박> 저,원앤원북스,전자책,9791189344 ,경제경영,2023-03-10
3080,내가 주식을 사는 이유,<오정훈> 저,연필,전자책,9791162762 ,경제경영,2023-03-10
3081,하버드 상위 1퍼센트의 비밀,<정주영> 저,한국경제신문사(한경비피),전자책,9788947595 ,자기계발,2023-03-10
3082,컴 클로저,<일자 샌드> 저/<곽재은> 역,인플루엔셜,전자책,9791186560 ,인문/역사,2023-03-10
3083,"언젠가 헤어지겠지, 하지만 오늘은 아니야",<F> 저/<송아람> 그림/<이홍이> 역,놀,전자책,9791130619 ,시/에세이,2023-03-10
3084,골든아워 1,<이국종> 저,흐름출판,전자책,9788965962 ,시/에세이,2023-03-10
3085,골든아워 2,<이국종> 저,흐름출판,전자책,9788965962 ,시/에세이,2023-03-10
3086,운명을 만드는 절제의 성공학 (증보판),<미즈노 남보쿠> 저/<류건> 편,바람,전자책,9788992382 ,자기계발,2023-03-10
3087,바보아저씨의 경제이야기 2권,<바보아저씨> 저,바른북스,전자책,9791163560 ,경제경영,2023-03-10
3088,관점을 디자인하라 (개념 확장판),<박용후> 저,쌤앤파커스,전자책,9788965707 ,자기계발,2023-03-10
3089,당신이 남긴 증오,<앤지 토머스> 저/<공민희> 역,걷는나무,전자책,9788901227 ,소설,2023-03-10
3090,카밍 시그널,<투리드 루가스> 저/<다니엘 K.엘더> 역/<강형욱> 감수,혜다,전자책,9791196219 ,여행/취미,2023-03-10
3091,프레디 머큐리,"<레슬리 앤 존스> 저/<변문경>,<이미경> 공역",다빈치books,전자책,9791186742 ,예술/대중문화,2023-03-10
3092,홍차와 장미의 나날,<모리 마리> 저/<이지수> 역,다산책방,전자책,9791130619 ,시/에세이,2023-03-10
3093,150년 하버드 글쓰기 비법,<송숙희> 저,유노북스,전자책,9791189279 ,자기계발,2023-03-10
3094,아들 셋 엄마의 돈 되는 독서,<김유라 > 저,차이정원,전자책,9791188388 ,자기계발,2023-03-10
3095,제이콥의 공식으로 배우는 반주법(코드편1),<제이콥> 저,유페이퍼,전자책,9791189666 ,예술/대중문화,2023-03-10
3096,죽기전까지 걷고 싶다면 스쿼트를 하라,<고바야시 히로유키> 저/<홍성민> 역,동양북스(동양books),전자책,9791157684 ,건강/의학,2023-03-10
3097,나를 위해 하다,<하다> 저,마음의숲,전자책,9791162850 ,시/에세이,2023-03-10
3098,네메시스의 사자 - 와타세 경부 시리즈 02,<나카야마 시치리> 저/<이연승> 역,블루홀6,전자책,9791189571 ,소설,2023-03-10
3099,금척,<김종록> 저,다산책방,전자책,9791130619 ,인문/역사,2023-03-10
3100,오해하지 않는 연습 오해받지 않을 권리,<김보광> 저,웨일북,전자책,9791188248 ,자기계발,2023-03-10
3101,퇴사준비생의 런던,<이동진> 등저,트래블코드,전자책,9791196082 ,경제경영,2023-03-10
3102,나라는 이상한 나라,<송형석> 저,알에이치코리아(RHK),전자책,9788925586 ,인문/역사,2023-03-10
3103,아들이 초등학교에 갑니다,<이진혁> 저,예담friend,전자책,9791189125 ,가정/생활/요리,2023-03-10
3104,실수연발 건망증 투성이는 어떻게 기억력 천재가 됐을까?,<조신영> 저,베프북스,전자책,9791186834 ,자기계발,2023-03-10
3105,1일 1개 버리기,<미쉘> 저,즐거운상상,전자책,9791155361 ,가정/생활/요리,2023-03-10
3106,서울 아파트 마지막 기회가 온다,<강승우> 저,매일경제신문사,전자책,9791155429 ,경제경영,2023-03-10
3107,비커밍,<미셸 오바마> 저/<김명남> 역,웅진지식하우스,전자책,9788901228 ,인문/역사,2023-03-10
3108,"나, 열심히 살고 있는데 왜 자꾸 눈물이 나는 거니?",<송정림> 저/<채소> 그림,꼼지락,전자책,9791163422 ,시/에세이,2023-03-10
3109,일본의 주식 부자들,<닛케이 머니> 저/<김정환> 역,이레미디어,전자책,9791188279 ,경제경영,2023-03-10
3110,2019 트렌드 노트,"<김정구>,<박현영>,<신수정>,<염한결>,<이예은>,<이효정> 공저",북스톤,전자책,9791187289 ,경제경영,2023-03-10
3111,하마터면 회계를 모르고 일할 뻔했다!,"<김수헌>,<이재홍> 공저",어바웃어북,전자책,9791187150 ,경제경영,2023-03-10
3112,세계미래보고서 2019,"<박영숙>,<제롬 글렌> 공저/<이희령> 역",비즈니스북스,전자책,9791162540 ,경제경영,2023-03-10
3113,진정한 나로 살아갈 용기,<브레네 브라운> 저/<이은경> 역,북라이프,전자책,9791188850 ,인문/역사,2023-03-10
3114,태도에 관하여 (개정판),<임경선> 저,한겨레출판,전자책,9791160402 ,시/에세이,2023-03-10
3115,모바일 트렌드 2019,<커넥팅랩> 저,미래의창,전자책,9788959895 ,경제경영,2023-03-10
3116,맥 쓰는 사람들의 macOS 모하비,<고래돌이(김상우)> 저,한빛미디어,전자책,9791162249 ,IT/프로그래밍,2023-03-10
3117,아이의 마음을 읽는 연습 관계 편,<인젠리> 저/<김락준> 역,다산에듀,전자책,9791130619 ,가정/생활/요리,2023-03-10
3118,아이의 마음을 읽는 연습 학습 편,<인젠리> 저/<김락준> 역,다산에듀,전자책,9791130619 ,가정/생활/요리,2023-03-10
3119,"조금 우울하지만, 보통 사람입니다",<이수연> 저,놀,전자책,9791130619 ,시/에세이,2023-03-10
3120,베일리 어게인 (개정판),<W.브루스 카메론> 저/<이창희> 역,페티앙북스,전자책,9791195500 ,소설,2023-03-10
3121,보기왕이 온다,<사와무라 이치> 저/<이선희> 역,arte(아르테),전자책,9788950978 ,소설,2023-03-10
3122,제7일,<위화> 저/<문현선> 역,푸른숲,전자책,9791156757 ,소설,2023-03-10
3123,일하는 마음,<제현주> 저,어크로스,전자책,9791160560 ,자기계발,2023-03-10
3124,"미안하지만, 오늘은 내 인생이 먼저예요",<이진이> 저,위즈덤하우스,전자책,9791196541 ,시/에세이,2023-03-10
3125,행복 예습,<김형석> 저,덴스토리(DENSTORY),전자책,9791185716 ,인문/역사,2023-03-10
3126,8시간,<임병권> 저,아틀라스북스,전자책,9791188194 ,자기계발,2023-03-10
3127,나도 아직 나를 모른다,<허지원> 저,홍익출판사,전자책,9788970656 ,인문/역사,2023-03-10
3128,결국 이기는 사마의,<친타오> 저/<박소정> 역,더봄,전자책,9791188522 ,인문/역사,2023-03-10
3129,채권쟁이 서준식의 다시 쓰는 주식 투자 교과서,<서준식> 저,에프엔미디어,전자책,9791188754 ,경제경영,2023-03-10
3130,브루투스의 심장(개정판),<히가시노 게이고> 저/<민경욱> 역,알에이치코리아(RHK),전자책,9788925586 ,소설,2023-03-10
3131,닿음,<양세은(zipcy> 저,arte(아르테),전자책,9788950978 ,시/에세이,2023-03-10
3132,AFTER 애프터 4,<안나 토드> 저/<강효준> 역,콤마,전자책,9791188253 ,소설,2023-03-10
3133,AFTER 애프터 3,<안나 토드> 저/<강효준> 역,콤마,전자책,9791188253 ,소설,2023-03-10
3134,나는 돈에 미쳤다,<젠 신체로> 저/<박선령> 역,위너스북,전자책,9791189352 ,경제경영,2023-03-10
3135,디즈니의 악당들 1 : 사악한 여왕,<세레나 발렌티노> 저/<주정자> 역,라곰,전자책,9791196453 ,소설,2023-03-10
3136,디즈니의 악당들 2 : 저주받은 야수,<세레나 발렌티노> 저/<석가원> 역,라곰,전자책,9791196453 ,소설,2023-03-10
3137,디즈니의 악당들 3 : 버림받은 마녀,<세레나 발렌티노> 저/<김지혜> 역,라곰,전자책,9791196453 ,소설,2023-03-10
3138,90년생이 온다,<임홍택> 저,웨일북,전자책,9791188248 ,경제경영,2023-03-10
3139,이대로는 안 되겠다 싶은 순간 정리를 시작했다,<윤선현> 저,인플루엔셜,전자책,9791186560 ,자기계발,2023-03-10
3140,왜 나는 사업부터 배웠는가,<송성근> 저,다산북스,전자책,9791130619 ,경제경영,2023-03-10
3141,다산의 마지막 공부,<조윤제> 저,청림출판,전자책,9788935212 ,자기계발,2023-03-10
3142,아이를 위한 하루 한 줄 인문학,<김종원> 저,청림Life,전자책,9791188700 ,가정/생활/요리,2023-03-10
3143,시간이 없는 사람들을 위한 빠르고 단단한 공부법,<크리스티안 그뤼닝> 저/<염정용> 역,플로우,전자책,9791188545 ,자기계발,2023-03-10
3144,구글이 목표를 달성하는 방식 OKR,<크리스티나 워드케> 저/<박수성> 역,한국경제신문사(한경비피),전자책,9788947595 ,경제경영,2023-03-10
3145,마흔 공부법,<우스이 고스케> 저,한국경제신문사(한경비피),전자책,9788947595 ,자기계발,2023-03-10
3146,안드로이드 스튜디오를 활용한 실전 앱 만들기,<조상철> 저,영진닷컴,전자책,9788931456 ,IT/프로그래밍,2023-03-10
3147,사기 인문학,<한정주> 저,다산초당,전자책,9791130620 ,인문/역사,2023-03-10
3148,집값 높여도 잘 팔리는 부동산 인테리어,<남경엽(송도부자)> 저,아라크네,전자책,9791157746 ,경제경영,2023-03-10
3149,관계의 품격,<오노코로 신페이> 저/<유나현> 역,비즈니스북스,전자책,9791162540 ,자기계발,2023-03-10
3150,비됴클래스 하줜의 유튜브 동영상 편집 with 프리미어 프로,<하지원> 저,한빛미디어,전자책,9791162249 ,IT/프로그래밍,2023-03-10
3151,자기신뢰,<랠프 월도 에머슨> 저/<전미영> 역,창해(새우와 고래),전자책,9788979190 ,자기계발,2023-03-10
3152,나는 오를 땅만 산다,<김종율(옥탑방보보스)> 저,한국경제신문사(한경비피),전자책,9788947595 ,경제경영,2023-03-10
3153,백종원의 장사 이야기,<백종원> 저,서울문화사,전자책,9788926366 ,경제경영,2023-03-10
3154,지금부터 부동산 투자해도 부자가 될 수 있다,<민경남(시네케라)> 저,위즈덤하우스,전자책,9791189709 ,경제경영,2023-03-10
3155,백종원이 추천하는 집밥 메뉴 55,<백종원> 저,서울문화사,전자책,9788926366 ,가정/생활/요리,2023-03-10
3156,한번쯤 네가 나를 그리워했으면 좋겠다,<그림은> 저,놀,전자책,9791130620 ,시/에세이,2023-03-10
3157,팬츠드렁크,<미스카 란타넨> 저/<김경영> 역,다산북스,전자책,9791130620 ,자기계발,2023-03-10
3158,만들어진 진실,<헥터 맥도널드> 저/<이지연> 역,흐름출판,전자책,9788965962 ,인문/역사,2023-03-10
3159,끌리는 것들의 비밀,<윤정원> 저,라곰,전자책,9791189686 ,경제경영,2023-03-10
3160,아침에는 죽음을 생각하는 것이 좋다,<김영민> 저,어크로스,전자책,9791160560 ,인문/역사,2023-03-10
3161,"답장할게, 꼭","<케이틀린 알리피렌카>,<마틴 간다>,<리즈 웰치> 공저/<장여정> 역",북레시피,전자책,9791188140 ,시/에세이,2023-03-10
3162,혼자 집밥,<짜잔> 저,북레시피,전자책,9791188140 ,시/에세이,2023-03-10
3163,먹고사는 게 전부가 아닌 날도 있어서,<노지양> 저,북라이프,전자책,9791188850 ,시/에세이,2023-03-10
3164,사는 게 힘드냐고 니체가 물었다,<박찬국> 저,21세기북스,전자책,9788950979 ,인문/역사,2023-03-10
3165,밑바닥부터 시작하는 부동산 경매,<전용은> 저,원앤원북스,전자책,9791189344 ,경제경영,2023-03-10
3166,마리카의 장갑,<오가와 이토> 저/<히라사와 마리코> 그림/<이윤정> 역,작가정신,전자책,9791160261 ,소설,2023-03-10
3167,리치 파머,"<김철수>,<김재후>,<고은이>,<강진규>,<홍선표> 공저",한국경제신문사(한경비피),전자책,9788947596 ,경제경영,2023-03-10
3168,투자의 가치,<이건규> 저,부크온,전자책,9788994491 ,경제경영,2023-03-10
3169,"아무튼, 발레",<최민영> 저,위고,전자책,9791160891 ,시/에세이,2023-03-10
3170,"아무튼, 비건",<김한민> 저,위고,전자책,9791160891 ,시/에세이,2023-03-10
3171,내 치즈는 어디에서 왔을까?,<스펜서 존슨> 저/<공경희> 역,인플루엔셜,전자책,9791186560 ,자기계발,2023-03-10
3172,기억 파단자,<고바야시 야스미> 저/<주자덕> 역,아프로스미디어,전자책,9791189770 ,소설,2023-03-10
3173,수축사회,<홍성국> 저,메디치미디어,전자책,9791157067 ,경제경영,2023-03-10
3174,올리버쌤의 영어 꿀팁,<올리버 샨 그랜트> 저,위즈덤하우스,전자책,9791189709 ,국어/외국어,2023-03-10
3175,1분 전달력,<이토 요이치> 저/<노경아> 역,움직이는서재,전자책,9791186592 ,자기계발,2023-03-10
3176,말은 운명의 조각칼이다,<이민호> 저,천그루숲,전자책,9791188348 ,자기계발,2023-03-10
3177,돌이킬 수 있는,<문목하> 저,아작(디자인콤마),전자책,9791189015 ,소설,2023-03-10
3178,뿌리가 튼튼한 사람이 되고 싶어,<신미경> 저,뜻밖,전자책,9791189271 ,시/에세이,2023-03-10
3179,세상 편한 유아식판식,"<박현규>,<이진원> 공저",베가북스,전자책,9791186137 ,가정/생활/요리,2023-03-10
3180,밀란이랑 오늘도 걱정말개,<오혜진> 저,21세기북스,전자책,9788950979 ,시/에세이,2023-03-10
3181,우리가 행복해질 시간은 지금이야,<박근호> 저,위즈덤하우스,전자책,9791189709 ,시/에세이,2023-03-10
3182,고요할수록 밝아지는 것들,<혜민> 저,수오서재,전자책,9791187498 ,시/에세이,2023-03-10
3183,"한국,한국인",<마이클 브린> 저/<장영재> 역,실레북스,전자책,9791195984 ,정치/사회,2023-03-10
3184,하버드 행동력 수업,<가오위안> 저/<김정자> 역,가나출판사,전자책,9788957369 ,자기계발,2023-03-10
3185,지방 대사 켜는 스위치온 다이어트,<박용우> 저,루미너스,전자책,9791196334 ,건강/의학,2023-03-10
3186,찰리와 소매치기단,<콜린 멜로이> 저/<카슨 엘리스> 그림/<이은정> 역,황소자리,전자책,9791185093 ,소설,2023-03-10
3187,서른과 마흔 사이 나를 되돌아볼 시간,<미리암 프리스> 저/<박지희> 역,비즈니스북스,전자책,9791162540 ,인문/역사,2023-03-10
3188,역사 무식자도 쉽게 맥을 잡는 단박에 조선사,<심용환> 저,위즈덤하우스,전자책,9791189709 ,인문/역사,2023-03-10
3189,지혜롭게 나이 든다는 것,"<마사 누스바움>,<솔 레브모어> 공저/<안진이> 역",어크로스,전자책,9791160560 ,인문/역사,2023-03-10
3190,우리가 살아 있는 모든 순간,<톰 말름퀴스트> 저/<김승욱> 역,다산책방,전자책,9791130620 ,소설,2023-03-10
3191,1등은 당신처럼 공부하지 않았다,<김도윤> 저,쌤앤파커스,전자책,9788965707 ,청소년,2023-03-10
3192,실력의 배신,<박남기> 저,쌤앤파커스,전자책,9788965707 ,인문/역사,2023-03-10
3193,천천히 쉬어가세요,<톤 막> 저/<이병률> 역,북레시피,전자책,9791188140 ,시/에세이,2023-03-10
3194,6개월에 천 만원 모으기,"<EBS 제작팀 서영아>,<이대표>,<성선화>,<김유라> 공저",한국경제신문사(한경비피),전자책,9788947596 ,경제경영,2023-03-10
3195,돈의 신에게 사랑 받는 3줄의 마법,<후지모토 사키코> 저/<정세영> 역,앵글북스,전자책,9791187512 ,자기계발,2023-03-10
3196,우리아이 작은습관,<이범용> 저,스마트북스,전자책,9791185541 ,가정/생활/요리,2023-03-10
3197,어떻게 팔지 답답할 때 읽는 마케팅 책,<리처드 쇼튼> 저/<이진원> 역,비즈니스북스,전자책,9791162540 ,경제경영,2023-03-10
3198,누리보듬 홈스쿨,<한진희(누리보듬)> 저,서사원,전자책,9791196533 ,가정/생활/요리,2023-03-10
3199,2억 빚을 진 내게 우주님이 가르쳐준 운이 풀리는 말버릇 (만화편),<고이케 히로시> 저/<아베 나오미> 그림/<이정환> 역,나무생각,전자책,9791162180 ,자기계발,2023-03-10
3200,무탈한 오늘,<문지안> 저,21세기북스,전자책,9788950979 ,시/에세이,2023-03-10
3201,데드키,<D. M. 풀리> 저/<하현길> 역,노블마인,전자책,9788901229 ,소설,2023-03-10
3202,신뢰의 법칙,<데이비드 데스테노> 저/<박세연> 역,웅진지식하우스,전자책,9788901229 ,인문/역사,2023-03-10
3203,용기를 잃지 말고 힘내요,<김지훈> 저,진심의꽃한송이,전자책,9791196484 ,시/에세이,2023-03-10
3204,직장 내공,<송창현> 저,가나출판사,전자책,9788957369 ,자기계발,2023-03-10
3205,단어의 사연들,<백우진> 저,웨일북,전자책,9791188248 ,인문/역사,2023-03-10
3206,나는 오늘부터 경제기사를 읽기로 했다,<박유연> 저,원앤원북스,전자책,9791189344 ,경제경영,2023-03-10
3207,엄마의 첫 심리 공부,<누다심(강현식)> 저,유노북스,전자책,9791189279 ,인문/역사,2023-03-10
3208,리밸런싱(REBALANCING),<박홍기> 저,좋은땅,전자책,9791162229 ,경제경영,2023-03-10
3209,심미안 수업,<윤광준> 저,지와인,전자책,9791196533 ,인문/역사,2023-03-10
3210,나의 아름다운 이웃 (개정판),<박완서> 저,작가정신,전자책,9791160261 ,소설,2023-03-10
3211,멜랑콜리 해피엔딩,"<강화길>,<권지예>,<김사과>,<김성중>,<김숨>,<김종광>,<박민정>,<백가흠>,<백민석> 등저",작가정신,전자책,9791160261 ,소설,2023-03-10
3212,잠든 사이 월급 버는 미국 배당주 투자,"<소수몽키(홍승초)>,<베가스풍류객>,<윤재홍> 공저",베가북스,전자책,9791186137 ,경제경영,2023-03-10
3213,호킹의 빅 퀘스천에 대한 간결한 대답,<스티븐 호킹> 저/<배지은> 역,까치(까치글방),전자책,9788972916 ,과학/공학,2023-03-10
3214,왼손잡이 숙녀,<낸시 스프링어> 저/<장여정> 역,북레시피,전자책,9791188140 ,소설,2023-03-10
3215,매출 100배 올리는 유통 마케팅 비법,<유노연> 저,중앙경제평론사,전자책,9788960542 ,경제경영,2023-03-10
3216,너는 기억 못하겠지만,<후지마루> 저/<김은모> 역,arte(아르테),전자책,9788950979 ,소설,2023-03-10
3217,뉴파워: 새로운 권력의 탄생,"<제러미 하이먼즈>,<헨리 팀스> 공저/<홍지수> 역",비즈니스북스,전자책,9791162540 ,경제경영,2023-03-10
3218,스틸 미(Still Me),<조조 모예스> 저/<공경희> 역,살림출판사,전자책,9788952240 ,소설,2023-03-10
3219,슬픔을 공부하는 슬픔,<신형철> 저,한겨레출판,전자책,9791160402 ,시/에세이,2023-03-10
3220,아침의 피아노,<김진영> 저,한겨레출판,전자책,9791160402 ,시/에세이,2023-03-10
3221,생각이 돈이 되는 순간,<앨런 가넷> 저/<이경남> 역,알에이치코리아(RHK),전자책,9788925586 ,경제경영,2023-03-10
3222,먹고 마시는 것들의 자연사,<조너선 실버타운> 저/<노승영> 역,서해문집,전자책,9788974839 ,과학/공학,2023-03-10
3223,원숭이 신의 잃어버린 도시,<더글러스 프레스턴> 저/<손성화> 역,나무의철학,전자책,9791158511 ,인문/역사,2023-03-10
3224,좋아하는 걸 좋아하는 게 취미,<김신지> 저,위즈덤하우스,전자책,9791189709 ,시/에세이,2023-03-10
3225,공부에 미친 사람들,<김병완> 저,다산북스,전자책,9791130620 ,자기계발,2023-03-10
3226,나는 이 질문이 불편하다,<안광복> 저,어크로스,전자책,9791196587 ,인문/역사,2023-03-10
3227,걱정이 많아서 걱정인 당신에게,<한창욱> 저,정민미디어,전자책,9791186276 ,자기계발,2023-03-10
3228,"사랑하게 해줘서, 고마워",<김재식> 저/<최청운> 그림,쌤앤파커스,전자책,9788965707 ,시/에세이,2023-03-10
3229,"전업맘, 재테크로 매년 3000만 원 벌다",<슈엔슈(박현욱)> 저,참돌,전자책,9791188601 ,경제경영,2023-03-10
3230,연봉 3천 구과장은 어떻게 월급만으로 부동산 투자를 했을까?,<구짱(안정호)> 저,원앤원북스,전자책,9791189344 ,경제경영,2023-03-10
3231,퇴근길 클래식 수업,<나웅준> 저,페이스메이커,전자책,9791189344 ,예술/대중문화,2023-03-10
3232,철학은 어떻게 삶의 무기가 되는가,<야마구치 슈> 저/<김윤경> 역,다산초당,전자책,9791130620 ,인문/역사,2023-03-10
3233,우리와 당신들,<프레드릭 배크만> 저/<이은선> 역,다산책방,전자책,9791130620 ,소설,2023-03-10
3234,고양이 본능 사전,"<잭슨 갤럭시>,<미켈 델가도> 저/<이현주> 역",미래의창,전자책,9788959895 ,여행/취미,2023-03-10
3235,디즈니의 악당들 4 : 말레피센트,<세레나 발렌티노> 저/<주정자> 역,라곰,전자책,9791189686 ,소설,2023-03-10
3236,다음 생엔 엄마의 엄마로 태어날게,<선명> 저/<김소라> 그림,21세기북스,전자책,9788950979 ,시/에세이,2023-03-10
3237,구글 스토리,"<데이비드 A.바이스>,<마크 맬시드> 공저/<우병현> 역",인플루엔셜,전자책,9791186560 ,경제경영,2023-03-10
3238,사실은 괜찮지 않았어,<앵그리 애나> 저,채륜서,전자책,9791185401 ,시/에세이,2023-03-10
3239,어른의 연애,<한나> 저,유노북스,전자책,9791189279 ,시/에세이,2023-03-10
3240,갓 결혼한 여자의 재테크,<구채희> 저,매일경제신문사,전자책,9791155429 ,경제경영,2023-03-10
3241,올클리어 1,<코니 윌리스> 저/<최용준> 역,아작(디자인콤마),전자책,9791189015 ,소설,2023-03-10
3242,올클리어 2,<코니 윌리스> 저/<최용준> 역,아작(디자인콤마),전자책,9791189015 ,소설,2023-03-10
3243,김영철 타일러의 진짜 미국식 영어 3,"<김영철>,<타일러> 공저",위즈덤하우스,전자책,9791189709 ,국어/외국어,2023-03-10
3244,"초등 3학년, 늘어난 교과 공부 어휘력으로 잡아라",<송재환> 저,예담friend,전자책,9791189125 ,가정/생활/요리,2023-03-10
3245,말투 하나로 의외로 잘 되기 시작했다,<오시마 노부요리> 저,위즈덤하우스,전자책,9791189709 ,자기계발,2023-03-10
3246,세상 끝의 카페,<존 스트레레키> 저/<고상숙> 역,북레시피,전자책,9791188140 ,자기계발,2023-03-10
3247,마케터의 여행법,<김석현(김투몽)> 저,북스톤,전자책,9791187289 ,경제경영,2023-03-10
3248,일단 오늘 한 줄 써봅시다,<김민태> 저,비즈니스북스,전자책,9791162540 ,자기계발,2023-03-10
3249,"기본으로 이기다, 무인양품",<마쓰이 타다미쓰> 저/<박제이> 역,위즈덤하우스,전자책,9791189709 ,경제경영,2023-03-10
3250,"디즈니 프린세스, 내일의 너는 더 빛날 거야",<디즈니 프린세스> 원작,알에이치코리아(RHK),전자책,9788925591 ,시/에세이,2023-03-10
3251,아픈 사람의 99%는 목이 뭉쳐 있다,"<백정흠>,<이동관> 저",쌤앤파커스,전자책,9788965707 ,건강/의학,2023-03-10
3252,"앞으로 10년, 대한민국 부동산",<김장섭(조던)> 저,트러스트북스,전자책,9791187993 ,경제경영,2023-03-10
3253,이기적 유전자 (40주년 기념판),"<리처드 도킨스> 저/<홍영남>,<이상임> 공역",을유문화사,전자책,9788932421 ,과학/공학,2023-03-10
3254,나는 세계 일주로 돈을 보았다,<코너 우드먼> 저/<홍선영> 역,갤리온,전자책,9788901229 ,경제경영,2023-03-10
3255,엄마에게 안부를 묻는 밤,<박애희> 저,걷는나무,전자책,9788901229 ,시/에세이,2023-03-10
3256,싫다면서 하고 있어 하하하,<최현정> 저,위즈덤하우스,전자책,9791189938 ,시/에세이,2023-03-10
3257,메이드 인 강남,<주원규> 저,네오픽션,전자책,9791163424 ,소설,2023-03-10
3258,말센스,<셀레스트 헤들리> 저/<김성환> 역,스몰빅라이프,전자책,9791187165 ,자기계발,2023-03-10
3259,아마존 웹 서비스 AWS Discovery Book,<권영환> 저,정보문화사,전자책,9788956748 ,IT/프로그래밍,2023-03-10
3260,지속가능한 반백수 생활을 위하여,<신예희> 저,21세기북스,전자책,9788950979 ,시/에세이,2023-03-10
3261,고민이 고민입니다,<하지현> 저,인플루엔셜,전자책,9791186560 ,인문/역사,2023-03-10
3262,보통 사람들의 전쟁,<앤드루 양> 저/<장용원> 역,흐름출판,전자책,9788965963 ,인문/역사,2023-03-10
3263,연애하지 않을 권리,<엘리> 저,카시오페아,전자책,9791188674 ,시/에세이,2023-03-10
3264,태도의 말들,<엄지혜> 저,유유,전자책,9791160891 ,시/에세이,2023-03-10
3265,아주 작은 습관의 힘,<제임스 클리어> 저/<이한이> 역,비즈니스북스,전자책,9791162540 ,자기계발,2023-03-10
3266,미루기의 천재들,<앤드루 산텔라> 저/<김하현> 역,어크로스,전자책,9791196587 ,인문/역사,2023-03-10
3267,말의 내공,"<신도현>,<윤나루> 공저",행성B,전자책,9791187525 ,인문/역사,2023-03-10
3268,"가자, 어디에도 없었던 방법으로",<테라오 겐> 저,arte(아르테),전자책,9788950980 ,경제경영,2023-03-10
3269,초예측,<유발 하라리> 공저/<오노 가즈모토> 편/<정현옥> 역,웅진지식하우스,전자책,9788901230 ,인문/역사,2023-03-10
3270,여자 둘이 살고 있습니다,"<김하나>,<황선우> 공저",위즈덤하우스,전자책,9791189938 ,시/에세이,2023-03-10
3271,초등 1학년 책읽기가 전부다 (개정판),<송재환> 저,예담friend,전자책,9791189125 ,가정/생활/요리,2023-03-10
3272,맛있는 디자인 포토샵 & 일러스트레이터 CC 2019,"<빨간고래(박정아)>,<윤이사라(포완카)> 공저",한빛미디어,전자책,9791162249 ,IT/프로그래밍,2023-03-10
3273,맛있는 디자인 프리미어 프로&애프터 이펙트 CC 2019,"<김덕영>,<심수진>,<윤성우>,<이수정> 공저",한빛미디어,전자책,9791162249 ,IT/프로그래밍,2023-03-10
3274,다낭 100배 즐기기,<안혜연> 저,알에이치코리아(RHK),전자책,9788925580 ,여행/취미,2023-03-10
3275,우리의 관계를 생각하는 시간,<에린 K. 레너드> 저/<박지선> 역,빌리버튼,전자책,9791188545 ,인문/역사,2023-03-10
3276,아직 즐거운 날이 잔뜩 남았습니다.,<bonpon> 저/<이민영> 역,웅진지식하우스,전자책,9788901230 ,시/에세이,2023-03-10
3277,돈 공부는 처음이라,"<김종봉>,<제갈현열> 공저",다산북스,전자책,9791130621 ,경제경영,2023-03-10
3278,이제 너는 노땡큐,<이윤용> 저,수카,전자책,9791130620 ,시/에세이,2023-03-10
3279,나의 살인자에게,<아스트리드 홀레이더르> 저/<김지원> 역,다산책방,전자책,9791130621 ,시/에세이,2023-03-10
3280,초등 6년이 아이의 인생을 결정한다,"<이은경>,<도준형>,<황희진> 외 저",가나출판사,전자책,9788957369 ,가정/생활/요리,2023-03-10
3281,취업 끝판왕 옴스에게 배우는 스펙을 뛰어 넘는 자소서,<옴스> 저,원앤원북스,전자책,9791189344 ,자기계발,2023-03-10
3282,리커버리 1,<황라희> 저,청초라음,전자책,9791196586 ,건강/의학,2023-03-10
3283,친구의 친구,<데이비드 버커스> 저/<장진원> 역,한국경제신문사(한경비피),전자책,9788947596 ,자기계발,2023-03-10
3284,부동산 경매 처음공부,<설춘환> 저,이레미디어,전자책,9791188279 ,경제경영,2023-03-10
3285,개인투자자보다 안전하고 외국인과 기관투자자보다 승률 높은 ETF 투자 실전 가이드북,<김태현> 저,스마트비즈니스,전자책,9791163430 ,경제경영,2023-03-10
3286,나의 영어 사춘기 100시간,<이시원> 저,시원스쿨닷컴,전자책,9791161502 ,국어/외국어,2023-03-10
3287,나는 매주 시체를 보러 간다,<유성호> 저,21세기북스,전자책,9788950979 ,인문/역사,2023-03-10
3288,명견만리 - 공존의 시대 편,<KBS [명견만리] 제작진> 저,인플루엔셜,전자책,9791186560 ,경제경영,2023-03-10
3289,나는 습관을 조금 바꾸기로 했다,<사사키 후미오> 저/<정지영> 역,쌤앤파커스,전자책,9788965707 ,자기계발,2023-03-10
3290,야나두 영어회화,<원예나> 저,라곰,전자책,9791189686 ,국어/외국어,2023-03-10
3291,게으른 게 아니라 충전 중입니다,<댄싱스네일> 저,허밍버드,전자책,9788968332 ,시/에세이,2023-03-10
3292,이제껏 너를 친구라고 생각했는데,<성유미> 저,인플루엔셜,전자책,9791189995 ,인문/역사,2023-03-10
3293,오후도 서점 이야기,<무라야마 사키> 저/<류순미> 역,클,전자책,9791188907 ,소설,2023-03-10
3294,요리를 멈추다,"<강하라>,<심채윤> 저",사이몬북스,전자책,9791187330 ,건강/의학,2023-03-10
3295,1日 1行의 기적,<유근용> 저,비즈니스북스,전자책,9791162540 ,자기계발,2023-03-10
3296,머니패턴,"<이요셉>,<김채송화> 공저",비즈니스북스,전자책,9791162540 ,경제경영,2023-03-10
3297,미니멀라이프 물건 관리와 정리법,<주부의 벗사> 저,즐거운상상,전자책,9791155361 ,가정/생활/요리,2023-03-10
3298,단 한 권을 읽어도 제대로 남는 메모 독서법,<신정철> 저,위즈덤하우스,전자책,9791189938 ,자기계발,2023-03-10
3299,나도 수채화 잘 그리면 소원이 없겠네,<차유정(위시유)> 저,한빛라이프,전자책,9791188007 ,예술/대중문화,2023-03-10
3300,레트로의 유니티 게임 프로그래밍 에센스,<이제민(레트로)> 저,한빛미디어,전자책,9791162249 ,IT/프로그래밍,2023-03-10
3301,현금의 재발견,<윌리엄 손다이크> 저/<이혜경> 역,마인드빌딩,전자책,9791190015 ,자기계발,2023-03-10
3302,북유럽 신화,<닐 게이먼> 저/<박선령> 역,나무의철학,전자책,9791158511 ,인문/역사,2023-03-10
3303,브랜드;짓다,<민은정> 저,리더스북,전자책,9788901230 ,경제경영,2023-03-10
3304,변화의 시작 5AM 클럽,<로빈 샤르마> 저/<김미> 역,한국경제신문사(한경비피),전자책,9788947596 ,자기계발,2023-03-10
3305,포노 사피엔스,<최재붕> 저,쌤앤파커스,전자책,9788965707 ,경제경영,2023-03-10
3306,어느 칠레 선생님의 물리학 산책,<안드레스 곰베로프> 저/<김유경> 역/<이기진> 감수,생각의길,전자책,9788965135 ,과학/공학,2023-03-10
3307,어메이징 디스커버리 1 덴마크,<김재훈> 저/<윌리엄 리> 감수,위즈덤하우스,전자책,9791189938 ,아동,2023-03-10
3308,어메이징 디스커버리 2 부탄,<김재훈> 글그림/<윌리엄 리> 감수,위즈덤하우스,전자책,9791189938 ,아동,2023-03-10
3309,"라이언, 내 곁에 있어줘",<전승환> 저,arte(아르테),전자책,9788950980 ,시/에세이,2023-03-10
3310,안 아프게 백년을 사는 생체리듬의 비밀,<막시밀리안 모저> 저/<이덕임> 역/<조세형> 감수,추수밭,전자책,9791155401 ,건강/의학,2023-03-10
3311,나에게 더 잘해주고 싶다,<정은길> 저,청림Life,전자책,9791188700 ,시/에세이,2023-03-10
3312,회사 체질이 아니라서요,<서메리> 저,미래의창,전자책,9788959895 ,자기계발,2023-03-10
3313,당신의 마음을 안아줄게요,<김지훈> 저,진심의꽃한송이,전자책,9791196484 ,시/에세이,2023-03-10
3314,워런 버핏 라이브,"<대니얼 피컷>,<코리 렌> 공저/<이건> 역/<신진오> 감수",에프엔미디어,전자책,9791188754 ,경제경영,2023-03-10
3315,사람이 있었네,<김경수> 저,비타베아타,전자책,9791157067 ,정치/사회,2023-03-10
3316,언니 내가 남자를 죽였어,<오인칸 브레이스웨이트> 저/<강승희> 역,천문장,전자책,9791196023 ,소설,2023-03-10
3317,재즈치고 자빠졌네,<양태경> 저,태즈피아노스테이션,전자책,9791195794 ,예술/대중문화,2023-03-10
3318,눈 깜짝할 사이 서른셋,<하유지> 저,다산책방,전자책,9791130621 ,소설,2023-03-10
3319,신의 아이 1,<야쿠마루 가쿠> 저/<이정민> 역,몽실북스,전자책,9791189178 ,소설,2023-03-10
3320,신의 아이 2,<야쿠마루 가쿠> 저/<이정민> 역,몽실북스,전자책,9791189178 ,소설,2023-03-10
3321,다가오는 말들,<은유> 저,어크로스,전자책,9791196587 ,시/에세이,2023-03-10
3322,융의 영혼의 지도,<머리 스타인> 저/<김창한> 역,문예출판사,전자책,9788931011 ,인문/역사,2023-03-10
3323,참아주는 건 그만하겠습니다,<로버트 서튼> 저/<문직섭> 역,한국경제신문사(한경비피),전자책,9788947596 ,자기계발,2023-03-10
3324,대한민국 청약지도,<정지영(아임해피)> 저,다산북스,전자책,9791130621 ,경제경영,2023-03-10
3325,OKR 전설적인 벤처투자자가 구글에 전해준 성공 방식,<존 도어> 저/<박세연> 역,세종서적,전자책,9788984079 ,경제경영,2023-03-10
3326,너와 나의 1cm,<김은주> 저/<양현정> 그림,위즈덤하우스,전자책,9791189938 ,시/에세이,2023-03-10
3327,나는 내가 죽었다고 생각했습니다,<질 볼트 테일러> 저/<장호연> 역,윌북(willbook),전자책,9791155811 ,과학/공학,2023-03-10
3328,까칠한 재석이가 결심했다,<고정욱> 저/<마노> 그림,애플북스,전자책,9791157713 ,소설,2023-03-10
3329,육아빠가 나서면 아이가 다르다,<정우열> 저,중앙북스(books),전자책,9788927810 ,가정/생활/요리,2023-03-10
3330,여자는 왜 완벽하려고 애쓸까,<레시마 소자니> 저/<이미정> 역,웅진지식하우스,전자책,9788901230 ,자기계발,2023-03-10
3331,"둘리, 행복은 숨바꼭질을 좋아해",<아기공룡 둘리> 원작,톡,전자책,9788961557 ,시/에세이,2023-03-10
3332,4주 만에 완성하는 레깅스핏 스트레칭,<모리 다쿠로> 저/<김현정> 역,북라이프,전자책,9791188850 ,건강/의학,2023-03-10
3333,아들 공부,<메그 미커> 저/<장원철> 역,스몰빅미디어,전자책,9791187165 ,가정/생활/요리,2023-03-10
3334,피터 틸,<토마스 라폴트> 저/<강민경> 역,앵글북스,전자책,9791187512 ,경제경영,2023-03-10
3335,월요일 아침의 심리학,<하유진> 저,청림출판,전자책,9788935212 ,자기계발,2023-03-10
3336,타인의 시선을 의식해 힘든 나에게,<글배우> 저,21세기북스,전자책,9788950980 ,시/에세이,2023-03-10
3337,공부 자존감의 힘,<김지나> 저,북하우스,전자책,9791164050 ,가정/생활/요리,2023-03-10
3338,보이는 세상은 실재가 아니다,<카를로 로벨리> 저/<김정훈> 역/<이중원> 감수,쌤앤파커스,전자책,9788965706 ,과학/공학,2023-03-10
3339,불황이지만 돈을 불리고 있습니다,"<달시기>,<월천대사> 공저",매일경제신문사,전자책,9791155425 ,경제경영,2023-03-10
3340,이유가 있어서 멸종했습니다,"<마루야마 다카시> 글/<사토 마사노리>,<우에타케 요코> 그림/<곽범신> 역/<이마이즈미 다다아키>,<이정모> 감수",위즈덤하우스,전자책,9791190065 ,아동,2023-03-10
3341,"스무 살, 빨강머리 앤",<루시 모드 몽고메리> 원저/<신선해> 역/<허씨초코> 그림,앤의서재,전자책,9791196658 ,시/에세이,2023-03-10
3342,스페인은 순례길이다,<김희곤> 저,오브제,전자책,9791130621 ,여행/취미,2023-03-10
3343,"몹시 예민하지만, 내일부터 편안하게",<나가누마 무츠오> 저/<이정은> 역,홍익출판사,전자책,9788970656 ,자기계발,2023-03-10
3344,디즈니의 악당들 5 : 가짜엄마,<세레나 발렌티노> 저/<김지혜> 역,라곰,전자책,9791189686 ,소설,2023-03-10
3345,나의 월급 독립 프로젝트,<유목민> 저,리더스북,전자책,9788901230 ,경제경영,2023-03-10
3346,비즈니스 영어 이메일을 틀리지 않고 쓰는 법,<미카 리> 저,동양북스(동양books),전자책,9791157685 ,국어/외국어,2023-03-10
3347,원하는 것을 얻는 사람은 3마디로 말한다,<오수향> 저,위즈덤하우스,전자책,9791190065 ,자기계발,2023-03-10
3348,나심 탈레브 스킨 인 더 게임,<나심 니콜라스 탈레브> 저/<김원호> 역,비즈니스북스,전자책,9791162540 ,경제경영,2023-03-10
3349,더 마블 맨,<밥 배철러> 저/<송근아> 역,한국경제신문사(한경비피),전자책,9788947596 ,경제경영,2023-03-10
3350,결단,<롭 무어> 저/<이진원> 역,다산북스,전자책,9791130621 ,경제경영,2023-03-10
3351,초연결,<W. 데이비드 스티븐슨> 저/<김정아> 역,다산북스,전자책,9791130621 ,경제경영,2023-03-10
3352,시작의 기술,<개리 비숍> 저/<이지연> 역,웅진지식하우스,전자책,9788901231 ,자기계발,2023-03-10
3353,AFTER 애프터 5,<안나 토드> 저/<강효준> 역,콤마,전자책,9791188253 ,소설,2023-03-10
3354,AFTER 애프터 6,<안나 토드> 저/<강효준> 역,콤마,전자책,9791188253 ,소설,2023-03-10
3355,생각정리 기획력,<복주환> 저,천그루숲,전자책,9791188348 ,자기계발,2023-03-10
3356,사주명리 인문학,<김동완> 저,행성B,전자책,9791164710 ,인문/역사,2023-03-10
3357,미학 수업,<문광훈> 저,흐름출판,전자책,9788965963 ,인문/역사,2023-03-10
3358,"기운 빼앗는 사람, 내 인생에서 빼버리세요",<스테판 클레르제> 저/<이주영> 역,위즈덤하우스,전자책,9791190065 ,자기계발,2023-03-10
3359,"아직, 도쿄",<임진아> 저,위즈덤하우스,전자책,9791190065 ,시/에세이,2023-03-10
3360,나는 심리치료사입니다,<메리 파이퍼> 저/<안진희> 역,위고,전자책,9791160891 ,인문/역사,2023-03-10
3361,백 살까지 유쾌하게 나이 드는 법,<이근후> 저,메이븐,전자책,9791196509 ,인문/역사,2023-03-10
3362,식스웨이크,<무르 래퍼티> 저/<신해경> 역,아작(디자인콤마),전자책,9791189015 ,소설,2023-03-10
3363,진주의 해피 키토 키친,<진주> 저,북드림,전자책,9791196556 ,가정/생활/요리,2023-03-10
3364,조이풀,<잉그리드 페텔 리> 저/<서영조> 역,한국경제신문사(한경비피),전자책,9788947596 ,자기계발,2023-03-10
3365,메모혁신 Notion(노션) 활용 가이드,"<이호준>,< 이준호> 저",사도출판,전자책,9791188786 ,IT/프로그래밍,2023-03-10
3366,젠틀맨,<심재천> 저,한겨레출판,전자책,9791160402 ,소설,2023-03-10
3367,10대를 위한 그릿,<매슈사이드> 저,다산에듀,전자책,9791130621 ,청소년,2023-03-10
3368,또 이 따위 레시피라니,<줄리언 반스> 저/<공진호> 역,다산책방,전자책,9791130621 ,시/에세이,2023-03-10
3369,대학원생 때 알았더라면 좋았을 것들,"<엄태웅>,<최윤섭>,<권창현> 공저",클라우드나인,전자책,9791189430 ,자기계발,2023-03-10
3370,대화에 대하여,<시어도어 젤딘> 저/<문희경> 역,어크로스,전자책,9791190030 ,인문/역사,2023-03-10
3371,직장인 공부법,<이형재> 저,21세기북스,전자책,9788950981 ,자기계발,2023-03-10
3372,"아무튼, 요가",<박상아> 저,위고,전자책,9791160891 ,인문/역사,2023-03-10
3373,하버드 100년 전통 말하기 수업,<류리나> 저/<이에스더> 역,리드리드출판,전자책,9788972778 ,자기계발,2023-03-10
3374,부자들이 죽어도 지키는 사소한 습관,<스가와라 게이> 저/<노경아> 역,쌤앤파커스,전자책,9788965708 ,자기계발,2023-03-10
3375,내 인생이다 임마,<장성규> 저,넥서스BOOKS,전자책,9791161656 ,시/에세이,2023-03-10
3376,월스트리트 퀀트투자의 법칙,<영주 닐슨> 저,비즈니스북스,전자책,9791162540 ,경제경영,2023-03-10
3377,자기 사랑,<로렌스 크레인> 저/<편기욱> 역,가디언,전자책,9791189159 ,자기계발,2023-03-10
3378,꽃을 사는 여자들,<바네사 몽포르> 저/<서경홍> 역,북레시피,전자책,9791188140 ,소설,2023-03-10
3379,내 모든 습관은 여행에서 만들어졌다,<김민식> 저,위즈덤하우스,전자책,9791190065 ,자기계발,2023-03-10
3380,세계에서 가장 자극적인 나라,"<짐 로저스> 저/<전경아>,<오노 가즈모토> 공역",살림출판사,전자책,9788952240 ,경제경영,2023-03-10
3381,차라리 이기적으로 살걸 그랬습니다,<김영훈> 저,21세기북스,전자책,9788950981 ,인문/역사,2023-03-10
3382,팀 쿡,<린더 카니> 저/<안진환> 역,다산북스,전자책,9791130621 ,경제경영,2023-03-10
3383,편지 (개정판),<히가시노 게이고> 저/<권일영> 역,알에이치코리아(RHK),전자책,9788925582 ,소설,2023-03-10
3384,어떻게 나답게 살 것인가,<에밀리 에스파하니 스미스> 저/<김경영> 역,알에이치코리아(RHK),전자책,9788925582 ,자기계발,2023-03-10
3385,리테일의 미래,<황지영> 저,인플루엔셜,전자책,9791189995 ,경제경영,2023-03-10
3386,해외에서 바로 통하는 여행영어,<더 콜링> 저,베이직북스,전자책,9791163400 ,국어/외국어,2023-03-10
3387,유럽식 집밥,<베로니끄 퀸타르트> 저,다산라이프,전자책,9791130621 ,가정/생활/요리,2023-03-10
3388,"사실, 내성적인 사람입니다",<남인숙> 저,21세기북스,전자책,9788950981 ,시/에세이,2023-03-10
3389,듣는 독서로 완성하는 아이의 공부 내공,<김수현> 저,청림Life,전자책,9791188700 ,가정/생활/요리,2023-03-10
3390,살아온 기적 살아갈 기적 (개정판),<장영희> 저/<정일> 그림,샘터,전자책,9788946472 ,시/에세이,2023-03-10
3391,느리게 천천히 가도 괜찮아,<박건우> 저,소담출판사,전자책,9791160271 ,여행/취미,2023-03-10
3392,나쁜 감정을 삶의 무기로 바꾸는 기술,<나이토 요시히토> 저/<박재영> 역,갤리온,전자책,9788901232 ,자기계발,2023-03-10
3393,그때 내 마음은 왜 그랬을까?,<김나미> 저,반니라이프,전자책,9791189653 ,인문/역사,2023-03-10
3394,소포,<제바스티안 피체크> 저/<배명자> 역,위즈덤하우스,전자책,9791190065 ,소설,2023-03-10
3395,소소한 근육과 슬기로운 식사가 필요합니다,<박영희> 저,봄날에,전자책,9791196520 ,시/에세이,2023-03-10
3396,나는 감이 아니라 데이터로 말한다,<신현호> 저,한겨레출판,전자책,9791160402 ,경제경영,2023-03-10
3397,스몰빅,<제프 헤이든> 저/<정지현> 역,리더스북,전자책,9788901232 ,자기계발,2023-03-10
3398,다시 태어나도 엄마 딸,<스즈키 루리카> 저/<이소담> 역,놀,전자책,9791130622 ,소설,2023-03-10
3399,사랑한다고 상처를 허락하지 마라,<배르벨 바르데츠키> 저/<한윤진> 역,다산초당,전자책,9791130622 ,인문/역사,2023-03-10
3400,오래가는 것들의 비밀,<이랑주> 저,지와인,전자책,9791196533 ,경제경영,2023-03-10
3401,"100세 철학자의 인생, 희망 이야기",<김형석> 저,열림원,전자책,9791188047 ,시/에세이,2023-03-10
3402,바닷가 작업실에서는 전혀 다른 시간이 흐른다,<김정운> 저,21세기북스,전자책,9788950981 ,인문/역사,2023-03-10
3403,로케이션,"<디 아이 컨설턴트>,<에노모토 아츠시>,<구스모토 다카히로> 공저/<김지영> 역",다산북스,전자책,9791130622 ,경제경영,2023-03-10
3404,리케,<마이크 비킹> 저,흐름출판,전자책,9788965963 ,인문/역사,2023-03-10
3405,위험한 시간 여행,<조이스 캐롤 오츠> 저/<고상숙> 역,북레시피,전자책,9791188140 ,소설,2023-03-10
3406,백종원의 혼밥 메뉴,<백종원> 저,서울문화사,전자책,9791164380 ,가정/생활/요리,2023-03-10
3407,엄마 심리 수업,<윤우상> 저,심플라이프,전자책,9791186757 ,인문/역사,2023-03-10
3408,사업을 한다는 것,"<레이 크록> 저/<손정의>,<야나이 다다시> 해설/<이영래> 역",센시오,전자책,9791196727 ,경제경영,2023-03-10
3409,수미네 반찬,"<김수미>,<여경래>, <최현석>,<미카엘> 공저",성안당,전자책,9788931596 ,가정/생활/요리,2023-03-10
3410,"박막례, 이대로 죽을순 없다","<박막례>,<김유라> 공저",위즈덤하우스,전자책,9791190182 ,시/에세이,2023-03-10
3411,엄마 공부가 끝나면 아이 공부는 시작된다,<서안정> 저,한국경제신문사(한경비피),전자책,9788947596 ,가정/생활/요리,2023-03-10
3412,"다시, 책으로",<매리언 울프> 저/<전병근> 역,어크로스,전자책,9791190030 ,인문/역사,2023-03-10
3413,타인보다 민감한 사람의 사랑,<일레인 N. 아론> 저/<정지현> 역,웅진지식하우스,전자책,9788901232 ,인문/역사,2023-03-10
3414,"아들아, 삶에 치지고 힘들 때 이 글을 읽어라",<윤태진> 저,다연,전자책,9791187962 ,자기계발,2023-03-10
3415,더 라스트 걸(THE LAST GIRL),"<나디아 무라드>,<제나 크라제스키> 공저/<공경희> 역",북트리거,전자책,9791189799 ,인문/역사,2023-03-10
3416,당신은 개를 키우면 안 된다,<강형욱> 저,혜다,전자책,9791196219 ,건강/의학,2023-03-10
3417,어른이 되면 괜찮을 줄 알았다,"<김혜남>,<박종석> 공저",포르체,전자책,9788965708 ,인문/역사,2023-03-10
3418,나의 미친 페미니스트 여자친구,<민지형> 저,나비클럽,전자책,9791196221 ,소설,2023-03-10
3419,가재가 노래하는 곳,<델리아 오언스> 저/<김선형> 역,살림출판사,전자책,9788952240 ,소설,2023-03-10
3420,블록체인 트렌드 2020,<커넥팅랩> 저,비즈니스북스,전자책,9791162540 ,경제경영,2023-03-10
3421,인류를 구한 12가지 약 이야기,<정승규> 저,반니,전자책,9791189653 ,인문/역사,2023-03-10
3422,역사의 쓸모,<최태성> 저,다산초당,전자책,9791130622 ,인문/역사,2023-03-10
3423,영어 그림책 공부법,<정정혜> 저,북하우스,전자책,9791164050 ,가정/생활/요리,2023-03-10
3424,존엄하게 산다는 것,<게랄트 휘터> 저/<박여명> 역,인플루엔셜,전자책,9791189995 ,인문/역사,2023-03-10
3425,실리콘밸리의 팀장들,<킴 스콧> 저/<박세연> 역,청림출판,전자책,9788935212 ,경제경영,2023-03-10
3426,몸이 되살아나는 장 습관,<김남규> 저,매일경제신문사,전자책,9791155429 ,건강/의학,2023-03-10
3427,아마존 VS. 구글 미래전쟁,<강정우> 저,시크릿하우스,전자책,9791196508 ,경제경영,2023-03-10
3428,"마흔의 공허함, 그리스 로마 신화를 읽다",<장재형> 저,유노북스,전자책,9791189279 ,자기계발,2023-03-10
3429,나이 듦의 심리학,<가야마 리카> 저 / <조찬희> 역,수카,전자책,9791130622 ,인문/역사,2023-03-10
3430,그림자를 판 사나이,<아델베르트 폰 샤미소> 저/<최문규> 역,열림원,전자책,9791188047 ,소설,2023-03-10
3431,보수주의자의 양심,<배리 골드워터> 저/<박종선> 역,열아홉,전자책,9791196612 ,정치/사회,2023-03-10
3432,한자와 나오키 1,<이케이도 준> 저/<이선희> 역,인플루엔셜,전자책,9791189995 ,소설,2023-03-10
3433,한자와 나오키 2,<이케이도 준> 저/<이선희> 역,인플루엔셜,전자책,9791189995 ,소설,2023-03-10
3434,내가 죽으면 장례식에 누가 와줄까,<김상현> 저,필름,전자책,9791188469 ,시/에세이,2023-03-10
3435,FBI 관찰의 기술,<조 내버로> 저/<김수민> 역,리더스북,전자책,9788901232 ,자기계발,2023-03-10
3436,공부의 미래,<구본권> 저,한겨레출판,전자책,9791160402 ,인문/역사,2023-03-10
3437,반 고흐 영혼의 편지 2,<빈센트 반 고흐> 저,예담,전자책,9791190182 ,예술/대중문화,2023-03-10
3438,반 고흐 영혼의 편지,<빈센트 반 고흐> 저/<신성림> 편,예담,전자책,9788963441 ,예술/대중문화,2023-03-10
3439,리더의 마음,<홍의숙> 저,다산북스,전자책,9791130623 ,경제경영,2023-03-10
3440,애니가 돌아왔다,<C. J. 튜더> 저/<이은선> 역,다산책방,전자책,9791130623 ,소설,2023-03-10
3441,미치게 친절한 철학,<안상헌> 저,행성B,전자책,9791164710 ,인문/역사,2023-03-10
3442,나의 첫 다이어트 근육 홈트,<도가와 아이> 저/<최서희> 역/<사카이 다쓰오> 감수,비타북스(VITABOOKS),전자책,9791158462 ,건강/의학,2023-03-10
3443,포뮬러,<앨버트 라슬로 바라바시> 저/<홍지수> 역,한국경제신문사(한경비피),전자책,9788947596 ,자기계발,2023-03-10
3444,위즈덤,<오프라 윈프리> 저,다산책방,전자책,9791130622 ,자기계발,2023-03-10
3445,가상은 현실이다,<주영민> 저,어크로스,전자책,9791190030 ,경제경영,2023-03-10
3446,숨,<테드 창> 저/<김상훈> 역,엘리,전자책,9791164050 ,소설,2023-03-10
3447,다다다 다른 별 학교 - 바람그림책 69,<윤진현> 글그림,천개의바람,전자책,9791190077 ,유아,2023-03-10
3448,"일단, 오늘 1시간만 공부해봅시다",<양승진> 저,메멘토,전자책,9788998614 ,자기계발,2023-03-10
3449,똑똑한 엄마는 강점스위치를 켠다,<리 워터스> 저/<김은경> 역,웅진리빙하우스,전자책,9788901233 ,가정/생활/요리,2023-03-10
3450,사장의 마음,<김일도> 저,북스톤,전자책,9791187289 ,경제경영,2023-03-10
3451,브링 미 백,<B. A. 패리스> 저/<황금진> 역,arte(아르테),전자책,9788950981 ,소설,2023-03-10
3452,최강의 인생,<데이브 아스프리> 저/<신솔잎> 역,비즈니스북스,전자책,9791162540 ,자기계발,2023-03-10
3453,"어피치, 마음에도 엉덩이가 필요해",<서귤> 저,arte(아르테),전자책,9788950982 ,시/에세이,2023-03-10
3454,음식으로 보는 미래 과학,<마티 조프슨> 저/<엄성수> 역,동아엠앤비,전자책,9791163630 ,과학/공학,2023-03-10
3455,최고는 무엇이 다른가,<빌 조지> 저/<장원철> 역,스몰빅라이프,전자책,9791187165 ,자기계발,2023-03-10
3456,젊은 부자들은 어떻게 SNS로 하루에 2천을 벌까,<안혜빈> 저,나비의활주로,전자책,9791188230 ,경제경영,2023-03-10
3457,주식시장은 어떻게 반복되는가,"<켄 피셔>,<라라 호프만스> 공저/<이건>,<백우진> 공역",에프엔미디어,전자책,9791188754 ,경제경영,2023-03-10
3458,나는 아기 캐리어가 아닙니다,<송해나> 저,문예출판사,전자책,9788931011 ,시/에세이,2023-03-10
3459,새벽의 방문자들,"<장류진>,<하유지>,<정지향>,<박민정>,<김현>,<김현진> 공저",다산책방,전자책,9791130623 ,소설,2023-03-10
3460,힘 좀 빼고 삽시다,<명진> 저,다산책방,전자책,9791130623 ,시/에세이,2023-03-10
3461,혼자 살면 어때요? 좋으면 그만이지,<신소영> 저,놀,전자책,9791130623 ,시/에세이,2023-03-10
3462,식물학자의 식탁,<스쥔> 저/<박소정> 역,현대지성,전자책,9791187142 ,과학/공학,2023-03-10
3463,제3의 시나리오 1,<김진명> 저,알에이치코리아(RHK),전자책,9788925584 ,소설,2023-03-10
3464,제3의 시나리오 2,<김진명> 저,알에이치코리아(RHK),전자책,9788925585 ,소설,2023-03-10
3465,말하기의 디테일,<강미정> 저,위즈덤하우스,전자책,9791190182 ,자기계발,2023-03-10
3466,부의 지도를 바꾼 회계의 세계사,<다나카 야스히로> 저/<황선종> 역,위즈덤하우스,전자책,9791190182 ,인문/역사,2023-03-10
3467,길고 긴 나무의 삶,<피오나 스태퍼드> 저/<강경이> 역,클,전자책,9791188907 ,인문/역사,2023-03-10
3468,리얼 블라디보스톡 (2019~2020년 최신개정판),<강한나> 저,한빛라이프,전자책,9791188007 ,여행/취미,2023-03-10
3469,280일,<전혜진> 저,구픽,전자책,9791187886 ,소설,2023-03-10
3470,더 쉽고 더 맛있게 고단백 저탄수화물 다이어트 레시피,<미니 박지우> 저,위즈덤하우스,전자책,9791190182 ,건강/의학,2023-03-10
3471,살인 현장은 구름 위,<히가시노 게이고> 저/<김난주> 역,재인,전자책,9788990982 ,소설,2023-03-10
3472,죽음을 보는 재능,<M. J. 알리지> 저/<김효정> 역,북플라자,전자책,9791190157 ,소설,2023-03-10
3473,엄마의 경제 독립 프로젝트,<이지영> 저,비즈니스북스,전자책,9791162540 ,경제경영,2023-03-10
3474,[단독] 나는 유튜브로 영어를 배웠다,<김영기> 저,라곰,전자책,9791189686 ,자기계발,2023-03-10
3475,잠중록 2,<처처칭한> 저/<서미영> 역,arte(아르테),전자책,9788950980 ,소설,2023-03-10
3476,잠중록 1,<처처칭한> 저/<서미영> 역,arte(아르테),전자책,9788950980 ,소설,2023-03-10
3477,내 아이를 영재로 바라보면 영재가 된다,<신재은> 저,한국경제신문사(한경비피),전자책,9788947596 ,가정/생활/요리,2023-03-10
3478,최강의 일머리,<레일 라운즈> 저/<김나연> 역,토네이도,전자책,9791158511 ,자기계발,2023-03-10
3479,유튜브로 책 권하는 법,<김겨울> 저,유유,전자책,9791160891 ,인문/역사,2023-03-10
3480,인어가 잠든 집,<히가시노 게이고> 저/<김난주> 역,재인,전자책,9788990982 ,소설,2023-03-10
3481,살인의 문 1,<히가시노 게이고> 저/<이혁재> 역,재인,전자책,9788990982 ,소설,2023-03-10
3482,살인의 문 2,<히가시노 게이고> 저/<이혁재> 역,재인,전자책,9788990982 ,소설,2023-03-10
3483,대멸종 연대기,<피터 브래넌> 저/<김미선> 역,흐름출판,전자책,9788965963 ,과학/공학,2023-03-10
3484,세상을 읽는 통찰의 순간들,<김경준> 저,원앤원북스,전자책,9791189344 ,자기계발,2023-03-10
3485,그 남자 264,<고은주> 저,문학세계사,전자책,9788970759 ,소설,2023-03-10
3486,장사는 컨셉이다,<정선생> 저,카시오페아,전자책,9791188674 ,경제경영,2023-03-10
3487,청소부 매뉴얼,<루시아 벌린> 저/<공진호> 역,웅진지식하우스,전자책,9788901233 ,소설,2023-03-10
3488,"멈추지 마, 다시 꿈부터 써봐",<김수영> 저,꿈꾸는지구,전자책,9791196748 ,자기계발,2023-03-10
3489,철학이 필요한 순간,<스벤 브링크만> 저/<강경이> 역,다산초당,전자책,9791130623 ,인문/역사,2023-03-10
3490,퍼펙트 마더,<에이미 몰로이> 저/<심연희> 역,다산책방,전자책,9791130623 ,소설,2023-03-10
3491,올리버 쌤의 실전 영어꿀팁 100,<올리버 샨 그랜트> 저,위즈덤하우스,전자책,9791190182 ,국어/외국어,2023-03-10
3492,돈을 부르는 운 공부,<김원> 저,위즈덤하우스,전자책,9791190182 ,자기계발,2023-03-10
3493,클루지,<개리 마커스> 저/<최호영> 역,갤리온,전자책,없음,인문/역사,2023-03-10
3494,요즘 제주 (2019~2020 개정판),"<염관식>,<옥미혜> 공저",알에이치코리아(RHK),전자책,9788925586 ,여행/취미,2023-03-10
3495,백악관 속기사는 핑크 슈즈를 신는다,<벡 도리-스타인> 저/<이수경> 역,마시멜로,전자책,9788947596 ,시/에세이,2023-03-10
3496,나도 그렇게 생각한다,<프리츠 브라이트하우프트> 저/<두행숙> 역,소소의책,전자책,9791188941 ,인문/역사,2023-03-10
3497,아이 입맛에 딱 맞춘 유아식판식,<박현규> 저,로지,전자책,9788925586 ,가정/생활/요리,2023-03-10
3498,잠중록 3,<처처칭한> 저/<서미영> 역,arte(아르테),전자책,9788950981 ,소설,2023-03-10
3499,유품정리사,<정명섭> 저,한겨레출판,전자책,9791160402 ,소설,2023-03-10
3500,386 세대유감,"<김정훈>,<심나리>,<김항기> 공저/<우석훈> 해제",웅진지식하우스,전자책,9788901233 ,정치/사회,2023-03-10
3501,내가 본 것을 당신도 볼 수 있다면,<정우성> 저,원더박스,전자책,9788998602 ,시/에세이,2023-03-10
3502,주식 고수들만 아는 애널리스트 리포트 200％ 활용법,<김대욱> 저,스마트비즈니스,전자책,9791163430 ,경제경영,2023-03-10
3503,제 인생에 답이 없어요,<선바> 저,위즈덤하우스,전자책,9791190182 ,시/에세이,2023-03-10
3504,삶의 무기가 되는 심리학,<레온 빈트샤이트> 저/<장혜경> 역,심플라이프,전자책,9791186757 ,인문/역사,2023-03-10
3505,노력이라 쓰고 버티기라 읽는,<한재우> 저,21세기북스,전자책,9788950981 ,시/에세이,2023-03-10
3506,그로잉 업,<홍성태> 저,북스톤,전자책,9791187289 ,경제경영,2023-03-10
3507,감정은 패턴이다,<랜디 타란> 저/<강이수> 역,유노북스,전자책,9791189279 ,인문/역사,2023-03-10
3508,일자리의 미래,<엘렌 러펠 셸> 저/<김후> 역,예문아카이브(예문사),전자책,9791163860 ,정치/사회,2023-03-10
3509,나는 단호하게 살기로 했다,<옌스 바이드너> 저/<장혜경> 역,다산북스,전자책,9791130623 ,자기계발,2023-03-10
3510,2020 부의 지각변동,<박종훈> 저,21세기북스,전자책,9788950982 ,경제경영,2023-03-10
3511,몸값 높이기의 기술,<존 에이커프> 저/<김정희> 역,다산북스,전자책,9791130623 ,자기계발,2023-03-10
3512,우리는 취향을 팝니다,"<이경미>,<정은아> 공저",쌤앤파커스,전자책,9788965708 ,경제경영,2023-03-10
3513,삼체 3부,<류츠신> 저/<허유영> 역,단숨,전자책,9791163426 ,소설,2023-03-10
3514,타인을 안아주듯 나를 안았다,<흔글> 저,알에이치코리아(RHK),전자책,9788925587 ,시/에세이,2023-03-10
3515,환생 블루스,<마이클 푸어> 저/<전행선> 역,알에이치코리아(RHK),전자책,9788925587 ,소설,2023-03-10
3516,네이비씰 승리의 기술,"<조코 윌링크>,<레이프 바빈> 공저/<최규민> 역",메이븐,전자책,9791196509 ,경제경영,2023-03-10
3517,자기혁명 독서법,<이재범> 저,프레너미,전자책,9791187383 ,자기계발,2023-03-10
3518,너라는 계절,<김지훈> 저,진심의꽃한송이,전자책,9791196484 ,시/에세이,2023-03-10
3519,플랜트 패러독스 쿡북,<스티븐 R. 건드리> 저/<이영래> 역/<진주> 감수,쌤앤파커스,전자책,9788965708 ,가정/생활/요리,2023-03-10
3520,인간 본성의 법칙,<로버트 그린> 저/<이지연> 역,위즈덤하우스,전자책,9791190182 ,인문/역사,2023-03-10
3521,유럽 도시 기행 1,<유시민> 저,생각의길,전자책,9788965135 ,인문/역사,2023-03-10
3522,근육이 연금보다 강하다,<김헌경> 저,비타북스(VITABOOKS),전자책,9791158463 ,건강/의학,2023-03-10
3523,딱 하루만 평범했으면,<태원준> 저,북로그컴퍼니,전자책,9791189166 ,여행/취미,2023-03-10
3524,어느 날 갑자기 공황이 찾아왔다,<클라우스 베른하르트> 저/<이미옥> 역,흐름출판,전자책,9788965963 ,인문/역사,2023-03-10
3525,이런 사람 만나지 마세요,<유영만> 저,나무생각,전자책,9791162180 ,시/에세이,2023-03-10
3526,기적을 만드는 엄마의 책 공부,<전안나> 저,가나출판사,전자책,9788957360 ,자기계발,2023-03-10
3527,"딸바보가 그렸어, 아이를 잘 키운다는 것","<김진형>,<이현주> 공저/<신동원> 감수",로지,전자책,9788925587 ,가정/생활/요리,2023-03-10
3528,나는 심플하게 말한다,<이동우> 저,다산북스,전자책,9791130625 ,자기계발,2023-03-10
3529,정브르가 알려주는 파충류 체험 백과,<정브르> 글,바이킹,전자책,9788964944 ,아동,2023-03-10
3530,사슴을 사랑한 소년,<사무엘 비외르크> 저/<이은정> 역,황소자리,전자책,9791185093 ,소설,2023-03-10
3531,직지 1,<김진명> 저,쌤앤파커스,전자책,9788965708 ,소설,2023-03-10
3532,직지 2,<김진명> 저,쌤앤파커스,전자책,9788965708 ,소설,2023-03-10
3533,수치심 권하는 사회,<브레네 브라운> 저/<서현정> 역,가나출판사,전자책,9788957360 ,인문/역사,2023-03-10
3534,어떻게 살아야 할지 막막한 너에게,<우쥔> 저/<이지수> 역,오월구일,전자책,9791196756 ,자기계발,2023-03-10
3535,당신을 믿어요,<김윤나> 저,카시오페아,전자책,9791188674 ,인문/역사,2023-03-10
3536,다른 게 아니라 틀린 겁니다,<위근우> 저,시대의창,전자책,9788959407 ,정치/사회,2023-03-10
3537,"튜브, 힘낼지 말지는 내가 결정해",<하상욱> 저,arte(아르테),전자책,9788950982 ,시/에세이,2023-03-10
3538,하마터면 돈 모르고 어른 될 뻔했다,<하수정> 저,어바웃어북,전자책,9791187150 ,경제경영,2023-03-10
3539,아홉 살 독서 수업,<한미화> 저,어크로스,전자책,9791190030 ,가정/생활/요리,2023-03-10
3540,돈의 교실,<다카이 히로아키> 저/<전경아> 역/<이두현> 감수,웅진지식하우스,전자책,9788901234 ,청소년,2023-03-10
3541,시간은 흐르지 않는다,<카를로 로벨리> 저/<이중원> 역,쌤앤파커스,전자책,9788965708 ,과학/공학,2023-03-10
3542,게으름 예찬,<로버트 디세이> 저/<오숙은> 역,다산초당,전자책,9791130625 ,인문/역사,2023-03-10
3543,공간 혁명,<세라 윌리엄스 골드헤이건> 저/<윤제원> 역,다산사이언스,전자책,9791130625 ,인문/역사,2023-03-10
3544,기묘한 러브레터,<야도노 카호루> 저/<김소연> 역,다산책방,전자책,9791130625 ,소설,2023-03-10
3545,내 이름을 잊어줘,<J.S. 몬로> 저/<김효정> 역,북플라자,전자책,9791190157 ,소설,2023-03-10
3546,AFTER 애프터 7,<안나 토드> 저/<강효준> 역,콤마,전자책,9791188253 ,소설,2023-03-10
3547,AFTER 애프터 8,<안나 토드> 저/<강효준> 역,콤마,전자책,9791188253 ,소설,2023-03-10
3548,다크호스,"<토드 로즈>,<오기 오가스> 공저/<정미나> 역",21세기북스,전자책,9788950982 ,인문/역사,2023-03-10
3549,돈의 감각,<이명로(상승미소)> 저,비즈니스북스,전자책,9791162540 ,경제경영,2023-03-10
3550,"아무튼, 문구",<김규림> 저,위고,전자책,9791160891 ,시/에세이,2023-03-10
3551,책 읽기가 만만해지는 이과식 독서법,<가마타 히로키> 저/<정현옥> 역,리더스북,전자책,9788901234 ,자기계발,2023-03-10
3552,캔들마스터의 주식 캔들 매매법,<캔들마스터> 저,이레미디어,전자책,9791188279 ,경제경영,2023-03-10
3553,수미네 반찬 2,"<김수미>,<여경래>, <최현석>,<미카엘> 공저",성안당,전자책,9788931596 ,가정/생활/요리,2023-03-10
3554,푼돈을 목돈으로 만드는 생활의 기술,<구채희> 저,원앤원북스,전자책,9791170430 ,경제경영,2023-03-10
3555,모르면 불편한 돈의 교양,<경제브리핑 불편한 진실> 저,청림출판,전자책,9788935212 ,경제경영,2023-03-10
3556,나는 해외 투자로 글로벌 부동산 부자가 되었다,<방미> 저,중앙북스(books),전자책,9788927810 ,경제경영,2023-03-10
3557,라임맘의 실패 없는 아이주도이유식 & 유아식,<옥한나> 저,중앙북스(books),전자책,9788927810 ,가정/생활/요리,2023-03-10
3558,나는 내 나이가 참 좋다,<메리 파이퍼> 저/<서유라> 역,티라미수 더북,전자책,9791160575 ,인문/역사,2023-03-10
3559,나를 상하게 하는 일은 그만하기로 했다,<전지영> 저,허밍버드,전자책,9788968332 ,시/에세이,2023-03-10
3560,사랑의 기술 (개정판),<에리히 프롬> 저/<황문수> 역,문예출판사,전자책,9788931020 ,인문/역사,2023-03-10
3561,[단독] 나는 농담으로 과학을 말한다,<오후> 저,웨일북,전자책,9791188248 ,과학/공학,2023-03-10
3562,[ 하브루타 제대로 체득하기 - 4강 ] 사람자체를 교육하는 하브루타 관계소통수업,<이대희> 저,유페이퍼,전자책,9791164176 ,인문/역사,2023-03-10
3563,교사를 꿈꾸는 당신에게,<정태진> 저,유페이퍼,전자책,9791164176 ,경제경영,2023-03-10
3564,처음 읽는 바다 세계사,<헬렌 M. 로즈와도스키> 저/<오수원> 역,현대지성,전자책,9791187142 ,인문/역사,2023-03-10
3565,나의 첫 유튜브 프로젝트,<토이푸딩> 저,다산북스,전자책,9791130625 ,자기계발,2023-03-10
3566,아침의 재발견,<모기 겐이치로> 저/<조해선> 역/<양은우> 감수,비즈니스북스,전자책,9791162541 ,자기계발,2023-03-10
3567,슈퍼 스톡스,"<켄 피셔> 저/<이건>,<김홍식> 공역/<신진오> 감수",중앙북스(books),전자책,9788927810 ,경제경영,2023-03-10
3568,여성의 설득,<메그 월리처> 저/<김지원> 역,걷는나무,전자책,9788901235 ,소설,2023-03-10
3569,십 대가 알아야 할 인공지능과 4차 산업혁명의 미래,<전승민> 저,팜파스,전자책,9791170262 ,청소년,2023-03-10
3570,아이 마음을 읽는 단어,<새벽달(남수진)> 저,청림Life,전자책,9791188700 ,가정/생활/요리,2023-03-10
3571,[단독] 쓸모 있는 몸을 만드는 스트레칭,"<김성종>,<남기민> 저",북스고,전자책,9791189612 ,건강/의학,2023-03-10
3572,요즘 남자는 그렇지 않습니다,<데이라잇> 저,팩토리나인,전자책,9788965708 ,시/에세이,2023-03-10
3573,2만원의 철학,<정영재> 저,중앙북스(books),전자책,9788927810 ,경제경영,2023-03-10
3574,"빌트, 우리가 지어올린 모든 것들의 과학","<로마 아그라왈> 저/<윤신영>,<우아영> 역",어크로스,전자책,9791190030 ,과학/공학,2023-03-10
3575,반일종족주의,<이영훈> 등저,미래사,전자책,9788970873 ,인문/역사,2023-03-10
3576,앞으로 5년 한국의 미래 시나리오,"<최윤식>,<최현식> 공저",지식노마드,전자책,9791187481 ,경제경영,2023-03-10
3577,혁신의 목격자들,"<정재승>,<SK경영경제연구소> 기획/<오준호>,<정지훈>,<이민화> 등저",어크로스,전자책,9791190030 ,경제경영,2023-03-10
3578,스몰 자이언츠가 온다,<보 벌링엄> 저/<김주리> 역,넥스트북스,전자책,9791196739 ,경제경영,2023-03-10
3579,나는 어른이 되어서도 가끔 울었다,<투에고> 저,알에이치코리아(RHK),전자책,9788925586 ,시/에세이,2023-03-10
3580,성공한 사람들은 왜 격무에도 스트레스가 없을까,<니시와키 슌지> 저/<박재영> 역,센시오,전자책,9791190356 ,자기계발,2023-03-10
3581,행복한 이기주의자,<웨인 다이어> 저/<오현정> 역,21세기북스,전자책,9788950983 ,자기계발,2023-03-10
3582,루거 총을 든 할머니,<브누아 필리퐁> 저/<장소미> 역,위즈덤하우스,전자책,9791190305 ,소설,2023-03-10
3583,21세기를 살았던 20세기 사상가들,"<장석준>,<우석영> 공저",책세상,전자책,9791159313 ,인문/역사,2023-03-10
3584,"세상을 읽는 새로운 언어, 빅데이터 - 서가명강 시리즈 6",<조성준> 저,21세기북스,전자책,9788950983 ,경제경영,2023-03-10
3585,리더는 하루에 백 번 싸운다,<조우성> 저,인플루엔셜,전자책,9791189995 ,자기계발,2023-03-10
3586,희망 버리기 기술,<마크맨슨> 저/<한재호> 역,갤리온,전자책,9788901237 ,자기계발,2023-03-10
3587,벌새,"<김보라> 편/<최은영>,<남다은>,<김원영>,<정희진>,<앨리슨 벡델> 공저",arte(아르테),전자책,9788950983 ,예술/대중문화,2023-03-10
3588,지금 나에게 필요한 긍정심리학,<류쉬안> 저/<마르코 천> 그림/<임보미> 역,다연,전자책,9791187962 ,자기계발,2023-03-10
3589,하우스 오브 갓,<사무엘 셈> 저/<정회성> 역/<남궁인> 감수,세종서적,전자책,9788984079 ,소설,2023-03-10
3590,국화와 칼 (개정판),"<루스 베네딕트> 저/<김윤식>,<오인석> 공역",을유문화사,전자책,9788932421 ,인문/역사,2023-03-10
3591,나는 왜 남들 앞에만 서면 떨릴까?,<윤닥> 저,올림,전자책,9791162620 ,인문/역사,2023-03-10
3592,"샤넬백을 버린 날, 새로운 삶이 시작됐다",<최유리> 저,흐름출판,전자책,9788965963 ,시/에세이,2023-03-10
3593,현명한 투자자의 지표 분석법,<고재홍> 저,부크온,전자책,9788994491 ,경제경영,2023-03-10
3594,사람일까 상황일까,"<리처드 니스벳>,<리 로스> 공저/<김호> 역",심심,전자책,9791156757 ,인문/역사,2023-03-10
3595,롯본기 김교수,<김교수> 저,그린하우스,전자책,9791196680 ,정치/사회,2023-03-10
3596,해녀들의 섬,<리사 시> 저/<이미선> 역,북레시피,전자책,9791188140 ,소설,2023-03-10
3597,어쩌다 우리 사이가 이렇게 됐을까,<일자 샌드> 저/<이은경> 역,인플루엔셜,전자책,9791189995 ,인문/역사,2023-03-10
3598,그렇게 물어보면 원하는 답을 들을 수 없습니다,<김호> 저,위즈덤하우스,전자책,9791190305 ,자기계발,2023-03-10
3599,너에게 사랑을 배운다,<그림에다> 저,위즈덤하우스,전자책,9791190305 ,시/에세이,2023-03-10
3600,물 만난 물고기,<이찬혁> 저,수카,전자책,9791130625 ,소설,2023-03-10
3601,간헐적 단식? 내가 한 번 해보지!,"<아놀드 홍>,<에스더 킴>,<임세찬> 저",한국경제신문사(한경비피),전자책,9788947596 ,건강/의학,2023-03-10
3602,부의 원천,<타라 스와트> 저/<백지선> 역,알에이치코리아(RHK),전자책,9788925587 ,자기계발,2023-03-10
3603,유튜브 젊은 부자들,<김도윤> 저,다산북스,전자책,9791130625 ,경제경영,2023-03-10
3604,내가 사랑했던 모든 애인들에게,"<올린카 비슈티차>,<드라젠 그루비시치> 공저/<박다솜> 역",놀,전자책,9791130626 ,시/에세이,2023-03-10
3605,"뇌, 욕망의 비밀을 풀다",<한스-게오르크 호이젤> 저/<강영옥> 등역,비즈니스북스,전자책,9791162541 ,경제경영,2023-03-10
3606,사기병,<윤지회> 저,웅진지식하우스,전자책,9788901237 ,시/에세이,2023-03-10
3607,소원을 말해줘,이경,다산책방,전자책,1130626865 ,소설,2023-03-10
3608,이덕일의 한국통사: 선사시대-대한제국 편,이덕일,다산초당,전자책,1130627403 ,인문/역사,2023-03-10
3609,개를 훔치는 완벽한 방법,바바라 오코너,놀,전자책,1130627519 ,청소년,2023-03-10
3610,뇌가 지어낸 모든 세계,엘리에저 스턴버그,다산사이언스,전자책,113062756X,과학/공학,2023-03-10
3611,해빗,웬디 우드,다산북스,전자책,1130627594 ,자기계발,2023-03-10
3612,내가 원하는 것을 나도 모를 때,전승환,다산초당,전자책,113062787X,인문/역사,2023-03-10
3613,부의 확장,천영록,다산북스,전자책,1130627985 ,경제경영,2023-03-10
3614,보라색 사과의 마음,최민우,다산책방,전자책,113062806X,소설,2023-03-10
3615,아홉 살 성교육 사전: 남자아이 몸,손경이,다산북스,전자책,1130628159 ,아동,2023-03-10
3616,아홉 살 성교육 사전: 남자아이 마음,손경이,다산북스,전자책,1130628167 ,아동,2023-03-10
3617,언락,조 볼러,다산북스,전자책,1130628345 ,자기계발,2023-03-10
3618,그리고 여자들은 침묵하지 않았다,크리스티나 달처,다산책방,전자책,1130628574 ,소설,2023-03-10
3619,명리심리학,양창순,다산북스,전자책,1130628639 ,인문/역사,2023-03-10
3620,와일드,송인섭,다산에듀,전자책,1130628841 ,인문/역사,2023-03-10
3621,산전수전 겪지 않고 시골집 고치기,황지호,흐름출판사,전자책,1155222091 ,가정/생활/요리,2023-03-10
3622,미니멀라이프 집안일 쉽게 하는 법,주부의벗사,즐거운상상,전자책,1155361407 ,가정/생활/요리,2023-03-10
3623,바이러스 쇼크,최강석,매일경제신문사,전자책,1155424352 ,과학/공학,2023-03-10
3624,이거 보통이 아니네,김보통,생각정거장,전자책,1155426126 ,시/에세이,2023-03-10
3625,외국어 공부의 감각,아키야마 요헤이,윌북,전자책,1155812239 ,자기계발,2023-03-10
3626,역사의 색,댄 존스,윌북,전자책,1155812271 ,인문/역사,2023-03-10
3627,1일 1클래식 1기쁨,클레먼시 버턴힐,윌북,전자책,1155812557 ,예술/대중문화,2023-03-10
3628,총보다 강한 실,카시아 세인트 클레어,윌북,전자책,1155812581 ,인문/역사,2023-03-10
3629,세상을 바꾼 전염병,예병일,다른,전자책,1156330483 ,과학/공학,2023-03-10
3630,불행은 어떻게 질병으로 이어지는가,네이딘 버크 해리스,심심,전자책,1156758009 ,인문/역사,2023-03-10
3631,"세상에 대하여 우리가 더 잘 알아야 할 교양. 34: 사이버 폭력, 어떻게 대처할까?",닉 헌터,내인생의책,전자책,1157230075 ,아동,2023-03-10
3632,한 걸음 더 들어가는 콩,유다정,내인생의책,전자책,1157233481 ,아동,2023-03-10
3633,가족에는 규칙이 있어요!,로랑스 살라윈,내인생의책,전자책,1157234712 ,아동,2023-03-10
3634,파스타,에마뉘엘 트레데즈,내인생의책,전자책,1157234747 ,아동,2023-03-10
3635,벽을 넘어서,조나단 스탠딩,내인생의책,전자책,1157235573 ,아동,2023-03-10
3636,평화의 소녀상(The Peace Monument)(한·영),윤문영,내인생의책,전자책,115723593X,아동,2023-03-10
3637,내가 없으면 좋겠어?,임어진,현북스,전자책,1157411304 ,아동,2023-03-10
3638,"이러지 마, 나 좋은 사람 아니야",파브리스 미달,동양북스,전자책,1157685579 ,자기계발,2023-03-10
3639,당신의 어린 시절이 울고 있다,다미 샤르프,동양북스,전자책,1157685773 ,인문/역사,2023-03-10
3640,기차가 된 아빠,윤수천,아이앤북,전자책,1157921167 ,아동,2023-03-10
3641,미라클,이송미,비타북스,전자책,1158463146 ,건강/의학,2023-03-10
3642,광수생각,박광수,북클라우드,전자책,1158463170 ,시/에세이,2023-03-10
3643,인생을 고르는 여자들,레슬리 피어스,나무의철학,전자책,1158511574 ,소설,2023-03-10
3644,억만장자 시크릿,라파엘 배지아그,토네이도,전자책,1158511590 ,경제경영,2023-03-10
3645,진홍빛 하늘 아래,마크 설리번,나무의철학,전자책,1158511612 ,소설,2023-03-10
3646,놀이와 게임으로 만나는 코딩의 세계,짐 크리스티안,미디어숲,전자책,1158740301 ,아동,2023-03-10
3647,공부완성 독서법,신진상,미디어숲,전자책,1158740549 ,인문/역사,2023-03-10
3648,호감 가는 대화에는 8가지 절대법칙이 있다,스쿤,미디어숲,전자책,115874062X,자기계발,2023-03-10
3649,심리학을 만나 행복해졌다,장원청,미디어숲,전자책,1158740646 ,자기계발,2023-03-10
3650,부모라면 놓쳐서는 안 될 유대인 교육법,임지은,미디어숲,전자책,1158740662 ,가정/생활/요리,2023-03-10
3651,일본다루기: 달라진 한국,김현구,이상미디어,전자책,1158930968 ,정치/사회,2023-03-10
3652,징비록,류성룡,미르북컴퍼니(미르북스),전자책,1159037957 ,인문/역사,2023-03-10
3653,출퇴근의 역사,이언 게이틀리,책세상,전자책,1159310831 ,인문/역사,2023-03-10
3654,세계의 끝 바다의 맛,이누도 잇신,달의시간,전자책,1159314039 ,소설,2023-03-10
3655,내 머릿속 도마뱀 길들이기,단 카츠,책세상,전자책,1159314519 ,인문/역사,2023-03-10
3656,"심리학, 연애를 부탁해",이계정,메이트북스,전자책,1160022712 ,자기계발,2023-03-10
3657,내가 사랑했던 모든 남자들에게,제니 한,한스미디어,전자책,1160073643 ,소설,2023-03-10
3658,훔쳐보는 여자,민카 켄트,한스미디어,전자책,1160073716 ,소설,2023-03-10
3659,내 머리가 정상이라면,야마시로 아사코,작가정신,전자책,1160261423 ,소설,2023-03-10
3660,0 영 Zero 영,김사과,작가정신,전자책,1160261539 ,소설,2023-03-10
3661,붕대 감기,윤이형,작가정신,전자책,1160261563 ,소설,2023-03-10
3662,릴리의 눈물 이야기,나탈리 포르티에,어린이작가정신,전자책,1160267804 ,아동,2023-03-10
3663,블랙 산타,김명석,작가정신,전자책,1160267898 ,아동,2023-03-10
3664,알아두면 피곤한 과학지식. 1: 그래도 무식하게 죽지말자!,마리옹 몽테뉴,작가정신,전자책,1160268096 ,과학/공학,2023-03-10
3665,장고를 부탁해!,홍민정,머스트비,전자책,116034065X,아동,2023-03-10
3666,설이,심윤경,한겨레출판사,전자책,1160402248 ,소설,2023-03-10
3667,마르타의 일,박서련,한겨레출판사,전자책,1160402868 ,소설,2023-03-10
3668,출근길의 주문,이다혜,한겨레출판사,전자책,1160402973 ,자기계발,2023-03-10
3669,야밤에 읽는 만화 그리스 로마 신화,김원경,씨네21북스,전자책,1160403287 ,인문/역사,2023-03-10
3670,골프 상식사전,김기태,길벗,전자책,1160505209 ,여행/취미,2023-03-10
3671,아기 말고 내 몸이 궁금해서,우아영,휴머니스트,전자책,1160802939 ,시/에세이,2023-03-10
3672,지식의 세계사,육영수,휴머니스트,전자책,1160802971 ,인문/역사,2023-03-10
3673,일기 먹는 일기장,송미경,사계절,전자책,116094010X,아동,2023-03-10
3674,스웨덴 장화,헤닝 만켈,뮤진트리,전자책,1161110143 ,소설,2023-03-10
3675,넷플릭스의 시대,코리 바커,팬덤북스,전자책,116169093X,경제경영,2023-03-10
3676,광고는 어떻게 세상을 유혹하는가?,공병훈,팬덤북스,전자책,1161691049 ,인문/역사,2023-03-10
3677,재미란 무엇인가?,벤 핀첨,팬덤북스,전자책,1161691081 ,정치/사회,2023-03-10
3678,맘대로 되는 일이 하나도 없어!,이승민,풀빛,전자책,1161721282 ,아동,2023-03-10
3679,"궁금해요, 세종 대왕",안선모,풀빛,전자책,1161721509 ,아동,2023-03-10
3680,열 살에 꼭 알아야 할 중국사,서지원,나무생각,전자책,1162180498 ,아동,2023-03-10
3681,그래도 사람은 달라질 수 있다,다카하시 가즈미,나무생각,전자책,1162180749 ,인문/역사,2023-03-10
3682,2억 빚을 진 내가 뒤늦게 알게 된 소~오름 돋는 우주의 법칙,고이케 히로시,나무생각,전자책,1162180811 ,자기계발,2023-03-10
3683,내가 생각하는 내가 진짜 나일까?,게오르크 롤로스,나무생각,전자책,1162180927 ,인문/역사,2023-03-10
3684,"궁금했어, 과학사",권경숙,나무생각,전자책,1162180943 ,아동,2023-03-10
3685,저절로 외워지는 하루 10분 영어 공부,유세라,위즈덤하우스,전자책,1162209534 ,국어/외국어,2023-03-10
3686,로지컬 씽킹,데루야 하나코,비즈니스북스,전자책,116254094X,경제경영,2023-03-10
3687,짐 로저스 앞으로 5년 한반도 투자 시나리오,짐 로저스,비즈니스북스,전자책,116254113X,경제경영,2023-03-10
3688,맥스웰 몰츠 성공의 법칙,맥스웰 몰츠,비즈니스북스,전자책,1162541156 ,자기계발,2023-03-10
3689,어린이를 위한 아주 작은 습관의 힘,전지은,비즈니스북스,전자책,1162541172 ,아동,2023-03-10
3690,나는 무조건 합격하는 공부만 한다,이윤규,비즈니스북스,전자책,1162541210 ,자기계발,2023-03-10
3691,명상이 이렇게 쓸모 있을 줄이야,가토 후미코,비즈니스북스,전자책,1162541237 ,자기계발,2023-03-10
3692,"오늘부터 딱 1년, 이기적으로 살기로 했다",샘 혼,비즈니스북스,전자책,1162541261 ,자기계발,2023-03-10
3693,"울트라러닝, 세계 0.1%가 지식을 얻는 비밀",스콧 영,비즈니스북스,전자책,1162541288 ,자기계발,2023-03-10
3694,관상 경영학,김태연,비즈니스북스,전자책,116254130X,자기계발,2023-03-10
3695,메모의 마법,마에다 유지,비즈니스북스,전자책,1162541342 ,자기계발,2023-03-10
3696,일본 함정,김대홍,올림,전자책,1162620323 ,정치/사회,2023-03-10
3697,놀이와 함께 온 코딩,꿀잼코딩,지식과감성,전자책,1162753919 ,아동,2023-03-10
3698,이모티콘으로 회사를 탈출한 키몽,키몽,연필,전자책,1162765429 ,경제경영,2023-03-10
3699,꼭 착한 아이가 되어야 해?,마리안느 머스그로브,책속물고기,전자책,1163270105 ,아동,2023-03-10
3700,숫자로 상상하세요,시모나 포이도마니,책속물고기,전자책,1163270253 ,아동,2023-03-10
3701,여기는 지구,원샤오핑,책속물고기,전자책,1163270318 ,아동,2023-03-10
3702,경제학 진작 배울걸 그랬네,장위치엔,베이직북스,전자책,1163400300 ,경제경영,2023-03-10
3703,말버릇 마음버릇 몸버릇,다네이치 쇼가쿠,베이직북스,전자책,1163400394 ,자기계발,2023-03-10
3704,지갑 속의 한국사,박강리,북하우스,전자책,1164050532 ,인문/역사,2023-03-10
3705,백종원이 추천하는 집밥 메뉴 56,백종원,서울문화사,전자책,1164380079 ,가정/생활/요리,2023-03-10
3706,동물들의 대장 뽑기,남소영,하움출판사,전자책,1164401149 ,아동,2023-03-10
3707,"빨강 머리 앤, 행복은 내 안에 있어",조유미,더모던,전자책,1164451707 ,시/에세이,2023-03-10
3708,페스트(초판본),알베르 카뮈,더스토리,전자책,1164452126 ,소설,2023-03-10
3709,법에도 심장이 있다면,박영화,행성B,전자책,1164710060 ,정치/사회,2023-03-10
3710,동급생,히가시노 게이고,소미미디어,전자책,1165071010 ,소설,2023-03-10
3711,목소리를 드릴게요,정세랑,아작,전자책,1165300001 ,소설,2023-03-10
3712,디스럽터: 시장의 교란자들,데이비드 로완,쌤앤파커스,전자책,1165340003 ,경제경영,2023-03-10
3713,필체를 바꾸면 인생이 바뀐다,구본진,쌤앤파커스,전자책,116534050X,자기계발,2023-03-10
3714,"센 세대, 낀 세대, 신세대 3세대 전쟁과 평화",김성회,쌤앤파커스,전자책,1165340682 ,경제경영,2023-03-10
3715,생각은 어떻게 글이 되는가,박주용,쌤앤파커스,전자책,1165340690 ,인문/역사,2023-03-10
3716,실전 온라인 유통 마케팅,유노연,처음북스,전자책,1170221963 ,경제경영,2023-03-10
3717,게임보다 더 재미있는 게 어디 있어!,채화영,팜파스,전자책,1170261906 ,아동,2023-03-10
3718,나 혼자가 편한데 왜 다 같이 해야 해?,최형미,팜파스,전자책,1170262317 ,아동,2023-03-10
3719,4차 산업혁명 직업 탐험대,김상현,팜파스,전자책,1170262406 ,아동,2023-03-10
3720,우리 반에서 유튜브 전쟁이 일어났다!,박선희,팜파스,전자책,1170262538 ,아동,2023-03-10
3721,"상사 취향 저격, 한 페이지 보고서 기획서 작성법",김용무,팜파스,전자책,1170263186 ,자기계발,2023-03-10
3722,"잠시 슬럼프였을 뿐, 더 괜찮아질거야",한기연,팜파스,전자책,1170263240 ,인문/역사,2023-03-10
3723,나의 첫 금리 공부,염상훈,원앤원북스,전자책,1170430309 ,경제경영,2023-03-10
3724,나는 영어보다 스페인어를 배우기로 했다,남기성,원앤원북스,전자책,1170430384 ,자기계발,2023-03-10
3725,"대한민국 부동산, 어떻게 흘러갈 것인가",최진곤,원앤원북스,전자책,1170430457 ,경제경영,2023-03-10
3726,이제는 똘똘한 아파트 한 채가 답이다,김경필,원앤원북스,전자책,1170430546 ,경제경영,2023-03-10
3727,참 쓸모 있는 말투,고경미,레몬북스,전자책,118525787X,자기계발,2023-03-10
3728,린치핀,세스 고딘,라이스메이커,전자책,1185392998 ,자기계발,2023-03-10
3729,업글 인간,김민지,지식인하우스,전자책,118595998X,자기계발,2023-03-10
3730,약간의 거리를 둔다,소노 아야코,책읽는고양이,전자책,1186274158 ,시/에세이,2023-03-10
3731,세상에서 가장 쉬운 세계사,천레이,정민미디어,전자책,1186276797 ,인문/역사,2023-03-10
3732,운을 부르는 외교관,이원우,글로세움,전자책,1186578807 ,자기계발,2023-03-10
3733,"아무튼, 떡볶이",요조,위고,전자책,1186602503 ,시/에세이,2023-03-10
3734,마왕한자(2020),편집부,공시각,전자책,1186608757 ,교재/수험서,2023-03-10
3735,동물들과 함께 사는 집,아네테 펜트,책속물고기,전자책,1186670991 ,아동,2023-03-10
3736,새벽의 열기,가르도시 피테르,무소의뿔,전자책,118668643X,소설,2023-03-10
3737,나를 아프게 하는 사람은 버리기로 했다,양지아링,심플라이프,전자책,1186757523 ,자기계발,2023-03-10
3738,나는 왜 나에게만 가혹할까,사이토 사토루,심플라이프,전자책,118675754X,인문/역사,2023-03-10
3739,나쁜 사람에게 지지 않으려고 쓴다,정희진,교양인,전자책,1187064440 ,인문/역사,2023-03-10
3740,나를 알기 위해서 쓴다,정희진,교양인,전자책,1187064459 ,인문/역사,2023-03-10
3741,나의 특별한 감정 수업,최태림,M&Kids,전자책,1187153265 ,아동,2023-03-10
3742,안다고 다 말하지 말고 들었다고 다 믿지 마라,홋타 슈고,스몰빅라이프,전자책,1187165603 ,자기계발,2023-03-10
3743,내가 찾던 것들은 늘 내 곁에 있었다,이노우에 히로유키,스몰빅라이프,전자책,118716562X,자기계발,2023-03-10
3744,"산 음식, 죽은 음식",더글라스 그라함,사이몬북스,전자책,1187330159 ,건강/의학,2023-03-10
3745,바느질 수녀님,최지혜,고래가숨쉬는도서관,전자책,1187427799 ,아동,2023-03-10
3746,내가 엄마야!,한승민,고래가숨쉬는도서관,전자책,1187427853 ,아동,2023-03-10
3747,나는 사진작가가 될 거야!,양정원,고래가숨쉬는도서관,전자책,1187427861 ,아동,2023-03-10
3748,나는 두부야!,전우혁,고래가숨쉬는도서관,전자책,1187427977 ,아동,2023-03-10
3749,빅 나인,에이미 웹,토트,전자책,1187444456 ,경제경영,2023-03-10
3750,지적인 사람들을 위한 보수주의 안내서,러셀 커크,지식노마드,전자책,1187481688 ,정치/사회,2023-03-10
3751,푸른 옷을 입은 소녀,데릭 B. 밀러,구픽,전자책,1187886238 ,소설,2023-03-10
3752,공부하기가 죽기보다 싫을 때 읽는 책,권혁진,다연,전자책,1187962759 ,자기계발,2023-03-10
3753,인생을 어떻게 살면 좋겠냐고 묻는 딸에게,한창욱,다연,전자책,1187962791 ,청소년,2023-03-10
3754,내일의 부. 1: 알파편,조던 김장섭,트러스트북스,전자책,1187993689 ,경제경영,2023-03-10
3755,내일의 부. 2: 오메가편,조던 김장섭,트러스트북스,전자책,1187993697 ,경제경영,2023-03-10
3756,정혜영의 식탁: TABLE,정혜영,이덴슬리벨,전자책,1188053736 ,가정/생활/요리,2023-03-10
3757,인스타그램으로 SNS 크리에이터 되기,남시언,아티오,전자책,118805998X,IT/프로그래밍,2023-03-10
3758,스마트폰으로 유튜브 크리에이터 되기,남시언,아티오,전자책,1188059998 ,IT/프로그래밍,2023-03-10
3759,공부머리 최고의 육아법,하세가와 와카,오리진하우스,전자책,1188128124 ,가정/생활/요리,2023-03-10
3760,샘의 부자 되기 대작전!,프란시스 오로크 도웰,꿈터,전자책,118824017X,아동,2023-03-10
3761,부자가 된 샘의 채소 기르기,프란시스 오로크 도웰,꿈터,전자책,1188240218 ,아동,2023-03-10
3762,"행복이 거기 있다, 한 점 의심도 없이",정지우,웨일북(whalebooks),전자책,1188248952 ,시/에세이,2023-03-10
3763,짐 로저스의 일본에 보내는 경고,짐 로저스,이레미디어,전자책,1188279661 ,경제경영,2023-03-10
3764,당신의 삶에 명상이 필요할 때,앤디 퍼디컴,스노우폭스북스,전자책,1188331825 ,자기계발,2023-03-10
3765,회사에서 글을 씁니다,정태일,천그루숲,전자책,1188348612 ,자기계발,2023-03-10
3766,자기화해,우르술라 누버,생각정원,전자책,118838807X,인문/역사,2023-03-10
3767,에이트,이지성,차이정원,전자책,1188388908 ,자기계발,2023-03-10
3768,미드 번역을 위한 공부법,박윤슬,더라인북스,전자책,118840315X,국어/외국어,2023-03-10
3769,결혼 상대는 추첨으로,가키야 미우,지금이책,전자책,1188554190 ,소설,2023-03-10
3770,"8도여행, 여기 어때",흥미로운 미디어 편집부,흥미로운미디어,전자책,1188573403 ,여행/취미,2023-03-10
3771,대한민국 부동산 사용설명서,김학렬,에프엔미디어,전자책,1188754238 ,경제경영,2023-03-10
3772,한번에 끝내는 세계사,시마자키 스스무,북라이프,전자책,1188850784 ,인문/역사,2023-03-10
3773,송현주 보러 도서관에,이승민,노란상상,전자책,118886713X,아동,2023-03-10
3774,별을 잇는 손,무라야마 사키,클,전자책,1188907670 ,소설,2023-03-10
3775,개가 되기 싫은 개,팔리 모왓,소소의책,전자책,1188941380 ,소설,2023-03-10
3776,첫차의 애프터 파이브,아가와 다이주,소소의책,전자책,1188941402 ,소설,2023-03-10
3777,마땅한 살인,안세화,이데아,전자책,1189143089 ,소설,2023-03-10
3778,허영만의 6000만원. 1: 박스권 하단에서 매수하라,허영만,가디언,전자책,1189159406 ,경제경영,2023-03-10
3779,허영만의 6000만원. 2: 저평가우량주를 알아보는 안목,허영만,가디언,전자책,1189159449 ,경제경영,2023-03-10
3780,조선 정신과 의사 유세풍,이은소,새움,전자책,1189271028 ,소설,2023-03-10
3781,지금 바로 돈 버는 기술,김정환,유노북스,전자책,1189279819 ,경제경영,2023-03-10
3782,12가지 행복의 법칙,릭 핸슨,위너스북,전자책,1189352133 ,자기계발,2023-03-10
3783,어쩌다 가방끈이 길어졌습니다만,전선영,꿈의지도,전자책,1189469456 ,시/에세이,2023-03-10
3784,노골적인 낭만 여행,김산환,꿈의지도,전자책,1189469669 ,여행/취미,2023-03-10
3785,시즈카 할머니와 휠체어 탐정,나카야마 시치리,블루홀식스(블루홀6),전자책,1189571153 ,소설,2023-03-10
3786,공부 마스터 플랜,조승우,포레스트북스,전자책,1189584131 ,자기계발,2023-03-10
3787,자제력 수업,피터 홀린스,포레스트북스,전자책,1189584166 ,인문/역사,2023-03-10
3788,삶이 괴롭냐고 심리학이 물었다,게일 브레너,포레스트북스,전자책,1189584247 ,인문/역사,2023-03-10
3789,말투 때문에 말투 덕분에,이오타 다쓰나리,포레스트북스,전자책,1189584263 ,자기계발,2023-03-10
3790,진작 이렇게 생각할 걸 그랬어,양지아링,포레스트북스,전자책,1189584301 ,자기계발,2023-03-10
3791,서른이면 어른이 될 줄 알았다(교보문고 단독 양장 에디션),아이리,포레스트북스,전자책,1189584328 ,시/에세이,2023-03-10
3792,어웨이크,피터 홀린스,포레스트북스,전자책,1189584352 ,인문/역사,2023-03-10
3793,빅스텝,박혜정,포레스트북스,전자책,1189584395 ,경제경영,2023-03-10
3794,침묵하지 않는 사람들,매슈 대니얼스,포레스트북스,전자책,1189584425 ,정치/사회,2023-03-10
3795,나는 꽤 괜찮은 사람입니다,브라이언 트레이시,포레스트북스,전자책,1189584441 ,자기계발,2023-03-10
3796,인생이 바뀌는 하루 3줄 감사의 기적,윌 파이,포레스트북스,전자책,1189584468 ,자기계발,2023-03-10
3797,압축 공부,조승우,포레스트북스,전자책,1189584476 ,자기계발,2023-03-10
3798,아빠가 육아를 시작한 후 바뀐 것들,도준형,포레스트북스,전자책,1189584514 ,시/에세이,2023-03-10
3799,"전교 꼴찌, 270일 만에 의대생이 된 공부 비법",김현수,북스고,전자책,1189612372 ,청소년,2023-03-10
3800,퇴사하기 좋은 날,감자,42미디어콘텐츠,전자책,1189620642 ,시/에세이,2023-03-10
3801,"겨울왕국, 또 하나의 이야기",젠 캘로니타,라곰,전자책,1189686104 ,소설,2023-03-10
3802,야나두 영어회화 패턴31 (멀티eBook),원예나,라곰,전자책,1189686112 ,국어/외국어,2023-03-10
3803,뉘앙스 덕분에 영어 공부가 쉬워졌습니다,키 영어학습방법연구소,키출판사,전자책,1189719274 ,국어/외국어,2023-03-10
3804,영어 공부는 싫은데 원어민과 대화는 하고 싶어,윤선희,키출판사,전자책,1189719584 ,국어/외국어,2023-03-10
3805,쓸 만한 인간,박정민,상상출판,전자책,1189856506 ,시/에세이,2023-03-10
3806,엄마 리딩,홍보라,경원북스,전자책,1189953064 ,가정/생활/요리,2023-03-10
3807,한자와 나오키. 3,이케이도 준,인플루엔셜,전자책,1189995115 ,소설,2023-03-10
3808,익명의 소녀,그리어 헨드릭스,인플루엔셜,전자책,1189995417 ,소설,2023-03-10
3809,스탠퍼드는 명함을 돌리지 않는다,라이언 다케시타,인플루엔셜,전자책,1189995441 ,자기계발,2023-03-10
3810,영어는 3단어로 100문장으로 끝내기,나카야마 유키코,인플루엔셜,전자책,118999545X,국어/외국어,2023-03-10
3811,확신은 어떻게 삶을 움직이는가,울리히 슈나벨,인플루엔셜,전자책,1189995476 ,인문/역사,2023-03-10
3812,마케터의 문장,가나가와 아키노리,인플루엔셜,전자책,1189995492 ,자기계발,2023-03-10
3813,조이 오브 워크,브루스 데이즐리,인플루엔셜,전자책,1189995522 ,경제경영,2023-03-10
3814,우리가 인생이라 부르는 것들,정재찬,인플루엔셜,전자책,1189995530 ,인문/역사,2023-03-10
3815,회사 말고 내 콘텐츠,서민규,마인드빌딩,전자책,1190015072 ,자기계발,2023-03-10
3816,식사에 대한 생각,비 윌슨,어크로스,전자책,1190030373 ,인문/역사,2023-03-10
3817,한국인이야기 : 너 어디에서 왔니,이어령,파람북,전자책,1190052202 ,인문/역사,2023-03-10
3818,묻히지 못한 자들의 노래,제스민 워드,위즈덤하우스,전자책,1190065711 ,소설,2023-03-10
3819,선녀는 참지 않았다,구오,위즈덤하우스,전자책,1190065762 ,시/에세이,2023-03-10
3820,"적벽대전, 이길 수밖에 없는 제갈량의 전략기획서",나단,비즈니스인사이트,전자책,1190067145 ,경제경영,2023-03-10
3821,"네가 무엇을 하든, 누가 뭐라 하든, 나는 네가 옳다",황정미,치읓,전자책,119006720X,인문/역사,2023-03-10
3822,진짜 일 학년 용돈 작전을 펼쳐라!,신순재,천개의바람,전자책,1190077027 ,아동,2023-03-10
3823,항아리산 너머 훌쩍 넘어,윤여림,천개의바람,전자책,1190077043 ,아동,2023-03-10
3824,"시끄러운 쥐, 쩌렁이",리처드 윌버,천개의바람,전자책,1190077086 ,아동,2023-03-10
3825,하늘이 딱딱했대?,신원미,천개의바람,전자책,1190077183 ,아동,2023-03-10
3826,사랑은 내 시간을 기꺼이 건네주는 것이다,이기주,황소북스,전자책,1190078082 ,시/에세이,2023-03-10
3827,우리가 빛의 속도로 갈 수 없다면,김초엽,허블,전자책,1190090015 ,소설,2023-03-10
3828,사라진 세계,톰 스웨터리치,허블,전자책,1190090074 ,소설,2023-03-10
3829,그 회사는 직원을 설레게 한다,대니얼 M. 케이블,갈매나무,전자책,1190123770 ,경제경영,2023-03-10
3830,"콜센터 상담원, 주운 씨",박주운,애플북스,전자책,1190147130 ,시/에세이,2023-03-10
3831,그 칼로는 죽일 수 없어,모리카와 토모키,북플라자,전자책,1190157055 ,소설,2023-03-10
3832,짚의 방패,키우치 카즈히로,북플라자,전자책,1190157101 ,소설,2023-03-10
3833,나 혼자만 알고 싶은 영어책: 순한 맛,피유진,서사원,전자책,1190179148 ,국어/외국어,2023-03-10
3834,논술형 엄마들,서평화,서사원,전자책,1190179164 ,가정/생활/요리,2023-03-10
3835,해러스먼트 게임,이노우에 유미코,위즈덤하우스,전자책,1190182998 ,소설,2023-03-10
3836,면역력을 처방합니다,정가영,라온북,전자책,1190233304 ,건강/의학,2023-03-10
3837,대한민국 마지막 투자처 도시재생,양팔석,라온북,전자책,119023341X,경제경영,2023-03-10
3838,아이가 달라지는 엄마의 말,도미향,라온북,전자책,1190233460 ,가정/생활/요리,2023-03-10
3839,매출 때문에 고민입니다,지현,라온북,전자책,1190233584 ,경제경영,2023-03-10
3840,콜 미 바이 유어 네임,안드레 애치먼,잔,전자책,1190234017 ,소설,2023-03-10
3841,파인드 미,안드레 애치먼,잔,전자책,1190234025 ,소설,2023-03-10
3842,습관의 완성,이범용,스마트북스,전자책,119023808X,자기계발,2023-03-10
3843,멀티팩터,김영준,스마트북스,전자책,1190238101 ,경제경영,2023-03-10
3844,생물인 정브르의 신기한 파충류 도감,정브르,베가북스,전자책,1190242044 ,아동,2023-03-10
3845,산전수전 다 겪고 알려주는 진저의 실전 미국 영어,조향진,토마토출판사,전자책,1190278146 ,국어/외국어,2023-03-10
3846,나와 작은 아씨들,서메리,위즈덤하우스,전자책,1190305585 ,시/에세이,2023-03-10
3847,"1일 1페이지, 세상에서 가장 짧은 교양 수업 365",데이비드 S. 키더,위즈덤하우스,전자책,1190305674 ,인문/역사,2023-03-10
3848,나는 혼자 일하고 싶다,뫼달,다른상상,전자책,1190312069 ,자기계발,2023-03-10
3849,지적 대화를 위한 넓고 얕은 지식: 제로 편,채사장,웨일북(whalebooks),전자책,1190313138 ,인문/역사,2023-03-10
3850,지적 대화를 위한 넓고 얕은 지식. 1,채사장,웨일북(whalebooks),전자책,1190313189 ,인문/역사,2023-03-10
3851,지적 대화를 위한 넓고 얕은 지식. 2,채사장,웨일북(whalebooks),전자책,1190313197 ,인문/역사,2023-03-10
3852,좋은 패스는 달리는 사람에게 날아간다,오하,웨일북(whalebooks),전자책,1190313200 ,시/에세이,2023-03-10
3853,당신의 뇌는 서두르는 법이 없다,양은우,웨일북(whalebooks),전자책,1190313227 ,자기계발,2023-03-10
3854,"읽고 쓴다는 것, 그 거룩함과 통쾌함에 대하여",고미숙,북드라망,전자책,1190351056 ,인문/역사,2023-03-10
3855,한 줄 정리의 힘,아사다 스구루,센시오,전자책,1190356074 ,자기계발,2023-03-10
3856,경제학에서 건져 올리는 부의기회,가야 게이이치,센시오,전자책,1190356147 ,경제경영,2023-03-10
3857,미러,루이스 L. 헤이,센시오,전자책,1190356171 ,자기계발,2023-03-10
3858,1달러의 세계 경제 여행,다르시니 데이비드,센시오,전자책,1190356236 ,경제경영,2023-03-10
3859,한 번이라도 끝까지 버텨본 적 있는가,웨이슈잉,센시오,전자책,1190356244 ,자기계발,2023-03-10
3860,중국발 세계경제 위기가 시작됐다,미야자키 마사히로,센시오,전자책,1190356252 ,경제경영,2023-03-10
3861,엄마의 20년,오소희,수오서재,전자책,1190382075 ,자기계발,2023-03-10
3862,미스터리 세계사,그레이엄 도널드,현대지성,전자책,1190398079 ,인문/역사,2023-03-10
3863,새는 건축가다,차이진원,현대지성,전자책,1190398206 ,과학/공학,2023-03-10
3864,실패하지 않는 웹소설 연재의 기술,산경,위즈덤하우스,전자책,1190427656 ,인문/역사,2023-03-10
3865,시작만 있고 끝이 없는 당신을 위한 책,이경수,다연,전자책,1190456044 ,자기계발,2023-03-10
3866,잡담 말고 스몰토크,데브라 파인,일월일일,전자책,1190611007 ,자기계발,2023-03-10
3867,잠옷을 입으렴,이도우,위즈덤하우스,전자책,1190630001 ,소설,2023-03-10
3868,삶으로 다시 떠오르기,에크하르트 톨레,연금술사,전자책,1195026129 ,시/에세이,2023-03-10
3869,내 발자국이 지구를 아프게 해요,에코박스,지구의아침,전자책,1195659415 ,아동,2023-03-10
3870,99단 영어회화 33일에 정복하기,김남규,김남규외국어출판사,전자책,1195864051 ,국어/외국어,2023-03-10
3871,우르르 쾅쾅 하늘이 열린 날,김태호,스푼북,전자책,119601020X,아동,2023-03-10
3872,기생충 각본집 & 스토리보드북 세트,봉준호,플레인,전자책,1196076065 ,예술/대중문화,2023-03-10
3873,유튜브 트렌드 2020,김경달,이은북,전자책,1196475261 ,경제경영,2023-03-10
3874,그거 봤어?,김학준,이상미디랩(이상미디어(주)),전자책,1196524483 ,시/에세이,2023-03-10
3875,튼이 이유식,정주희,서사원,전자책,1196533008 ,가정/생활/요리,2023-03-10
3876,나를 아프게 하지 않는다,전미경,지와인,전자책,1196533474 ,인문/역사,2023-03-10
3877,외로워지면 내 이름을 불러줘,야마우치 마리코,허클베리북스,전자책,1196562954 ,소설,2023-03-10
3878,당신의 사전,김버금,수오서재,전자책,1196588597 ,시/에세이,2023-03-10
3879,아이의 떼 거부 고집을 다루다,정유진,미스터제이,전자책,1196630704 ,가정/생활/요리,2023-03-10
3880,애쓰다 지친 나를 위해,서덕,넥스트북스,전자책,1196739420 ,시/에세이,2023-03-10
3881,지쳤거나 좋아하는 게 없거나,글배우,강한별,전자책,1196797706 ,시/에세이,2023-03-10
3882,공부 머리는 5~9세에 결정된다,오쿠보 히로유키,유노라이프,전자책,1196806748 ,가정/생활/요리,2023-03-10
3883,너에게만 좋은 사람이 되고 싶어(리커버 한정판),유귀선,스튜디오오드리,전자책,1196814309 ,시/에세이,2023-03-10
3884,고수의 학습법,한근태,이지퍼블리싱,전자책,1196826749 ,자기계발,2023-03-10
3885,빅히트,김한진,페이지2북스,전자책,1196831017 ,경제경영,2023-03-10
3886,불곰의 가치투자 따라 하기,불곰,페이지2북스,전자책,1196831033 ,경제경영,2023-03-10
3887,그 집 아들 독서법,이지연,블루무스,전자책,1196848106 ,가정/생활/요리,2023-03-10
3888,착한 펭귄 사나운 펭귄 이상한 펭귄,정진우,지식인하우스,전자책,1196902941 ,시/에세이,2023-03-10
3889,라인,조제프 퐁튀스,엘리,전자책,1196914818 ,소설,2023-03-10
3890,시험인간,김기헌,생각정원,전자책,119695741X,정치/사회,2023-03-10
3891,감정 폭력,베르너 바르텐스,걷는나무,전자책,8901235641 ,인문/역사,2023-03-10
3892,베조스 레터,스티브 앤더슨,리더스북,전자책,8901237563 ,경제경영,2023-03-10
3893,사회심리학,로버트 치알디니,웅진지식하우스,전자책,8901238217 ,인문/역사,2023-03-10
3894,리더의 용기,브레네 브라운,갤리온,전자책,8901238748 ,경제경영,2023-03-10
3895,부자의 독서,김학렬,리더스북,전자책,8901238756 ,자기계발,2023-03-10
3896,우리가 사랑할 때 이야기하지 않는 것들,에스터 페렐,웅진지식하우스,전자책,8901238764 ,인문/역사,2023-03-10
3897,예술하는 습관,메이슨 커리,걷는나무,전자책,8901239159 ,인문/역사,2023-03-10
3898,하버드 사랑학 수업,마리 루티,웅진지식하우스,전자책,8901239302 ,시/에세이,2023-03-10
3899,인간 관계의 법칙,로버트 그린,웅진지식하우스,전자책,8901239868 ,인문/역사,2023-03-10
3900,적당히 육아법,하세가와 와카,웅진리빙하우스,전자책,8901239965 ,가정/생활/요리,2023-03-10
3901,나는 인생에서 중요한 것만 남기기로 했다,에리카 라인,갤리온,전자책,8901240106 ,자기계발,2023-03-10
3902,백만장자 시크릿,하브 에커,알에이치코리아,전자책,8925520389 ,경제경영,2023-03-10
3903,원래 내 것이었던,앨리스 피니,알에이치코리아,전자책,892556436X,소설,2023-03-10
3904,그래스호퍼,이사카 고타로,알에이치코리아,전자책,892556467X,소설,2023-03-10
3905,십팔년 책육아,김선미,알에이치코리아,전자책,892556792X,가정/생활/요리,2023-03-10
3906,게으름이 습관이 되기 전에,스티브 스콧,알에이치코리아,전자책,8925568101 ,자기계발,2023-03-10
3907,나이 먹고 체하면 약도 없지,임선경,알에이치코리아,전자책,8925568187 ,시/에세이,2023-03-10
3908,의대생 공부법,박동호,알에이치코리아,전자책,8925568578 ,청소년,2023-03-10
3909,작은 아씨들(영화 공식 원작 소설 오리지널 커버),루이자 메이 올컷,알에이치코리아,전자책,8925568586 ,소설,2023-03-10
3910,팔리는 나를 만들어 팝니다,박창선,알에이치코리아,전자책,8925568705 ,자기계발,2023-03-10
3911,부동산 투자로 진짜 인생이 시작됐다,앨리스허(허미숙),알에이치코리아,전자책,8925569051 ,경제경영,2023-03-10
3912,네이티브 영어표현력 사전,Changsoo Lee(이창수),다락원,전자책,8927701054 ,국어/외국어,2023-03-10
3913,파이썬아 반가워!,곽문기,다락원,전자책,8927747143 ,아동,2023-03-10
3914,일기로 시작하는 술술 글쓰기,이향안,다락원,전자책,8927747232 ,아동,2023-03-10
3915,얍! 화난 마음 사라져라!,윤정화,다락원,전자책,8927747259 ,아동,2023-03-10
3916,냠냠! 잘 먹겠습니다,윤정화,다락원,전자책,8927747275 ,아동,2023-03-10
3917,초등 국어 표현력 사전,박수미,다락원,전자책,8927747399 ,아동,2023-03-10
3918,다른 방식으로 보기,존 버거,열화당,전자책,8930104274 ,예술/대중문화,2023-03-10
3919,안네의 일기,안네 프랑크,문예출판사,전자책,8931006381 ,소설,2023-03-10
3920,히틀러의 음식을 먹는 여자들,로셀라 포스토리노,문예출판사,전자책,8931021054 ,소설,2023-03-10
3921,빛의 과거,은희경,문학과지성사,전자책,8932035636 ,소설,2023-03-10
3922,몸은 기억한다,베셀 반 데어 콜크,을유문화사,전자책,8932473293 ,인문/역사,2023-03-10
3923,죽음. 1,베르나르 베르베르,열린책들,전자책,8932919674 ,소설,2023-03-10
3924,죽음. 2,베르나르 베르베르,열린책들,전자책,8932919682 ,소설,2023-03-10
3925,핵을 들고 도망친 101세 노인,요나스 요나손,열린책들,전자책,8932919879 ,소설,2023-03-10
3926,조지 길더 구글의 종말,조지 길더,청림출판,전자책,8935212970 ,경제경영,2023-03-10
3927,반대의 놀라운 힘,샬런 네메스,청림출판,전자책,8935213055 ,경제경영,2023-03-10
3928,기분의 문제,로버트 E. 세이어,청림출판,전자책,8935213071 ,인문/역사,2023-03-10
3929,클레멘티나는 빨간색을 좋아해,크리스티나 보글라르,샘터(샘터사),전자책,8946472898 ,아동,2023-03-10
3930,승진의 정석,박소연,한국경제신문,전자책,8947544094 ,자기계발,2023-03-10
3931,아홉 명의 완벽한 타인들(리커버 블랙 에디션),리안 모리아티,마시멜로,전자책,894754521X,소설,2023-03-10
3932,또 다른 10년이 온다,한상춘,한국경제신문,전자책,8947545341 ,경제경영,2023-03-10
3933,사장의 그릇,이나모리 가즈오,한국경제신문,전자책,8947545473 ,경제경영,2023-03-10
3934,언니들의 슬기로운 조직생활,김부장,한국경제신문,전자책,8947545597 ,자기계발,2023-03-10
3935,믿음의 마법,마리 폴레오,한국경제신문,전자책,8947545643 ,자기계발,2023-03-10
3936,육일약국 갑시다,김성오,21세기북스,전자책,8950943379 ,경제경영,2023-03-10
3937,멀린. 1,토머스 A. 배런,아르테(arte),전자책,8950969351 ,소설,2023-03-10
3938,멀린. 2,토머스 A. 배런,아르테(arte),전자책,895096936X,소설,2023-03-10
3939,멀린. 3,토머스 A. 배런,아르테(arte),전자책,8950969378 ,소설,2023-03-10
3940,코끼리의 마음,톤 텔레헨,아르테(arte),전자책,8950973472 ,소설,2023-03-10
3941,공부머리를 완성하는 초등 독서법,남미영,21세기북스,전자책,8950979144 ,가정/생활/요리,2023-03-10
3942,메타인지 학습법,리사 손,21세기북스,전자책,8950981890 ,가정/생활/요리,2023-03-10
3943,29초,T. M. 로건,아르테(arte),전자책,8950983206 ,소설,2023-03-10
3944,우리의 사랑은 언제 불행해질까,서늘한여름밤,아르테(arte),전자책,895098430X,시/에세이,2023-03-10
3945,한국 정치의 결정적 순간들,강원택,21세기북스,전자책,8950984318 ,정치/사회,2023-03-10
3946,"오십, 중용이 필요한 시간",신정근,21세기북스,전자책,8950984849 ,자기계발,2023-03-10
3947,어린이로 사는 건 너무 힘들어!: 고대 그리스 이야기,스트레이티 채,을파소,전자책,8950984865 ,아동,2023-03-10
3948,여름의 겨울,아들린 디외도네,아르테(arte),전자책,8950985411 ,소설,2023-03-10
3949,가끔 너를 생각해,후지마루,아르테(arte),전자책,895098542X,소설,2023-03-10
3950,우리는 모두 별에서 왔다,윤성철,21세기북스,전자책,8950985810 ,과학/공학,2023-03-10
3951,"안철수, 우리의 생각이 미래를 만든다",안철수,21세기북스,전자책,8950985845 ,시/에세이,2023-03-10
3952,시크릿,론다 번,살림Biz,전자책,8952206509 ,자기계발,2023-03-10
3953,링곤베리 소녀,수산네 얀손,검은숲,전자책,8952738888 ,소설,2023-03-10
3954,한국이 열광할 세계 트렌드(2020),KOTRA,알키,전자책,8952739221 ,경제경영,2023-03-10
3955,매너의 문화사,아리 투루넨,지식너머,전자책,8952739841 ,인문/역사,2023-03-10
3956,미로 속 남자,도나토 카리시,검은숲,전자책,8952740351 ,소설,2023-03-10
3957,나의 카트린,비올렌 위스망,시공사,전자책,895274182X,소설,2023-03-10
3958,여전히 휘둘리는 당신에게,박진영,시공사,전자책,895274487X,인문/역사,2023-03-10
3959,나는 그냥 꼰대로 살기로 했다,임영균,지식너머,전자책,8952756762 ,자기계발,2023-03-10
3960,국가는 왜 실패하는가,대런 애쓰모글루,시공사,전자책,8952766989 ,정치/사회,2023-03-10
3961,그레이. 1,E L 제임스,시공사,전자책,8952774531 ,소설,2023-03-10
3962,그레이. 2,E L 제임스,시공사,전자책,895277454X,소설,2023-03-10
3963,앨리스 죽이기,고바야시 야스미,검은숲,전자책,895277518X,소설,2023-03-10
3964,브로큰 휠 독자들이 추천함,카타리나 비발드,시공사,전자책,8952775341 ,소설,2023-03-10
3965,물 위의 집. 1,매슈 토머스,시공사,전자책,8952777018 ,소설,2023-03-10
3966,물 위의 집. 2,매슈 토머스,시공사,전자책,8952777026 ,소설,2023-03-10
3967,사서함 110호의 우편물,이도우,시공사,전자책,8952782070 ,소설,2023-03-10
3968,날씨가 좋으면 찾아가겠어요,이도우,시공사,전자책,8952791169 ,소설,2023-03-10
3969,미스터. 1,E L 제임스,시공사,전자책,8952796780 ,소설,2023-03-10
3970,미스터. 2,E L 제임스,시공사,전자책,8952796799 ,소설,2023-03-10
3971,"나의 로망, 로마",김상근,시공사,전자책,8952797329 ,인문/역사,2023-03-10
3972,러브 코드,알렉산더 로이드,알키,전자책,8952798295 ,자기계발,2023-03-10
3973,"팀 켈러, 결혼을 말하다",팀 켈러,두란노서원,전자책,8953120500 ,종교,2023-03-10
3974,황금 도시를 찾아라!,베어 그릴스,얼리틴스,전자책,8954438911 ,아동,2023-03-10
3975,바이러스와 감염증,일본 뉴턴프레스,아이뉴턴(뉴턴코리아),전자책,8955378963 ,과학/공학,2023-03-10
3976,인생사진 찍는 방법: 인스타그램이 즐거워지는 촬영의 기술,노성경,정보문화사,전자책,895674842X,예술/대중문화,2023-03-10
3977,가장 쉬운 이모티콘 만들기,정수진(연서),정보문화사,전자책,8956748446 ,IT/프로그래밍,2023-03-10
3978,스콧 켈비의 풍경사진 찍는 방법,스콧 켈비,정보문화사,전자책,8956748489 ,예술/대중문화,2023-03-10
3979,한국인에게 고함,이승헌,한문화,전자책,8956991456 ,시/에세이,2023-03-10
3980,침묵이라는 무기,코르넬리아 토프,가나출판사,전자책,8957360212 ,자기계발,2023-03-10
3981,글쓰기가 만만해지는 하루 10분 메모 글쓰기,이윤영,가나출판사,전자책,8957360476 ,자기계발,2023-03-10
3982,우당탕탕! 우리 동네 법 대장 나준수가 간다!,한국법교육센터,가나출판사,전자책,8957367454 ,아동,2023-03-10
3983,인공 지능 이야기,송준섭,가나출판사,전자책,8957369619 ,아동,2023-03-10
3984,사랑의 생애,이승우,위즈덤하우스,전자책,8959134821 ,소설,2023-03-10
3985,하우투 워라밸,안성민,미래의창,전자책,8959894966 ,자기계발,2023-03-10
3986,콘텐츠가 전부다,노가영,미래의창,전자책,895989625X,경제경영,2023-03-10
3987,"빅데이터, 사람을 읽다",BC카드 빅데이터센터,미래의창,전자책,8959896276 ,경제경영,2023-03-10
3988,배당왕,삼성증권 리서치센터,미래의창,전자책,8959896314 ,경제경영,2023-03-10
3989,질병이 바꾼 세계의 역사,로날트 D. 게르슈테,미래의창,전자책,8959896411 ,인문/역사,2023-03-10
3990,"어쩌다 보니, SNS마케팅으로 월 1,000을 버는 사람이 되어버렸다!",정현주,황금부엉이,전자책,8960305340 ,경제경영,2023-03-10
3991,네이버 스마트스토어 만들기,권혁중,디지털북스,전자책,8960882828 ,IT/프로그래밍,2023-03-10
3992,생생톡톡 쉬운 중국어 표현 50,김병진,씨앤톡,전자책,8960982148 ,국어/외국어,2023-03-10
3993,드니 반반,올리비에 코스트,책빛,전자책,8962192861 ,아동,2023-03-10
3994,스몽 스몽,소냐 다노프스키,책빛,전자책,896219290X,아동,2023-03-10
3995,킹 쿠,애덤 스토어,책빛,전자책,8962192942 ,아동,2023-03-10
3996,반칙왕은 예의가 필요해,정은수,스콜라,전자책,8962479125 ,아동,2023-03-10
3997,2020-2038 부의 미래,사카구치 다카노리,비전코리아,전자책,896322161X,경제경영,2023-03-10
3998,꿈의 책,니나 게오르게,쌤앤파커스,전자책,8965708389 ,소설,2023-03-10
3999,도파민형 인간,대니얼 Z. 리버먼,쌤앤파커스,전자책,896570863X,자기계발,2023-03-10
4000,그래서 철학이 필요해,고바야시 쇼헤이,쌤앤파커스,전자책,8965708982 ,인문/역사,2023-03-10
4001,제왕업(상),메이위저,쌤앤파커스,전자책,8965709342 ,소설,2023-03-10
4002,제왕업(하),메이위저,쌤앤파커스,전자책,8965709350 ,소설,2023-03-10
4003,틀 밖에서 놀게 하라,김경희,포르체,전자책,8965709598 ,가정/생활/요리,2023-03-10
4004,변종의 늑대,김영록,쌤앤파커스,전자책,8965709903 ,경제경영,2023-03-10
4005,은퇴 5년 전에 꼭 해야 할 것들,전기보,미래지식,전자책,8965843901 ,자기계발,2023-03-10
4006,여덟 가지 삶의 태도,나폴레온 힐,흐름출판,전자책,8965963486 ,자기계발,2023-03-10
4007,신세계사. 1,쑨룽지,흐름출판,전자책,8965963575 ,인문/역사,2023-03-10
4008,벌거벗을 용기,김경록,흐름출판,전자책,8965963613 ,자기계발,2023-03-10
4009,"나대지 마라, 슬픔아",전용호,사과나무,전자책,8967260431 ,시/에세이,2023-03-10
4010,꼬불꼬불 나라의 지리이야기,서해경,풀빛미디어,전자책,8967340095 ,아동,2023-03-10
4011,난 논술 쓰기가 정말 신나!,조영경,스코프,전자책,8967994699 ,아동,2023-03-10
4012,공기업은 가고 싶어,박대호,북오션,전자책,8967994818 ,교재/수험서,2023-03-10
4013,SNS가 뭐예요,에마뉘엘 트레데즈,개암나무,전자책,8968304491 ,아동,2023-03-10
4014,고구마 선거,임지형,개암나무,전자책,896830453X,아동,2023-03-10
4015,차별은 세상을 병들게 해요,오승현,개암나무,전자책,8968304831 ,아동,2023-03-10
4016,슬기로운 안전생활,서지원,개암나무,전자책,8968305056 ,아동,2023-03-10
4017,미래는 어떨까요?,부뤼노 골드만,개암나무,전자책,8968305080 ,아동,2023-03-10
4018,크리에이터가 간다,최은영,개암나무,전자책,8968305102 ,아동,2023-03-10
4019,"자유 대 규제, 무엇이 먼저일까?",양서윤,개암나무,전자책,8968305153 ,아동,2023-03-10
4020,초등 인물 한국사,금해랑,개암나무,전자책,8968305323 ,아동,2023-03-10
4021,기분의 발견,홋시,블랙피쉬,전자책,896833224X,인문/역사,2023-03-10
4022,사람사전,정철,허밍버드,전자책,8968332479 ,시/에세이,2023-03-10
4023,부모의 첫 성교육,노하연,경향BP,전자책,8969523650 ,가정/생활/요리,2023-03-10
4024,내일이 두려운 오늘의 너에게,조성용(흔글),경향BP,전자책,8969523839 ,시/에세이,2023-03-10
4025,"풍자, 자유의 언어 웃음의 정치",전경옥,책세상,전자책,8970139184 ,인문/역사,2023-03-10
4026,진짜 싸울 수 있는 거북선,한호림,디자인하우스,전자책,8970419993 ,아동,2023-03-10
4027,최강의 쇼핑몰 네이버 스마트스토어를 넘어,박노성,성안북스,전자책,8970673571 ,경제경영,2023-03-10
4028,하버드 부자 수업,무천강,리드리드출판,전자책,8972773328 ,자기계발,2023-03-10
4029,새로운 인재경영의 미래,이홍민,리드리드출판,전자책,8972773336 ,자기계발,2023-03-10
4030,나의 반려동물도 나처럼 행복할까,데이비드 미치,불광출판사,전자책,8974796643 ,여행/취미,2023-03-10
4031,틱낫한 불교,틱낫한,불광출판사,전자책,897479747X,종교,2023-03-10
4032,인류의 운명을 바꾼 약의 탐험가들,도널드 커시,세종서적,전자책,8984077739 ,과학/공학,2023-03-10
4033,늑대의 왕,니클라스 나트 오크 다그,세종서적,전자책,8984077763 ,소설,2023-03-10
4034,생체리듬의 과학,사친 판다,세종서적,전자책,898407778X,과학/공학,2023-03-10
4035,검색의 즐거움,대니얼 M. 러셀,세종서적,전자책,898407781X,자기계발,2023-03-10
4036,표백,장강명,한겨레출판사,전자책,8984314811 ,소설,2023-03-10
4037,난장이가 쏘아올린 작은 공,조세희 (원작),커뮤니케이션북스,전자책,8984993891 ,예술/대중문화,2023-03-10
4038,백설공주에게 죽음을,넬레 노이하우스,북로드,전자책,8991239684 ,소설,2023-03-10
4039,무엇을 놓친 걸까,필 바든,사이,전자책,8993178909 ,경제경영,2023-03-10
4040,내 생각 먼저 물어봐 주세요,김순영,상상스쿨,전자책,8993702276 ,아동,2023-03-10
4041,"인스타리드 재레드 다이아몬드의 총, 균, 쇠",인스타리드,멜론,전자책,8994175628 ,소설,2023-03-10
4042,금융시장으로 간 진화론,앤드류 로,부크온,전자책,8994491872 ,경제경영,2023-03-10
4043,콜레라는 어떻게 문명을 구했나,존 퀘이조,메디치미디어,전자책,8994612297 ,건강/의학,2023-03-10
4044,감사하면 달라지는 것들(겨울 에디션),제니스 캐플런,위너스북,전자책,8994747680 ,자기계발,2023-03-10
4045,부의 인문학,브라운스톤,오픈마인드,전자책,8995563508 ,경제경영,2023-03-10
4046,칵테일 레시피,타시,디지털북스,전자책,8997466623 ,가정/생활/요리,2023-03-10
4047,상처 받지 않는 영혼,마이클 A. 싱어,라이팅하우스,전자책,8998075083 ,인문/역사,2023-03-10
4048,형사의 눈빛,야쿠마루 가쿠,북플라자,전자책,8998274396 ,소설,2023-03-10
4049,루팡의 딸,요코제키 다이,북플라자,전자책,8998274418 ,소설,2023-03-10
4050,익명의 전화,야쿠마루 가쿠,북플라자,전자책,8998274434 ,소설,2023-03-10
4051,"아무튼, 사는 동안 안 아프게",한상석,더블엔,전자책,8998294745 ,건강/의학,2023-03-10
4052,남산의 부장들. 1,김충식,폴리티쿠스,전자책,9050177080 ,정치/사회,2023-03-10
4053,남산의 부장들. 2,김충식,폴리티쿠스,전자책,9050177090 ,정치/사회,2023-03-10
4054,언터칭,무정영,마카롱,전자책,D180533960,소설,2023-03-10
4055,당시삼백수. 1,손수,올재클래식스,전자책,D190228330,인문/역사,2023-03-10
4056,당시삼백수. 2,손수,올재클래식스,전자책,D190228380,인문/역사,2023-03-10
4057,냉장고 속 나쁜 음식을 찾아라!,이유정,아들과딸,전자책,D190335010,아동,2023-03-10
4058,"일하는 중입니다만,",이진,작은쉼표,전자책,D200114800,시/에세이,2023-03-10
4059,마작 살인,박상화,위즈덤커넥트,전자책,D200126100,소설,2023-03-10
4060,마음을 이해할 수 있다면,박근정,함성소리,전자책,D200224720,자기계발,2023-03-10
4061,달팽이는 지가 집이다,서창우 외,푸른숲,전자책,210015400 ,아동,2023-03-10
4062,리버보이(리커버 특별판),팀 보울러,놀,전자책,113061865X,청소년,2023-03-10
4063,빨간 입술 귀이개,최선영,푸른숲주니어,전자책,1156750067 ,아동,2023-03-10
4064,만약에 꼬리가 있다면,율리아 호르스트,푸른숲주니어,전자책,1156750474 ,유아,2023-03-10
4065,임진년의 봄,이현,푸른숲주니어,전자책,1156750628 ,아동,2023-03-10
4066,"거북아, 뭐 하니?",최덕규,푸른숲주니어,전자책,1156750717 ,유아,2023-03-10
4067,열한 살의 아빠의 엄마를 만나다,케빈 헹크스,내인생의책,전자책,1157232523 ,아동,2023-03-10
4068,"안녕, 울적아",안나 워커,키다리,전자책,1157851274 ,유아,2023-03-10
4069,진정한 챔피언,파얌 에브라히미,모래알,전자책,1157852351 ,유아,2023-03-10
4070,긍정습관,정미금,아이앤북,전자책,1157920195 ,아동,2023-03-10
4071,똑똑한 결정,오주영,아이앤북,전자책,1157920888 ,아동,2023-03-10
4072,읽으면서 바로 써먹는 어린이 속담,한날,파란정원,전자책,1158681259 ,아동,2023-03-10
4073,"달콤, 매콤",배봉기,한겨레아이들,전자책,1160400059 ,아동,2023-03-10
4074,"곤니치와, 일본",조피아 파미야노프스카-미칙,풀빛,전자책,1161720081 ,아동,2023-03-10
4075,아동 노동,공윤희,풀빛,전자책,1161720146 ,아동,2023-03-10
4076,"궁금했어, 우주",유윤한,나무생각,전자책,1162180145 ,청소년,2023-03-10
4077,1등 용이가 사라졌다,윤숙희,나무생각,전자책,1162180390 ,아동,2023-03-10
4078,"궁금했어, 공학기술",황진규,나무생각,전자책,1162180706 ,청소년,2023-03-10
4079,"궁금했어, 에너지",정창훈,나무생각,전자책,1162180773 ,청소년,2023-03-10
4080,인어공주,한스 크리스티안 안데르센,유페이퍼,전자책,1164170082 ,소설,2023-03-10
4081,토론은 싸움이 아니야!,한현주,팜파스,전자책,1170260349 ,아동,2023-03-10
4082,신나는 법 공부,장보람,팜파스,전자책,1170260535 ,아동,2023-03-10
4083,"안전 습관, 이것만은 알아 둬!",박현숙,팜파스,전자책,1170260721 ,아동,2023-03-10
4084,미래를 살리는 착한 소비 이야기,한화주,팜파스,전자책,1170260764 ,아동,2023-03-10
4085,적금은 뭐고 펀드는 뭐야,김경선,팜파스,전자책,1170260888 ,아동,2023-03-10
4086,소셜 미디어 이야기,한현주,팜파스,전자책,1170260942 ,아동,2023-03-10
4087,우리반 딴지왕 또기찬 멋지게 딴지 걸다! 창의력을 키워 주고 통념을 뒤집어 보는 어린이 생각동화,채화영,팜파스,전자책,1170261396 ,아동,2023-03-10
4088,어린이를 위한 인공지능과 4차산업혁명 이야기,김상현,팜파스,전자책,1170261426 ,아동,2023-03-10
4089,중학교 국어책이 쉬워지는 읽기 수업,김소라,팜파스,전자책,1170261515 ,아동,2023-03-10
4090,"열두 살, 나의 첫 사춘기",차승민,팜파스,전자책,1170261582 ,아동,2023-03-10
4091,"생각숲으로 떠나는 질문여행, 어린이를 위한 독서하브루타",황순희,팜파스,전자책,1170261655 ,아동,2023-03-10
4092,"어린이를 위한 따뜻한 과학, 적정 기술",이아연,팜파스,전자책,117026168X,아동,2023-03-10
4093,중학교 국어책이 쉬워지는 토론 수업,김소라,팜파스,전자책,117026171X,아동,2023-03-10
4094,어린이를 위한 디지털 과학 용어 사전,한세희,팜파스,전자책,1170261736 ,아동,2023-03-10
4095,"미래를 위한 따뜻한 실천, 업사이클링",박선희,팜파스,전자책,1170261930 ,아동,2023-03-10
4096,듣고 싶은 말만 들을래요,박선희,팜파스,전자책,1170262147 ,아동,2023-03-10
4097,"생명을 위협하는 공기 쓰레기, 미세먼지 이야기",박선희,팜파스,전자책,1170262333 ,아동,2023-03-10
4098,가을은 풍성해,박현숙,키다리,전자책,1185299009 ,아동,2023-03-10
4099,이웃이 수상해,서지원,키다리,전자책,1185299033 ,아동,2023-03-10
4100,우리나라를 소개합니다,표시정,키다리,전자책,1185299041 ,아동,2023-03-10
4101,녹색 일기장,이경순,키다리,전자책,1185299688 ,청소년,2023-03-10
4102,인체극장,마리스 윅스,반니,전자책,118543559X,청소년,2023-03-10
4103,곱구나 !우리 장신구,박세경,한솔수북,전자책,1185494677 ,아동,2023-03-10
4104,도대체 뭐라고 말하지,서지원,한솔수북,전자책,1185494766 ,아동,2023-03-10
4105,수상한 할아버지,팔로마 보르돈스,분홍고래,전자책,1185876065 ,아동,2023-03-10
4106,나는 혼자가 아니에요,콘스탄체 외르벡 닐센,분홍고래,전자책,1185876154 ,아동,2023-03-10
4107,오일러와 피노키오는 도형춤 대회 1등을 했어,이안,동아엠앤비,전자책,1186008113 ,아동,2023-03-10
4108,가우스는 소수 대결로 마녀들을 물리쳤어,김정,동아엠앤비,전자책,118600813X,아동,2023-03-10
4109,"오일러, 오즈의 입체도형 마법사를 찾아라",이안,동아엠앤비,전자책,1186008148 ,아동,2023-03-10
4110,아르키는 어림하기로 걸리버 아저씨를 구했어,김승태,동아엠앤비,전자책,1186008156 ,아동,2023-03-10
4111,"페르마, 수리수리 규칙을 찾아라",황근기,동아엠앤비,전자책,1186008164 ,아동,2023-03-10
4112,파스칼은 통계 정리로 나쁜 왕을 혼내줬어,서지원,뭉치,전자책,1186008172 ,아동,2023-03-10
4113,푸른 기차의 정거장,이순원,보랏빛소,전자책,1186325623 ,아동,2023-03-10
4114,책 읽어 주는 아이,고정욱,보랏빛소,전자책,1186325933 ,아동,2023-03-10
4115,어울림 토론 잠자는 교실을 깨우다,이순오,초록비책공방,전자책,1186358238 ,인문/역사,2023-03-10
4116,세계 독립의 역사,알파고 시나씨,초록비책공방,전자책,118635853X,인문/역사,2023-03-10
4117,명문대 합격 글쓰기,진순희,초록비책공방,전자책,1186358580 ,인문/역사,2023-03-10
4118,생각의 힘을 길러주는 우리 신화 읽기,신홍엽,초록비책공방,전자책,1186358599 ,인문/역사,2023-03-10
4119,까칠한 재석이가 달라졌다,고정욱,애플북스,전자책,1186639083 ,소설,2023-03-10
4120,새들의 눈에는 유리창이 보이지 않아요!,시그문드 브라우어,책속물고기,전자책,118667024X,아동,2023-03-10
4121,내 머릿속에는 음악이 살아요!,수잰 슬레이드,책속물고기,전자책,1186670886 ,아동,2023-03-10
4122,나를 표현하는 열두 가지 감정,임성관,책속물고기,전자책,1186670924 ,아동,2023-03-10
4123,우리의 목표: 하기 싫으면 하지 말자!,케이트 제이멧,책속물고기,전자책,1186670975 ,아동,2023-03-10
4124,김 반장의 탄생,조경희,나무생각,전자책,1186688025 ,아동,2023-03-10
4125,열 살에 꼭 알아야 할 세계사,황근기,나무생각,전자책,1186688386 ,아동,2023-03-10
4126,공학은 세상을 어떻게 바꾸었을까?,황진규,나무생각,전자책,118668884X,아동,2023-03-10
4127,이 기사 써도 되나요?,송아주,나무생각,전자책,1186688882 ,아동,2023-03-10
4128,쩌저적,이서우,북극곰,전자책,1186797924 ,아동,2023-03-10
4129,행복한 가방,김정민,북극곰,전자책,1186797983 ,아동,2023-03-10
4130,그릿,전지은,비즈니스북스,전자책,1186805978 ,아동,2023-03-10
4131,진짜 일 학년 책가방을 지켜라,신순재,천개의바람,전자책,1187287253 ,아동,2023-03-10
4132,"택시 소년, 지지 않는 잎",데보라 엘리스,천개의바람,전자책,118728744X,청소년,2023-03-10
4133,나의 첫 반려동물 비밀 물고기,김성은,천개의바람,전자책,1187287709 ,아동,2023-03-10
4134,먹거리 X파일,권동화,동아엠앤비,전자책,118733622X,아동,2023-03-10
4135,바람 잘 날 없는 지구촌 국제 분쟁,묘리,동아엠앤비,전자책,1187336246 ,아동,2023-03-10
4136,인공지능으로 알아보는 미래 유망 직업,김일옥,동아엠앤비,전자책,1187336378 ,아동,2023-03-10
4137,두근두근 신비한 우리 몸속 탐험,이여니,동아엠앤비,전자책,1187336467 ,아동,2023-03-10
4138,스크래치 주니어로 배우는 맨 처음 코딩,마리나 유머시 버스,뭉치,전자책,1187336572 ,IT/프로그래밍,2023-03-10
4139,실험으로 배우는 어린이 전자공학,외위빈 뉘달 달,뭉치,전자책,1187336912 ,아동,2023-03-10
4140,슈퍼 히어로 우리 아빠,임지형,고래가숨쉬는도서관,전자책,118742708X,아동,2023-03-10
4141,거짓말쟁이 왕바름,박영옥,고래가숨쉬는도서관,전자책,1187427098 ,아동,2023-03-10
4142,청소년을 위한 꿈꾸는 다락방,이지성,생각학교,전자책,1188388169 ,청소년,2023-03-10
4143,우리를 위협하는 자연재해,정영훈,뭉치,전자책,1188704060 ,아동,2023-03-10
4144,달라도 괜찮아 더불어 사는 다문화 사회,스토리베리,동아엠앤비,전자책,1188704249 ,아동,2023-03-10
4145,함께 사는 세상 소중한 인권,신선웅,동아엠앤비,전자책,1188704257 ,아동,2023-03-10
4146,이상한 수학책,벤 올린(Ben Orlin),북라이프,전자책,1188850806 ,과학/공학,2023-03-10
4147,지각 대장 샘,이루리,북극곰,전자책,1189164094 ,아동,2023-03-10
4148,왁투,이미성,북극곰,전자책,1189164108 ,아동,2023-03-10
4149,딸꾹,김고은,북극곰,전자책,1189164183 ,아동,2023-03-10
4150,드르렁,문크,북극곰,전자책,1189164493 ,아동,2023-03-10
4151,사춘기 트위스트,마이테 카란사,분홍고래,전자책,1195073569 ,아동,2023-03-10
4152,넓게 보고 깊게 생각하는 논술 교과서 주장과 근거,최영민,분홍고래,전자책,1195073585 ,아동,2023-03-10
4153,과학을 훔친 수상한 영화관,서지원,과학동아북스,전자책,1195269188 ,아동,2023-03-10
4154,42가지 마음의 색깔,크리스티나 누녜스 페레이라,레드스톤,전자책,1195588607 ,유아,2023-03-10
4155,왜 저축해야 돼?,오시창,꿈터,전자책,1195991428 ,유아,2023-03-10
4156,"들림아, 할 수 있어!",고정욱,꿈터,전자책,1195991444 ,아동,2023-03-10
4157,"아이큐 50 내 동생, 조반니",자코모 마차리올,걷는나무,전자책,8901213907 ,시/에세이,2023-03-10
4158,남다른 고사성어,박수미,다락원,전자책,8927746112 ,아동,2023-03-10
4159,초등 선생님이 뽑은 남다른 속담,박수미,다락원,전자책,892774635X,아동,2023-03-10
4160,우등생도 자꾸 헷갈리는 한글 띄어쓰기,장은주,다락원,전자책,8927746376 ,아동,2023-03-10
4161,한글 깨치는 비법 한깨비 한글 공부. 1,최승한,다락원,전자책,8927747011 ,유아,2023-03-10
4162,한글 깨치는 비법 한깨비 한글 공부. 2,최승한,다락원,전자책,892774702X,유아,2023-03-10
4163,한글 깨치는 비법 한깨비 한글 공부. 3,최승한,다락원,전자책,8927747038 ,유아,2023-03-10
4164,한글 깨치는 비법 한깨비 한글 공부. 4,최승한,다락원,전자책,8927747046 ,유아,2023-03-10
4165,한글 깨치는 비법 한깨비 한글 공부. 5,최승한,다락원,전자책,8927747054 ,유아,2023-03-10
4166,X표 하시오,조지영,문학과지성사,전자책,8932026327 ,아동,2023-03-10
4167,광대 달문,김영주,문학과지성사,전자책,8932027218 ,아동,2023-03-10
4168,격몽요결,이이,을유문화사,전자책,8932420688 ,인문/역사,2023-03-10
4169,좀머 씨 이야기,파트리크 쥐스킨트,열린책들,전자책,8932902623 ,소설,2023-03-10
4170,동물농장,조지 오웰,열린책들,전자책,8932909709 ,소설,2023-03-10
4171,까만 달걀,벼릿줄,샘터(샘터사),전자책,8946416076 ,아동,2023-03-10
4172,실패의 전문가들,정유리,샘터(샘터사),전자책,8946416238 ,아동,2023-03-10
4173,혜곡 최순우,이혜숙,샘터(샘터사),전자책,8946416416 ,아동,2023-03-10
4174,다리미야 세상을 주름 잡아라,임정진,샘터(샘터사),전자책,8946416432 ,유아,2023-03-10
4175,꿈짜면 곱빼기 주세요,하신하,샘터(샘터사),전자책,8946419172 ,아동,2023-03-10
4176,밭의 노래,이해인,샘터(샘터사),전자책,8946419202 ,유아,2023-03-10
4177,바람을 가르다,김혜온,샘터(샘터사),전자책,8946419296 ,아동,2023-03-10
4178,행운에 빠진 고동구,신채연,샘터(샘터사),전자책,8946472472 ,아동,2023-03-10
4179,생각이 크는 인문학. 3: 부,박민관,을파소,전자책,8950950375 ,아동,2023-03-10
4180,세계 명작을 발칵 뒤집은 어린이 로스쿨. 2: 세계 명작 편,유재원,아울북,전자책,8950953218 ,아동,2023-03-10
4181,한국사를 발칵 뒤집은 어린이 로스쿨. 3: 한국사,유재원,아울북,전자책,8950954524 ,아동,2023-03-10
4182,생각이 크는 인문학. 4: 도덕,박민관,을파소,전자책,8950954680 ,아동,2023-03-10
4183,생각이 크는 인문학. 5 : 마음,한기호,을파소,전자책,8950954699 ,아동,2023-03-10
4184,세계사를 발칵 뒤집은 어린이 로스쿨. 4: 세계사,유재원,아울북,전자책,8950955849 ,아동,2023-03-10
4185,뉴스를 발칵 뒤집은 어린이 로스쿨. 6: 뉴스 시사 편,유재원,아울북,전자책,8950958864 ,아동,2023-03-10
4186,생각이 크는 인문학. 7 감정,이지영,을파소,전자책,8950959399 ,아동,2023-03-10
4187,생각이 크는 인문학. 8 정의,서윤호,을파소,전자책,8950961040 ,아동,2023-03-10
4188,생각이 크는 인문학. 9 자유,이기규,을파소,전자책,8950961261 ,아동,2023-03-10
4189,헌법을 발칵 뒤집은 어린이 로스쿨. 7: 헌법 편,유재원,아울북,전자책,8950961350 ,아동,2023-03-10
4190,생각이 크는 인문학. 10: 생명,장성익,을파소,전자책,8950962772 ,아동,2023-03-10
4191,생각이 크는 인문학. 11: 심리학,강현식,을파소,전자책,8950963752 ,아동,2023-03-10
4192,생각이 크는 인문학. 12: 성평등,김보영,을파소,전자책,8950965356 ,아동,2023-03-10
4193,법과 사회를 배우는 어린이 로스쿨. 8: 종합 편,유재원,아울북,전자책,8950966425 ,아동,2023-03-10
4194,생각이 크는 인문학 6-역사,최경석,을파소,전자책,8950966719 ,아동,2023-03-10
4195,생각이 크는 인문학. 13: 헌법과 인권,김은식,을파소,전자책,8950967642 ,아동,2023-03-10
4196,사람 부자가 된 키라,최형미,을파소,전자책,8950968142 ,아동,2023-03-10
4197,생각이 크는 인문학. 14 음식,김종덕,을파소,전자책,8950973146 ,아동,2023-03-10
4198,생각이 크는 인문학. 15: 빅데이터,정용찬,을파소,전자책,8950973995 ,아동,2023-03-10
4199,무서워!,최형미,을파소,전자책,8950976803 ,아동,2023-03-10
4200,슬퍼!,최형미,을파소,전자책,8950976811 ,아동,2023-03-10
4201,키라의 감정학교. 4: 부끄러워!,최형미,을파소,전자책,895097682X,아동,2023-03-10
4202,키라의 감정학교. 5: 행복해!,최형미,을파소,전자책,8950976838 ,아동,2023-03-10
4203,"이사도라 문, 학교에 가다",해리엇 먼캐스터,을파소,전자책,8950977915 ,아동,2023-03-10
4204,이사도라 문. 3: 발레 공연을 보다,해리엇 먼캐스터,을파소,전자책,8950977931 ,아동,2023-03-10
4205,이사도라 문. 4: 생일 파티를 열다,해리엇 먼캐스터,을파소,전자책,895097794X,아동,2023-03-10
4206,이사도라 문. 5: 큰 사고를 치다,해리엇 먼캐스터,을파소,전자책,8950977958 ,아동,2023-03-10
4207,이사도라 문. 6: 오싹한 현장 학습을 가다,해리엇 먼캐스터,을파소,전자책,8950977966 ,아동,2023-03-10
4208,이사도라 문. 8: 놀이공원에 가다,해리엇 먼캐스터,을파소,전자책,8950977974 ,아동,2023-03-10
4209,지구를 지키는 자연 탐구 50,기엠 르사프르,아울북,전자책,895098122X,아동,2023-03-10
4210,생각이 크는 인문학. 16 : 우주 개발,엘랑,을파소,전자책,8950982110 ,아동,2023-03-10
4211,이사도라 문. 7: 겨울 마법을 펼치다,해리엇 먼캐스터,을파소,전자책,8950983877 ,아동,2023-03-10
4212,생각이 크는 인문학. 17: 미디어 리터러시,금준경,을파소,전자책,8950983974 ,아동,2023-03-10
4213,생각이 크는 인문학. 18: 노동,이수정,을파소,전자책,8950986191 ,아동,2023-03-10
4214,초등학생들이 가장 궁금해하는 경제 이야기 51(키라의 경제교실 1),송양민,을파소,전자책,8950990393 ,아동,2023-03-10
4215,알쏭달쏭 직업이야기 51,김한준,을파소,전자책,8950990946 ,아동,2023-03-10
4216,크게 외쳐,박현숙,살림어린이,전자책,8952215745 ,아동,2023-03-10
4217,귓속말 금지 구역,김선희,살림어린이,전자책,8952216423 ,아동,2023-03-10
4218,조선의 마지막 호랑이 왕대,김탁환,살림어린이,전자책,8952216482 ,아동,2023-03-10
4219,가족을 주문해 드립니다,한영미,살림어린이,전자책,8952228235 ,아동,2023-03-10
4220,유령 놀이,서화교,살림어린이,전자책,895222860X,아동,2023-03-10
4221,기억을 지워 주는 문방구,조규미,살림어린이,전자책,8952229827 ,아동,2023-03-10
4222,교과서에서 찾아낸 1학년 상식,양대승,계림닷컴,전자책,8953302773 ,아동,2023-03-10
4223,교과서에서 찾아낸 2학년 상식,양대승,계림닷컴,전자책,8953302781 ,아동,2023-03-10
4224,플랜더스의 개,위다,계림,전자책,8953308178 ,아동,2023-03-10
4225,한국대표 창작동화 1,마해송,계림,전자책,8953309913 ,아동,2023-03-10
4226,한국대표 창작동화 2,강소천,계림,전자책,8953309921 ,아동,2023-03-10
4227,한국대표 창작동화 3,이원수,계림,전자책,895330993X,아동,2023-03-10
4228,한국대표 창작동화 4,마해송,계림,전자책,8953309948 ,아동,2023-03-10
4229,한국대표 창작동화 5,방정환,계림,전자책,8953309956 ,아동,2023-03-10
4230,한국대표 창작동화 6,방정환,계림,전자책,8953309964 ,아동,2023-03-10
4231,한국대표 창작동화 7,현덕,계림닷컴,전자책,8953310180 ,아동,2023-03-10
4232,한국대표 창작동화 8,이원수,계림닷컴,전자책,8953310199 ,아동,2023-03-10
4233,한국대표 창작동화 9,마해송,계림닷컴,전자책,8953310202 ,아동,2023-03-10
4234,한국대표 창작동화 10,윤석중,계림닷컴,전자책,8953310210 ,아동,2023-03-10
4235,구운몽,주재우,계림,전자책,8953311284 ,아동,2023-03-10
4236,교과서에서 찾아낸 3학년 상식,양대승,계림북스,전자책,8953314135 ,아동,2023-03-10
4237,교과서에서 찾아낸 4학년 상식,양대승,계림북스,전자책,8953314143 ,아동,2023-03-10
4238,그림으로 보는 한국사. 1: 선사 시대부터 백제까지,최종순,계림북스,전자책,8953315433 ,아동,2023-03-10
4239,그림으로 보는 한국사. 2: 신라부터 발해까지,황은희,계림북스,전자책,8953315441 ,아동,2023-03-10
4240,그림으로 보는 한국사. 3: 고려 전기부터 고려 후기까지,유재광,계림북스,전자책,895331545X,아동,2023-03-10
4241,그림으로 보는 한국사. 4: 조선 전기부터 조선 후기까지,황은희,계림북스,전자책,8953315468 ,아동,2023-03-10
4242,그림으로 보는 한국사. 5: 조선의 개항부터 현대까지,황은희,계림북스,전자책,8953315476 ,아동,2023-03-10
4243,교과서에서 나온 이솝이야기,이솝,계림북스,전자책,8953329558 ,아동,2023-03-10
4244,오즈의 의류 수거함,유영민,자음과모음,전자책,8954430589 ,청소년,2023-03-10
4245,유럽 과학박물관 여행,장미경,자음과모음,전자책,8954436323 ,아동,2023-03-10
4246,내 가슴에 해마가 산다,김려령,문학동네,전자책,8954604048 ,아동,2023-03-10
4247,봉주르 뚜르,한윤섭,문학동네,전자책,8954612881 ,아동,2023-03-10
4248,그 사람을 본 적이 있나요,김려령,문학동네,전자책,895461454X,아동,2023-03-10
4249,해리엇,한윤섭,문학동네,전자책,895461504X,아동,2023-03-10
4250,열세 번째 아이,이은용,문학동네,전자책,8954617352 ,아동,2023-03-10
4251,시간 가게,이나영,문학동네,전자책,8954620264 ,아동,2023-03-10
4252,연어 연어 이야기,안도현,문학동네,전자책,8954623301 ,소설,2023-03-10
4253,벽란도의 비밀 청자,문영숙,문학동네,전자책,8954623654 ,아동,2023-03-10
4254,노잣돈 갚기 프로젝트,김진희,문학동네,전자책,8954634745 ,아동,2023-03-10
4255,나는 밥이 되고 싶습니다,김원석,그린북,전자책,8955882017 ,아동,2023-03-10
4256,"조선 소년 무걸, 무기를 만들다",이규희,그린북,전자책,8955883218 ,아동,2023-03-10
4257,독도 고래 외뿔이,장석주,킨더주니어,전자책,8956186375 ,아동,2023-03-10
4258,너도 잘 할수 있어,양태석,킨더랜드,전자책,8956186529 ,아동,2023-03-10
4259,네 꿈은 뭐니,백은영,이지북,전자책,8956244103 ,자기계발,2023-03-10
4260,사씨남정기,송종호,꿈소담이,전자책,895689471X,아동,2023-03-10
4261,미래를 지배한 빌 게이츠,김이진,자음과모음,전자책,8957076492 ,시/에세이,2023-03-10
4262,재미있는 발명 이야기,허정림,가나출판사,전자책,8957365842 ,아동,2023-03-10
4263,나는 인도 김씨 김수로,윤혜숙,사계절,전자책,8958287438 ,아동,2023-03-10
4264,바리데기 야야 내 딸이야 내가 버린 내 딸이야,신동흔,휴머니스트,전자책,8958626070 ,청소년,2023-03-10
4265,열 살에 꿈꾸면 좋을 것들,김태광,나무생각,전자책,8959372641 ,아동,2023-03-10
4266,창의적인 생각이 왜 세상을 바꿀까,박상민,나무생각,전자책,8959373427 ,아동,2023-03-10
4267,왜 세상에는 가난한 사람과 부자가 있을까요,김상규,어린이나무생각,전자책,8959373478 ,아동,2023-03-10
4268,열 살에 꼭 알아야 할 한국사,김영호,나무생각,전자책,8959373613 ,아동,2023-03-10
4269,투명한 아이,안미란,나무생각,전자책,895937394X,아동,2023-03-10
4270,교과서 속 생활 과학 이야기,책빛 편집부,책빛,전자책,8962191075 ,아동,2023-03-10
4271,사랑에 대한 작은 책,울프 스타르크,책빛,전자책,8962192543 ,아동,2023-03-10
4272,시골 쥐와 도시 쥐,카트린 셰러,책빛,전자책,8962192780 ,아동,2023-03-10
4273,자유의 여신상의 오른발,데이브 에거스,책빛,전자책,8962192926 ,아동,2023-03-10
4274,그래서 이런 법이 생겼대요,우리누리,길벗스쿨,전자책,8962223791 ,아동,2023-03-10
4275,그래서 이런 지명이 생겼대요,우리누리,길벗스쿨,전자책,8962223805 ,아동,2023-03-10
4276,그래서 이런 명화가 생겼대요,우리누리,길벗스쿨,전자책,896222528X,아동,2023-03-10
4277,그래서 이런 경제가 생겼대요,우리누리,길벗스쿨,전자책,896222593X,아동,2023-03-10
4278,"두 얼굴의 에너지, 원자력",김성호,길벗스쿨,전자책,8962229382 ,아동,2023-03-10
4279,평생 도움 초등 독서법,사이토 다카시,위즈덤하우스,전자책,8962471736 ,아동,2023-03-10
4280,멸치 똥,권영상,위즈덤하우스,전자책,8962471809 ,아동,2023-03-10
4281,이웃집에는 어떤 가족이 살까,유다정,위즈덤하우스,전자책,8962473488 ,아동,2023-03-10
4282,나는 커서 어떤 일을 할까,양지안,스콜라,전자책,8962473755 ,아동,2023-03-10
4283,고물상 할아버지와 쓰레기 특공대,김미애,스콜라,전자책,8962473828 ,아동,2023-03-10
4284,나는 내가 참 예뻐,박혜숙,스콜라,전자책,896247395X,아동,2023-03-10
4285,미움 일기장,장희정,위즈덤하우스,전자책,8962474042 ,아동,2023-03-10
4286,깜깜 마녀는 안전을 너무 몰라,김은의,위즈덤하우스,전자책,8962475022 ,아동,2023-03-10
4287,내 마음대로 규칙,김미애,위즈덤하우스,전자책,8962475103 ,아동,2023-03-10
4288,나도 끝까지 할거야!,김정신,스콜라,전자책,8962476142 ,아동,2023-03-10
4289,햇빛은 얼마일까?,김바다,스콜라,전자책,896247655X,아동,2023-03-10
4290,무지개 도시를 만드는 초록 슈퍼맨,김영숙,위즈덤하우스,전자책,8962476681 ,아동,2023-03-10
4291,손으로 말하는 아이,상드린 보,스콜라,전자책,8962477815 ,아동,2023-03-10
4292,가정 통신문 소동,송미경,위즈덤하우스,전자책,8962478145 ,아동,2023-03-10
4293,발자국 아이,이나영,스콜라,전자책,896247848X,유아,2023-03-10
4294,우리는 언제나 다시 만나,윤여림,위즈덤하우스,전자책,896247851X,유아,2023-03-10
4295,3초 다이빙,정진호,위즈덤하우스,전자책,8962479001 ,아동,2023-03-10
4296,무명천 할머니,정란희,위즈덤하우스,전자책,8962479087 ,아동,2023-03-10
4297,내 꿈은 슈퍼마켓 주인!,쉐르민 야샤르,위즈덤하우스,전자책,896247915X,아동,2023-03-10
4298,내 이름은 십민준,이송현,스콜라,전자책,8962479249 ,아동,2023-03-10
4299,옆집이 수상해,양지안,스콜라,전자책,8962479591 ,아동,2023-03-10
4300,똥 밟아 봤어?,장영복,스콜라,전자책,8962479648 ,아동,2023-03-10
4301,마지막 아이들,최정금,해와나무,전자책,8962681250 ,아동,2023-03-10
4302,이웃집 통구,강정연,해와나무,전자책,896268134X,아동,2023-03-10
4303,9.0의 비밀,조규미,해와나무,전자책,8962681366 ,아동,2023-03-10
4304,보름달숲에서 생긴 일,최은옥,해와나무,전자책,8962681439 ,아동,2023-03-10
4305,동생을 데리고 미술관에 갔어요,박현경,해와나무,전자책,8962681471 ,아동,2023-03-10
4306,1764 비밀의 책,조경숙,해와나무,전자책,8962681498 ,아동,2023-03-10
4307,정정당당 선거,이여니,과학동아북스,전자책,8962860775 ,아동,2023-03-10
4308,함께 사는 로봇,김진욱,과학동아북스,전자책,8962860929 ,아동,2023-03-10
4309,지켜라 멸종 위기의 동식물,백은영,과학동아북스,전자책,8962861194 ,아동,2023-03-10
4310,좋아 나빠 인터넷과 스마트폰,이안,과학동아북스,전자책,8962861240 ,아동,2023-03-10
4311,콜록콜록 오늘의 황사 뉴스,묘리,과학동아북스,전자책,8962861259 ,아동,2023-03-10
4312,너도 나도 똑같이 생명존중,인현진,과학동아북스,전자책,8962861380 ,아동,2023-03-10
4313,숙종 임금님과 고양이,노경실,단비어린이,전자책,8963011364 ,아동,2023-03-10
4314,달빛 마신 소녀,켈리 반힐,양철북,전자책,8963722325 ,아동,2023-03-10
4315,초등학생을 위한 개념 과학 150,정윤선,바이킹,전자책,8964943457 ,아동,2023-03-10
4316,세빈아 오늘은 어떤법을 만났니,신주영,토토북,전자책,8964960580 ,아동,2023-03-10
4317,지도는 보는게 아니야 읽는 거지,김향금,토토북,전자책,8964960769 ,아동,2023-03-10
4318,100년 전 우리는,김영숙,토토북,전자책,896496120X,아동,2023-03-10
4319,우리 집 텃밭에 놀러 와요,이현진,토토북,전자책,8964961803 ,아동,2023-03-10
4320,엘 데포,시시 벨,밝은미래,전자책,896546238X,아동,2023-03-10
4321,짜증방,소중애,거북이북스,전자책,8966071007 ,아동,2023-03-10
4322,앞을 못 보는 우리 누나,노루궁뎅이 창작교실,노루궁뎅이,전자책,8967652216 ,아동,2023-03-10
4323,큰 머리 선생님은 조금 다를 뿐이야,잔 타보니 미제라지,개암나무,전자책,896830016X,아동,2023-03-10
4324,버럭 왕은 사랑받을 수 있을까,알랭 시슈,개암나무,전자책,8968300208 ,아동,2023-03-10
4325,그냥 포기하고 말까,장지혜,개암나무,전자책,8968300402 ,아동,2023-03-10
4326,행복을 싣고 가는 오토바이,임영화,개암나무,전자책,8968300542 ,아동,2023-03-10
4327,좋은 말로 할 수 있잖아!,김은중,개암나무,전자책,8968301034 ,아동,2023-03-10
4328,다 가져도 모자란다고?,김은의,개암나무,전자책,8968301212 ,아동,2023-03-10
4329,나는 수요일의 소녀입니다,안미란,개암나무,전자책,8968301425 ,아동,2023-03-10
4330,스마트폰과 절교한 날,유순희,개암나무,전자책,8968301840 ,아동,2023-03-10
4331,긴긴 겨울잠에 폭 빠진 동물들,미셸 프란체스코니,개암나무,전자책,8968301883 ,아동,2023-03-10
4332,역사가 된 팔만 개의 나무 글자,김해등,개암나무,전자책,8968302065 ,아동,2023-03-10
4333,피자 선거,임지형,개암나무,전자책,8968302669 ,아동,2023-03-10
4334,딴지 가족,김하늬,개암나무,전자책,8968303797 ,아동,2023-03-10
4335,세상에서 가장 슬픈 금메달,김해등,개암나무,전자책,8968303819 ,아동,2023-03-10
4336,우주 개발이 뭐예요,피에르 프랑수아 무리오,개암나무,전자책,8968304742 ,아동,2023-03-10
4337,아주 특별한 책 잔치,최은영,개암나무,전자책,8968304882 ,아동,2023-03-10
4338,내일을 바꾸는 사회 참여,강로사,개암나무,전자책,8968305048 ,아동,2023-03-10
4339,고구려를 아로새긴 비석,김일옥,개암나무,전자책,8968305064 ,아동,2023-03-10
4340,청동기 시대를 간직한 바위 무덤,강효미,개암나무,전자책,8968305072 ,아동,2023-03-10
4341,법을 아는 어린이가 리더가 된다,김숙분,가문비,전자책,8969020012 ,아동,2023-03-10
4342,청계천 다리에 숨어 있는 500년 조선 이야기,김숙분,가문비,전자책,8969021000 ,아동,2023-03-10
4343,황금고래와의 인터뷰,김이삭,가문비어린이,전자책,8969021035 ,아동,2023-03-10
4344,사람들의 생명을 위협하는 전염병 이야기,신현배,가문비어린이,전자책,8969021353 ,아동,2023-03-10
4345,나는 앨버트로스다,조소정,가문비어린이,전자책,8969022236 ,아동,2023-03-10
4346,"아빠, 마케팅이 뭐예요",심윤섭,예문당,전자책,8970015736 ,경제경영,2023-03-10
4347,바람의 딸 우리 땅에 서다,한비야,푸른숲,전자책,8971844752 ,여행/취미,2023-03-10
4348,나는 둥그배미야,김용택,푸른숲,전자책,8971846178 ,아동,2023-03-10
4349,생각 깨우기,이어령,푸른숲,전자책,8971846224 ,아동,2023-03-10
4350,너 정말 우리말 아니,이어령,푸른숲,전자책,8971846259 ,아동,2023-03-10
4351,멀쩡한 이유정,유은실,푸른숲,전자책,8971846275 ,아동,2023-03-10
4352,초록 눈 코끼리,강정연,푸른숲주니어,전자책,8971846526 ,아동,2023-03-10
4353,속 좁은 아빠,김남중,푸른숲주니어,전자책,8971846577 ,아동,2023-03-10
4354,버들붕어 하킴,박윤규,푸른숲주니어,전자책,8971846585 ,아동,2023-03-10
4355,서찰을 전하는 아이,한윤섭,푸른숲주니어,전자책,897184664X,아동,2023-03-10
4356,지도 밖으로 행군하라. 1,한비야,푸른숲주니어,전자책,8971846682 ,아동,2023-03-10
4357,지도 밖으로 행군하라. 2,한비야,푸른숲주니어,전자책,8971846690 ,아동,2023-03-10
4358,첩자가 된 아이,김남중,푸른숲주니어,전자책,8971846704 ,아동,2023-03-10
4359,왕자 융과 사라진 성,박효미,푸른숲주니어,전자책,8971846798 ,아동,2023-03-10
4360,안녕 태극기,박윤규,푸른숲주니어,전자책,8971849371 ,아동,2023-03-10
4361,오월의 달리기,김해원,푸른숲주니어,전자책,8971849738 ,아동,2023-03-10
4362,마당을 나온 암탉,황선미,사계절,전자책,8971968710 ,아동,2023-03-10
4363,백범일지,김구,돌베개,전자책,8971992255 ,시/에세이,2023-03-10
4364,허생전 양반전(새롭게읽는좋은우리고전 2),초록글연구회 엮음,청솔,전자책,8972231770 ,아동,2023-03-10
4365,목민심서(새롭게 읽는 좋은 우리고전 7),초록글연구회 엮음,청솔,전자책,8972231924 ,아동,2023-03-10
4366,엄마를 화나게 하는 10가지 방법,실비 드 마튀이시왹스,어린이작가정신,전자책,8972886211 ,유아,2023-03-10
4367,브레멘 음악대,그림 형제,어린이작가정신,전자책,8972886335 ,유아,2023-03-10
4368,밥 넬리 교수의 작은 원숭이 쇼티,안드레아 헨스겐,어린이작가정신,전자책,8972887196 ,아동,2023-03-10
4369,7년 동안의 잠,박완서,어린이작가정신,전자책,8972887684 ,유아,2023-03-10
4370,심술쟁이 내 동생 싸게 팔아요,다니엘르 시마르,어린이작가정신,전자책,8972889172 ,아동,2023-03-10
4371,내가 좋아하는 것,민느,어린이작가정신,전자책,8972889253 ,아동,2023-03-10
4372,용감한 줄리,질 티보,작가정신,전자책,8972889326 ,아동,2023-03-10
4373,이 세상에 태어나길 참 잘했다,박완서,어린이작가정신,전자책,8972889393 ,아동,2023-03-10
4374,복실이네 가족사진,노경실,어린이작가정신,전자책,8972889636 ,아동,2023-03-10
4375,우동 한 그릇,구리 료헤이,청조사,전자책,8973223615 ,아동,2023-03-10
4376,쿵쿵이의 대단한 습관 이야기,허은미,풀빛,전자책,8974740834 ,아동,2023-03-10
4377,행복으로 이끄는 황금 나침반,김영숙,풀빛,전자책,8974741008 ,아동,2023-03-10
4378,내 다리가 부러진 날,이승민,풀빛,전자책,8974741318 ,아동,2023-03-10
4379,둥글둥글 지구촌 수도 이야기,박신식,풀빛,전자책,8974741849 ,아동,2023-03-10
4380,얘들아 정말 방송국에서 일하고 싶니,정윤경,풀빛,전자책,8974741857 ,아동,2023-03-10
4381,내가 잘못하면 왜 엄마가 혼나요,최영갑,풀빛,전자책,897474208X,아동,2023-03-10
4382,꿈을 찾아 주는 마법 카메라,이서윤,풀빛,전자책,8974742519 ,아동,2023-03-10
4383,둥글둥글 지구촌 학교 이야기,안선모,풀빛,전자책,8974742802 ,아동,2023-03-10
4384,행복한 청소부,모니카 페트,풀빛,전자책,8974742950 ,아동,2023-03-10
4385,1등 했는데 왜 훌륭한 사람이 아니에요,조경구,풀빛,전자책,8974743000 ,아동,2023-03-10
4386,둥글둥글 지구촌 지리 이야기,박신식,풀빛,전자책,8974744627 ,아동,2023-03-10
4387,찌푸린 지구의 얼굴 지구 온난화의 비밀,허창회,풀빛,전자책,8974746360 ,아동,2023-03-10
4388,둥글둥글 지구촌 축제 이야기,정인수,풀빛,전자책,8974746743 ,아동,2023-03-10
4389,장바구니는 왜 엄마를 울렸을까,석혜원,풀빛,전자책,8974747006 ,아동,2023-03-10
4390,환경에도 정의가 필요해,장성익,풀빛,전자책,8974747561 ,인문/역사,2023-03-10
4391,애벌레의 모험,이름가르트 루흐트,풀빛,전자책,8974749084 ,유아,2023-03-10
4392,지구의 마법사 공기,허창회 외,풀빛,전자책,8974749203 ,아동,2023-03-10
4393,생각을 모으는 사람,모니카 페트,풀빛,전자책,8974749246 ,유아,2023-03-10
4394,둥글둥글 지구촌 인권 이야기,신재일,풀빛,전자책,8974749483 ,아동,2023-03-10
4395,날씨를 바꾸는 요술쟁이 바람,허창회,풀빛,전자책,8974749688 ,아동,2023-03-10
4396,보신탕집 물결이의 비밀,강다민,내일을여는책,전자책,897746045X,아동,2023-03-10
4397,사라진 슬기와 꿀벌 도시,임어진,내일을여는책,전자책,8977460832 ,아동,2023-03-10
4398,동화로 읽는 세계의 문화. 1: 아시아편,한정영,가교,전자책,8977771803 ,아동,2023-03-10
4399,글짓기는 가나다(설명문),한국소설대학 엮음,자유지성사,전자책,8979970633 ,아동,2023-03-10
4400,글짓기는 가나다(논설문),한국소설대학 엮음,자유지성사,전자책,8979970641 ,아동,2023-03-10
4401,또야 너구리가 기운 바지를 입었어요,권정생,우리교육,전자책,8980401000 ,아동,2023-03-10
4402,말더듬이 원식이(쑥쑥문고 8),김일광,우리교육,전자책,8980405081 ,아동,2023-03-10
4403,별님동무 고기동무(쑥쑥문고 16),이주영,우리교육,전자책,8980405162 ,아동,2023-03-10
4404,몰라쟁이 엄마,이태준,우리교육,전자책,8980405421 ,아동,2023-03-10
4405,김금이 우리 누나,장경선,우리교육,전자책,8980405847 ,아동,2023-03-10
4406,못생긴 열매가 더 맛있단다,송재찬,우리교육,전자책,8980407289 ,아동,2023-03-10
4407,점자로 세상을 열다,이미경,우리교육,전자책,8980407297 ,아동,2023-03-10
4408,말과 글은 얼굴이야,임어진,우리교육,전자책,8980407394 ,아동,2023-03-10
4409,좁쌀 한 알에도 우주가 담겨 있단다,김선미,우리교육,전자책,8980407424 ,아동,2023-03-10
4410,장님 강아지 (힘찬문고 24),손창섭,우리교육,전자책,8980408307 ,아동,2023-03-10
4411,수일이와 수일이(힘찬문고 26),김우경,우리교육,전자책,8980408331 ,아동,2023-03-10
4412,받은 편지함,남찬숙,우리교육,전자책,8980408447 ,아동,2023-03-10
4413,어린이 저작권 교실,임채영,산수야,전자책,8980972261 ,아동,2023-03-10
4414,꼬마 니콜라,르네 고시니,문학동네,전자책,8982812407 ,소설,2023-03-10
4415,전기야 네가 필요해,김형주,영교출판,전자책,8983894520 ,아동,2023-03-10
4416,지도 없이 떠나는 101일간의 한국의 왕,박영수,영교출판,전자책,8983894598 ,아동,2023-03-10
4417,지도 없이 떠나는 101일간의 음식의 세계사,박영수,영교출판,전자책,8983894784 ,아동,2023-03-10
4418,어린이 인문학,조승연,세종주니어,전자책,8984079006 ,아동,2023-03-10
4419,생각하는 ㄱㄴㄷ,이지원,논장,전자책,8984140767 ,유아,2023-03-10
4420,생각하는 1 2 3,이보나 흐미엘레프스카,논장,전자책,8984141003 ,유아,2023-03-10
4421,문제가 생겼어요,이보나 흐미엘레프스카,논장,전자책,8984141283 ,유아,2023-03-10
4422,샤워하는 올빼미,진 크레이그헤드 조지,논장,전자책,898414150X,아동,2023-03-10
4423,인간의 오랜 친구 개,김황,논장,전자책,8984141593 ,아동,2023-03-10
4424,산에 가면 산나물 들에 가면 들나물,오현식,논장,전자책,8984141755 ,아동,2023-03-10
4425,동물의 대이동,김황,논장,전자책,8984141798 ,아동,2023-03-10
4426,우리 세상의 기호들,유다정,논장,전자책,8984142573 ,아동,2023-03-10
4427,사람은 왜 꾸미는 걸까?,정해영,논장,전자책,8984142638 ,아동,2023-03-10
4428,용감한 닭과 초록 행성 외계인,앤 파인,논장,전자책,8984142891 ,아동,2023-03-10
4429,고릴라에게서 평화를 배우다,김황,논장,전자책,898414309X,아동,2023-03-10
4430,도토리 사용 설명서,공진하,한겨레아이들,전자책,8984317969 ,아동,2023-03-10
4431,플레이 볼,이현,한겨레아이들,전자책,8984319856 ,아동,2023-03-10
4432,우리 조상들의 의식주 이야기,표시정,다산교육,전자책,8987895424 ,아동,2023-03-10
4433,과학 에세이,아이작 아시모프,아름다운날,전자책,8989354803 ,과학/공학,2023-03-10
4434,톨스토이 단편선,톨스토이,거인,전자책,8990332508 ,아동,2023-03-10
4435,조선왕실의 보물 의궤,유지현,토토북,전자책,8990611725 ,아동,2023-03-10
4436,내가 조금 불편하면 세상은 초록이 돼요,김소희,토토북,전자책,8990611733 ,아동,2023-03-10
4437,한국사 여행기,한예찬,가문비어린이,전자책,8991980937 ,아동,2023-03-10
4438,하리하라의 세포 여행,이은희,봄나무,전자책,8992026064 ,아동,2023-03-10
4439,숫자의 발명,안나 체라솔리,봄나무,전자책,899202696X,아동,2023-03-10
4440,티라노 초등학교,서지원,키다리,전자책,8992365667 ,아동,2023-03-10
4441,발표왕 나가신다,서지원,키다리,전자책,8992365713 ,아동,2023-03-10
4442,꼬마 사서 두보,양연주,키다리,전자책,8992365829 ,아동,2023-03-10
4443,봄이 좋아,최형미,키다리,전자책,8992365934 ,아동,2023-03-10
4444,에너지 버스. 2,존 고든,쌤앤파커스,전자책,8992647549 ,자기계발,2023-03-10
4445,놀기 대장 1학년 한동주,윤수천,아이앤북,전자책,8992830467 ,아동,2023-03-10
4446,양성평등 이야기,이해진,파라주니어,전자책,8993212457 ,아동,2023-03-10
4447,알래스카의 썰매타는 아이,조안 벨,파라주니어,전자책,899321249X,소설,2023-03-10
4448,아이들이 꿈꾸는 세상,가스 선뎀,파라주니어,전자책,8993212538 ,아동,2023-03-10
4449,히말라야를 넘어 자유를 찾아,닉그레이,파라주니어,전자책,8993212635 ,아동,2023-03-10
4450,어린이를 위한 인권이야기,이해진,파라주니어,전자책,8993212651 ,아동,2023-03-10
4451,철가방을 든 천사,엄광용,북오션,전자책,8993662630 ,아동,2023-03-10
4452,내 마음에게 물어봐요,박남희,종이책,전자책,8994149236 ,아동,2023-03-10
4453,다시 찾은 친구,카트리네 마리에 굴다게르,책속물고기,전자책,8994621172 ,아동,2023-03-10
4454,못생긴 씨앗 하나,질 아비에,책속물고기,전자책,8994621199 ,아동,2023-03-10
4455,굿바이 타임피아,정유리,책속물고기,전자책,899462144X,아동,2023-03-10
4456,행복을 만드는 우리 동네 발명가,린스런,책속물고기,전자책,8994621695 ,아동,2023-03-10
4457,잔소리 로봇,김아로미,파란정원,전자책,899481373X,아동,2023-03-10
4458,에너지 버스,존 고든,쌤앤파커스,전자책,8995881658 ,자기계발,2023-03-10
4459,까칠한 재석이가 사라졌다,고정욱,애플북스,전자책,8996147443 ,소설,2023-03-10
4460,왜 욕하면 안 되나요,김태광,참돌어린이,전자책,8996707430 ,아동,2023-03-10
4461,무지개 만나러 가자,노루궁뎅이 창작교실,노루궁뎅이,전자책,8996751340 ,아동,2023-03-10
4462,신나는 요리 대회,노루궁뎅이 창작교실,노루궁뎅이,전자책,8996751375 ,아동,2023-03-10
4463,가을을 파는 마법사,노루궁뎅이 창작교실,노루궁뎅이,전자책,8996751383 ,아동,2023-03-10
4464,다문화 백과사전,채인선,한권의책,전자책,8996877743 ,아동,2023-03-10
4465,옳을 수도 있고 그를 수도 있지,댄 바커,지식공간,전자책,8997142259 ,아동,2023-03-10
4466,꿈 성장판이 열렸어요,최영미,고래가숨쉬는도서관,전자책,8997165593 ,아동,2023-03-10
4467,기차 할머니,파울 마르,책내음,전자책,8997357263 ,아동,2023-03-10
4468,나무는 숲을 기억해요,로시오 마르티네스,노란상상,전자책,8997367080 ,아동,2023-03-10
4469,그러니까 경제가 필요해,석혜원,노란상상,전자책,8997367358 ,아동,2023-03-10
4470,꿈꾸는 고래 아이딘,조르디 시에라 이 파브라,노란상상,전자책,8997367366 ,아동,2023-03-10
4471,왜 인사해야 돼?,엘리센다 로카,노란상상,전자책,8997367501 ,유아,2023-03-10
4472,그러니까 과학이 필요해,함석진,노란상상,전자책,8997367757 ,아동,2023-03-10
4473,유물로 보는 새로운 역사,오명숙,아이앤북,전자책,8997430114 ,아동,2023-03-10
4474,지리로 지구 한 바퀴,허운주,아이앤북,전자책,8997430394 ,아동,2023-03-10
4475,마음을 배달하는 아이,장은영,아이앤북,전자책,8997430513 ,아동,2023-03-10
4476,열두 살의 모나리자,임지형,아이앤북,전자책,8997430599 ,아동,2023-03-10
4477,왜 차별하면 안 되나요,조지혜,참돌어린이,전자책,8997592106 ,아동,2023-03-10
4478,왜 욕심부리면 안 되나요,배소미,참돌어린이,전자책,8997592211 ,아동,2023-03-10
4479,왜 생태계가 파괴되면 안 되나요,채화영,참돌어린이,전자책,8997592238 ,아동,2023-03-10
4480,어린이를 위한 디테일의 힘,김현태,참돌어린이,전자책,8997592467 ,아동,2023-03-10
4481,어린이 인문학 여행. 1: 신화 미술 천문학 철학 편,노경실,생각하는책상,전자책,8997943073 ,아동,2023-03-10
4482,선생님이 들려주는 분쟁이야기. 1: 한반도 아시아,박신식,생각하는책상,전자책,899794309X,아동,2023-03-10
4483,어린이 인문학 여행. 2: 음악 문학 심리학 환경편,노경실,생각하는책상,전자책,8997943103 ,아동,2023-03-10
4484,선생님이 들려주는 분쟁이야기. 3,차은숙,생각하는책상,전자책,8997943154 ,아동,2023-03-10
4485,분쟁이야기. 2 아시아 유럽,차은숙,생각하는책상,전자책,8997943162 ,아동,2023-03-10
4486,어린이 인문학 여행. 3,노경실,생각하는책상,전자책,8997943170 ,아동,2023-03-10
4487,욕대장,박현숙,생각하는책상,전자책,8997943197 ,아동,2023-03-10
4488,글쓰기 대장 나가신다!,윤영선,생각하는책상,전자책,8997943561 ,아동,2023-03-10
4489,바다를 병들게 하는 플라스틱,시르스티 블롬,생각하는책상,전자책,8997943588 ,아동,2023-03-10
4490,땅속을 뚫고 들어간 돼지,백명식,내인생의책,전자책,8997980092 ,아동,2023-03-10
4491,같을까? 다를까? 개구리와 도롱뇽,안은영,천개의바람,전자책,899798490X,아동,2023-03-10
4492,두려움을 담는 봉투,질 티보,천개의바람,전자책,8997984918 ,아동,2023-03-10
4493,다문화 친구 민이가 뿔났다,한화주,팜파스,전자책,8998537036 ,아동,2023-03-10
4494,스마트폰이 먹어 치운 하루,서영선,팜파스,전자책,8998537117 ,아동,2023-03-10
4495,말과 글에도 주인이 있어요,장보람,팜파스,전자책,8998537222 ,아동,2023-03-10
4496,날씬해지고 말 거야!,최형미,팜파스,전자책,8998537583 ,아동,2023-03-10
4497,말과 글이 친구를 아프게 해요,박서진,팜파스,전자책,8998537648 ,아동,2023-03-10
4498,나랑만 친구해!,한현주,팜파스,전자책,8998537672 ,아동,2023-03-10
4499,조금만 불편하면 지구가 안 아파요,김경선,팜파스,전자책,8998537702 ,아동,2023-03-10
4500,수줍어하는 게 어때서!,최형미,팜파스,전자책,8998537729 ,아동,2023-03-10
4501,"햄버거랑 피자랑, 맛있는 것만 먹을래!",박현숙,팜파스,전자책,8998537826 ,아동,2023-03-10
4502,내가 이기적이라고?!,한화주,팜파스,전자책,8998537869 ,아동,2023-03-10
4503,거짓말이 눈덩이처럼 커져 버렸어!,최형미,팜파스,전자책,8998537877 ,아동,2023-03-10
4504,아이 러브 아시아 - 베트남:꾀꼬리 소녀 떰,황금물고기,교학사,전자책,D130101120,아동,2023-03-10
4505,아이 러브 아시아 - 캄보디아:궁전 안의 고양이와 궁전 밖의 개,황금물고기,교학사,전자책,D130101190,아동,2023-03-10
4506,아이 러브 아시아 -라오스:공작 깃털 옷을 입은 공주,황금물고기,교학사,전자책,D130101210,아동,2023-03-10
4507,아이 러브 아시아 - 타이:용의 후손 루엉,황금물고기,교학사,전자책,D130101600,아동,2023-03-10
4508,아이 러브 아시아 - 인도네시아:지팡이가 만든 발리 해협,황금물고기,교학사,전자책,D130204880,아동,2023-03-10
4509,아이 러브 아시아 -필리핀:뱃속에 들어간 악마,황금물고기,교학사,전자책,D130307050,아동,2023-03-10
4510,아이 러브 아시아 -말레이시아:무덤 속에서 나온 아이,황금물고기,교학사,전자책,D130307060,아동,2023-03-10
4511,아이 러브 아시아 -중국:순 임금님과 두 아내,황금물고기,교학사,전자책,D130406480,아동,2023-03-10
4512,아이 러브 아시아 -인도:앵무새 힘슉,황금물고기,교학사,전자책,D130406490,아동,2023-03-10
4513,아이 러브 아시아 -터키:말의 딸,황금물고기,교학사,전자책,D130406500,아동,2023-03-10
4514,아이 러브 아시아 -한국:아기장수 우뚜리,황금물고기,교학사,전자책,D130407000,아동,2023-03-10
4515,아이 러브 아시아 -일본:땅 속 나라에 간 화가,황금물고기,교학사,전자책,D130407010,아동,2023-03-10
4516,아이 러브 아시아 -몽골:울란바토르 이야기,황금물고기,교학사,전자책,D130409120,아동,2023-03-10
4517,아이 러브 아시아 -이란:대머리 핫산,황금물고기,교학사,전자책,D130410740,아동,2023-03-10
4518,"나쁜버릇, 내일부터 고칠게요",박현숙,팜파스,전자책,D151100960,소설,2023-03-10
4519,만년샤쓰,방정환,달빛책방,전자책,D191100920,청소년,2023-03-10
4520,고추장 작은 단지를 보내니,박지원,돌베개,전자책,KPC1992115,인문/역사,2023-03-10
4521,두 여자의 셀프 인테리어,김정희,시대인,전자책,1125434244 ,가정/생활/요리,2023-03-10
4522,침입자들,정혁용,다산책방,전자책,1130629031 ,소설,2023-03-10
4523,어둠의 눈,딘 쿤츠,다산책방,전자책,1130629341 ,소설,2023-03-10
4524,절제의 기술,스벤 브링크만,다산초당,전자책,113062935X,인문/역사,2023-03-10
4525,천년의 수업,김헌,다산북스,전자책,1130629457 ,인문/역사,2023-03-10
4526,나의 할머니에게,윤성희,다산책방,전자책,1130629619 ,소설,2023-03-10
4527,애쓰지 않고 편안하게,김수현,놀,전자책,1130629635 ,시/에세이,2023-03-10
4528,마켓컬리 인사이트,김난도,다산북스,전자책,1130629732 ,경제경영,2023-03-10
4529,듣고 싶은 말을 했더니 잘 풀리기 시작했다,하라 구니오,유영,전자책,1130629805 ,자기계발,2023-03-10
4530,말 잘하는 사람은 잡담부터 합니다,요시다 유코,다산북스,전자책,113063003X,자기계발,2023-03-10
4531,유쾌함의 기술,앤서니 T. 디베네뎃,다산초당,전자책,1130630099 ,인문/역사,2023-03-10
4532,더 원,존 마스,다산책방,전자책,1130630129 ,소설,2023-03-10
4533,정아에 대해 말하자면,김현진,다산책방,전자책,1130630145 ,소설,2023-03-10
4534,2050 거주불능 지구,데이비드 월러스 웰즈,추수밭,전자책,1155401654 ,정치/사회,2023-03-10
4535,하늘을 달리는 아이,제리 스피넬리,다른,전자책,115633277X,아동,2023-03-10
4536,그녀는 증인의 얼굴을 하고 있었다,피터 스완슨,푸른숲,전자책,115675822X,소설,2023-03-10
4537,그냥 좀 괜찮아지고 싶을 때,이두형,심심,전자책,1156758270 ,인문/역사,2023-03-10
4538,협력의 역설,애덤 카헤인,메디치미디어,전자책,1157061990 ,정치/사회,2023-03-10
4539,영어를 해석하지 않고 읽는 법,황준,동양북스,전자책,1157685242 ,국어/외국어,2023-03-10
4540,최후의 탐험대,은이결,키다리,전자책,1157851959 ,아동,2023-03-10
4541,늑대를 잡으러 간 빨간 모자,미니 그레이,모래알,전자책,1157852157 ,유아,2023-03-10
4542,나이 들지 않는 절대 원칙,안지현,비타북스,전자책,1158463243 ,건강/의학,2023-03-10
4543,"그 증상, 등 스트레칭이 해결해드립니다",요시다 가요,비타북스,전자책,1158463278 ,건강/의학,2023-03-10
4544,코로나 이후의 세계,제이슨 솅커,미디어숲,전자책,1158740751 ,경제경영,2023-03-10
4545,살인자의 사랑법,마이크 오머,북로드,전자책,1158791291 ,소설,2023-03-10
4546,툭하면 기분 나빠지는 나에게,팀 로마스,책세상,전자책,1159314640 ,인문/역사,2023-03-10
4547,무엇이 인간을 만드는가,제롬 케이건,책세상,전자책,1159314691 ,인문/역사,2023-03-10
4548,젊어서도 없던 체력 나이 들어 생겼습니다,브루스 그리어슨,해의시간,전자책,1159314845 ,건강/의학,2023-03-10
4549,작은 기쁨 채집 생활,김혜원,인디고(글담),전자책,1159350663 ,시/에세이,2023-03-10
4550,"그녀, 클로이",마르크 레비,작가정신,전자책,1160261644 ,소설,2023-03-10
4551,인스타그램에는 절망이 없다,정지우,한겨레출판사,전자책,1160403406 ,정치/사회,2023-03-10
4552,우리 각자의 미술관,최혜진,휴머니스트,전자책,1160803838 ,예술/대중문화,2023-03-10
4553,공부보다 공부그릇,심정섭,더디퍼런스,전자책,1161252444 ,가정/생활/요리,2023-03-10
4554,엄마니까 느끼는 감정,정우열,서랍의날씨,전자책,1161691146 ,가정/생활/요리,2023-03-10
4555,"힘들 때, 지칠 때",유진 T. 젠들린,팬덤북스,전자책,1161691189 ,인문/역사,2023-03-10
4556,"열 살, 논어를 만나다",한영희,나무생각,전자책,1162181044 ,아동,2023-03-10
4557,부모가 된다는 것,스베냐 플라스푈러,나무생각,전자책,1162181060 ,가정/생활/요리,2023-03-10
4558,선물주는산타의 주식투자 시크릿,선물주는산타,비즈니스북스,전자책,1162541393 ,경제경영,2023-03-10
4559,전쟁의 미래,로렌스 프리드먼,비즈니스북스,전자책,1162541539 ,인문/역사,2023-03-10
4560,방과 후,히가시노 게이고,소미미디어,전자책,1163898074 ,소설,2023-03-10
4561,한중록(1795년 오리지널 초판본 표지디자인),혜경궁 홍씨,더스토리,전자책,1164452320 ,소설,2023-03-10
4562,코로나 경제 전쟁,폴 크루그먼,매일경제신문사,전자책,1164841092 ,경제경영,2023-03-10
4563,숙명,히가시노 게이고,소미미디어,전자책,1165077256 ,소설,2023-03-10
4564,오늘 아침은 우울하지 않았습니다,힐러리 제이콥스 헨델,더퀘스트,전자책,1165210029 ,인문/역사,2023-03-10
4565,돈의 흐름이 보이는 회계 이야기,구상수,길벗,전자책,116521007X,경제경영,2023-03-10
4566,시간 전쟁,로라 밴더캠,더퀘스트,전자책,1165210746 ,자기계발,2023-03-10
4567,수학의 쓸모,닉 폴슨,더퀘스트,전자책,1165210991 ,과학/공학,2023-03-10
4568,디즈니만이 하는 것,로버트 아이거,쌤앤파커스,전자책,1165340976 ,경제경영,2023-03-10
4569,디레버리징,박홍기,좋은땅,전자책,1165361299 ,경제경영,2023-03-10
4570,나는 절대 저렇게 추하게 늙지 말아야지,심너울,아작,전자책,1165507994 ,소설,2023-03-10
4571,요즘 애들을 위한 슬기로운 재테크 생활,조혜경,원앤원북스,전자책,1170430864 ,경제경영,2023-03-10
4572,외계인 편의점,박선화,소원나무,전자책,1170440045 ,아동,2023-03-10
4573,기억을 파는 향기 가게,신은영,소원나무,전자책,1170440142 ,아동,2023-03-10
4574,이상한 놈들이 온다,세스 고딘,라이스메이커,전자책,1185392947 ,경제경영,2023-03-10
4575,2040 디바이디드,조병학,인사이트앤뷰,전자책,1185785388 ,경제경영,2023-03-10
4576,똑똑해지는 뇌 과학 독서법,김호진,리텍콘텐츠,전자책,118615134X,자기계발,2023-03-10
4577,궁금해! 나는 어떻게 태어났을까?,양승현,소원나무,전자책,1186531525 ,유아,2023-03-10
4578,"아무튼, 딱따구리",박규리,위고,전자책,1186602422 ,시/에세이,2023-03-10
4579,나는 나,캐럴 피어슨,연금술사,전자책,1186686502 ,시/에세이,2023-03-10
4580,이렇게 될 줄 몰랐습니다,재수,심플라이프,전자책,1186757582 ,시/에세이,2023-03-10
4581,마음의 수수께끼를 풀어드립니다,기요타 요키,스몰빅라이프,전자책,1187165646 ,자기계발,2023-03-10
4582,숨만 잘 쉬어도 뱃살이 빠진다,우에모리 미오,스몰빅라이프,전자책,1187165700 ,건강/의학,2023-03-10
4583,슈퍼리치는 해외주식에 투자한다,전래훈,북스톤,전자책,1187289868 ,경제경영,2023-03-10
4584,게으르지만 콘텐츠로 돈은 잘 법니다,신태순,나비의활주로,전자책,118823062X,경제경영,2023-03-10
4585,돈의 속성,김승호,스노우폭스북스,전자책,1188331795 ,경제경영,2023-03-10
4586,얼어 죽어도 아이스 아메리카노,이솜,필름(Feelm),전자책,1188469487 ,시/에세이,2023-03-10
4587,업무와 일상을 정리하는 새로운 방법 Notion,이해봄,제이펍,전자책,1188621629 ,IT/프로그래밍,2023-03-10
4588,디지털 시대에 아이를 키운다는 것,줄리아나 마이너,청림라이프,전자책,1188700642 ,가정/생활/요리,2023-03-10
4589,무조건 통하는 압축 영어,김태훈,북라이프,전자책,1188850903 ,국어/외국어,2023-03-10
4590,아인슈타인이 괴델과 함께 걸을 때,짐 홀트,소소의책,전자책,1188941445 ,과학/공학,2023-03-10
4591,무소의 뿔처럼 당당하게 나아가라,스콧 알렉산더,위너스북,전자책,1189352281 ,자기계발,2023-03-10
4592,디지털 헬스케어는 어떻게 비즈니스가 되는가,김치원,클라우드나인,전자책,1189430703 ,경제경영,2023-03-10
4593,반나절 주말여행(2020-2021),꼰띠고,꿈의지도,전자책,1189469839 ,여행/취미,2023-03-10
4594,자전거 여행 바이블(2020-2021),이준휘,꿈의지도,전자책,1189469847 ,여행/취미,2023-03-10
4595,"나는, 나와 산다",김민아,끌레마,전자책,118949731X,인문/역사,2023-03-10
4596,이제야 어디에 힘을 빼야 하는지 알았습니다,안블루,포레스트북스,전자책,1189584611 ,시/에세이,2023-03-10
4597,나답게 살고 있냐고 마흔이 물었다,김은잔,포레스트북스,전자책,1189584689 ,시/에세이,2023-03-10
4598,최강공부법,이재훈,비엠케이,전자책,1189703009 ,청소년,2023-03-10
4599,나의 최소 취향 이야기,신미경,상상출판,전자책,1189856859 ,시/에세이,2023-03-10
4600,퇴사 말고 휴직,최호진,와이에치미디어,전자책,118999321X,자기계발,2023-03-10
4601,코로나 사피엔스,최재천,인플루엔셜,전자책,1189995891 ,인문/역사,2023-03-10
4602,"로봇 시대, 인간의 일",구본권,어크로스,전자책,1190030497 ,인문/역사,2023-03-10
4603,사람에 대한 예의,권석천,어크로스,전자책,1190030519 ,인문/역사,2023-03-10
4604,이 상한 도서관장의 이상한 도서관,윤여림,천개의바람,전자책,1190077256 ,아동,2023-03-10
4605,밤의 얼굴들,황모과,허블,전자책,1190090139 ,소설,2023-03-10
4606,괴물신입 인공지능,이재박,MID,전자책,1190116189 ,경제경영,2023-03-10
4607,남의 체력은 탐내지 않는다,이우제,원더박스,전자책,1190136139 ,건강/의학,2023-03-10
4608,실은 나도 식물이 알고 싶었어,안드레아스 바를라게,애플북스,전자책,1190147122 ,과학/공학,2023-03-10
4609,아들 익힘책,임혜정,서사원,전자책,1190179202 ,가정/생활/요리,2023-03-10
4610,이정현의 집밥레스토랑,이정현,서사원,전자책,1190179237 ,가정/생활/요리,2023-03-10
4611,디플레 전쟁,홍춘욱,스마트북스,전자책,1190238187 ,경제경영,2023-03-10
4612,진짜 부자 가짜 부자,사경인,더클래스,전자책,1190259176 ,경제경영,2023-03-10
4613,서른 전에 한 번쯤은 심리학에 미쳐라,웨이슈잉,센시오,전자책,1190356228 ,자기계발,2023-03-10
4614,사장을 위한 MBA 필독서 50,나가이 다카히사,센시오,전자책,1190356295 ,경제경영,2023-03-10
4615,아이의 두뇌는 부부의 대화 속에서 자란다,아마노 히카리,센시오,전자책,1190356325 ,가정/생활/요리,2023-03-10
4616,일을 잘 맡긴다는것,아사노 스스무,센시오,전자책,119035652X,경제경영,2023-03-10
4617,1인 기업을 한다는 것,이치엔 가쓰히코,센시오,전자책,1190356554 ,경제경영,2023-03-10
4618,수학은 어떻게 무기가 되는가,다카하시 요이치,센시오,전자책,1190356600 ,과학/공학,2023-03-10
4619,더 해빙(The Having),이서윤,수오서재,전자책,1190382172 ,자기계발,2023-03-10
4620,기쁨 채집,유인경,위즈덤하우스,전자책,1190427486 ,시/에세이,2023-03-10
4621,성숙한 어른이 갖춰야 할 좋은 심리 습관,류쉬안,다연,전자책,1190456095 ,자기계발,2023-03-10
4622,광주 아리랑. 1,정찬주,다연,전자책,1190456117 ,소설,2023-03-10
4623,광주 아리랑. 2,정찬주,다연,전자책,1190456125 ,소설,2023-03-10
4624,뇌는 달리고 싶다,안데르스 한센,반니,전자책,1190467003 ,인문/역사,2023-03-10
4625,니체와 장자는 이렇게 말했다,양승권,페이퍼로드,전자책,1190475014 ,인문/역사,2023-03-10
4626,이완반응,허버트 벤슨,페이퍼로드,전자책,1190475162 ,건강/의학,2023-03-10
4627,신친일파,호사카 유지,봄이아트북스,전자책,119049485X,정치/사회,2023-03-10
4628,인생을 바꾸는 탐구 습관,이민열,미지북스,전자책,1190498022 ,자기계발,2023-03-10
4629,세상의 주인(Lord Of The World),로버트 휴 벤슨,메이븐,전자책,1190538032 ,소설,2023-03-10
4630,초록지붕집의 마릴라,세라 매코이,클,전자책,119055514X,소설,2023-03-10
4631,밤은 이야기하기 좋은 시간이니까요,이도우,위즈덤하우스,전자책,1190630958 ,시/에세이,2023-03-10
4632,보통의 언어들,김이나,위즈덤하우스,전자책,1190786354 ,시/에세이,2023-03-10
4633,일기를 에세이로 바꾸는 법,이유미,위즈덤하우스,전자책,1190786796 ,인문/역사,2023-03-10
4634,나는 말하듯이 쓴다,강원국,위즈덤하우스,전자책,1190786869 ,인문/역사,2023-03-10
4635,마흔의 마음학,최영인,지식인하우스,전자책,1190807068 ,인문/역사,2023-03-10
4636,앞으로 좋은 일만 있을 나에게,아이얼원,유노북스,전자책,1190826038 ,시/에세이,2023-03-10
4637,1%의 마법,오시마 노부요리,유노북스,전자책,1190826054 ,자기계발,2023-03-10
4638,일분치료법,매디슨 카바노프,트루힐링북스,전자책,1196101817 ,건강/의학,2023-03-10
4639,"낮 12시, 책방 문을 엽니다",박용희,꿈꾸는인생,전자책,1196380686 ,시/에세이,2023-03-10
4640,인간을 키우는 고양이,haha ha (원작),다독임북스,전자책,1196447187 ,시/에세이,2023-03-10
4641,해외 소싱 마스터,이종구,라디오북,전자책,1196457670 ,경제경영,2023-03-10
4642,진주의 HAPPY 키토 한식,진주,북드림,전자책,1196556687 ,가정/생활/요리,2023-03-10
4643,내 강아지 마음 상담소,강형욱,혜다,전자책,119671942X,여행/취미,2023-03-10
4644,요리코를 위해,노리즈키 린타로,모모,전자책,1196814341 ,소설,2023-03-10
4645,코로나 투자 전쟁,정채진,페이지2북스,전자책,119683105X,경제경영,2023-03-10
4646,좋아하는 일을 끝까지 해보고 싶습니다,김고명,좋은습관연구소,전자책,1196861145 ,시/에세이,2023-03-10
4647,오십부터는 우아하게 살아야 한다,요시모토 유미,유노북스,전자책,1196990719 ,시/에세이,2023-03-10
4648,나는 된다 잘된다,박시현,유노북스,전자책,1196990735 ,자기계발,2023-03-10
4649,나를 몰랐기 때문이다,김정현,유노북스,전자책,1196990751 ,자기계발,2023-03-10
4650,언컨택트,김용섭,퍼블리온,전자책,1197016805 ,경제경영,2023-03-10
4651,오래 준비해온 대답,김영하,복복서가,전자책,1197021604 ,시/에세이,2023-03-10
4652,내 인생 구하기,개리 비숍,웅진지식하우스,전자책,8901240122 ,자기계발,2023-03-10
4653,승리하는 습관: 승률을 높이는 15가지 도구들,앨런 스테인 주니어,갤리온,전자책,8901241390 ,자기계발,2023-03-10
4654,나는 파도에서 넘어지며 인생을 배웠다,캐런 리날디,갤리온,전자책,8901242087 ,자기계발,2023-03-10
4655,내 인생은 열린 책,루시아 벌린,웅진지식하우스,전자책,8901242559 ,소설,2023-03-10
4656,인정받고 싶은 마음,오타 하지메,웅진지식하우스,전자책,8901242583 ,인문/역사,2023-03-10
4657,당신이 꽃같이 돌아오면 좋겠다,고재욱,웅진지식하우스,전자책,8901242664 ,시/에세이,2023-03-10
4658,우리 이만 헤어져요,최유나,알에이치코리아,전자책,892556727X,시/에세이,2023-03-10
4659,하쿠바산장 살인사건,히가시노 게이고,알에이치코리아,전자책,8925569132 ,소설,2023-03-10
4660,식사 순서 혁명,가지야마 시즈오,중앙북스,전자책,8927811089 ,건강/의학,2023-03-10
4661,우아하게 저항하라,조주희,중앙북스,전자책,8927811194 ,자기계발,2023-03-10
4662,공간이 만든 공간,유현준,을유문화사,전자책,8932474273 ,인문/역사,2023-03-10
4663,스스로 행복하라,법정,샘터(샘터사),전자책,8946421150 ,시/에세이,2023-03-10
4664,유 미 에브리싱(You Me Everything),캐서린 아이작,마시멜로,전자책,8947545651 ,소설,2023-03-10
4665,"코로나 빅뱅, 뒤바뀐 미래",한국경제신문 코로나 특별취재팀,한국경제신문,전자책,8947545910 ,경제경영,2023-03-10
4666,푸름아빠 거울육아,최희수,한국경제신문,전자책,8947545945 ,가정/생활/요리,2023-03-10
4667,노멀 피플,샐리 루니,아르테(arte),전자책,8950986337 ,소설,2023-03-10
4668,심장에 수놓은 이야기,구병모,아르테(arte),전자책,8950986736 ,소설,2023-03-10
4669,다람쥐의 위로,톤 텔레헨,아르테(arte),전자책,8950986892 ,소설,2023-03-10
4670,이 한마디가 나를 살렸다,김미경,21세기북스,전자책,8950986914 ,자기계발,2023-03-10
4671,이번 달은 뉴요커,홍세림,21세기북스,전자책,8950987872 ,시/에세이,2023-03-10
4672,세계의 끝과 시작은,오리가미 교야,아르테(arte),전자책,895098847X,소설,2023-03-10
4673,"위기의 지구, 물러설 곳 없는 인간",남성현,21세기북스,전자책,8950988496 ,과학/공학,2023-03-10
4674,살아남은 자들이 경험하는 방식,김솔,아르테(arte),전자책,895098850X,소설,2023-03-10
4675,내 주위에는 왜 멍청이가 많을까,장 프랑수아 마르미옹,시공사,전자책,8952756878 ,인문/역사,2023-03-10
4676,좋은 말씀,법정,시공사,전자책,8952786009 ,시/에세이,2023-03-10
4677,발버둥치다,박하령,자음과모음,전자책,895443844X,청소년,2023-03-10
4678,최고의 인테리어는 정리입니다,정희숙,가나출판사,전자책,8957361030 ,가정/생활/요리,2023-03-10
4679,아동학대에 관한 뒤늦은 기록,류이근,시대의창,전자책,8959406139 ,정치/사회,2023-03-10
4680,나는 세포마켓에서 답을 찾았다,윤여진,미래의창,전자책,8959896322 ,경제경영,2023-03-10
4681,어느 날 대표님이 우리도 브랜딩 좀 해보자고 말했다,박창선,미래의창,전자책,8959896624 ,경제경영,2023-03-10
4682,궁궐은 살아 있다,장경선,리틀씨앤톡,전자책,8960985562 ,아동,2023-03-10
4683,이벤트 왕 뽑기 대회,정복현,리틀씨앤톡,전자책,8960986194 ,아동,2023-03-10
4684,우리 반 홍범도,정명섭,리틀씨앤톡,전자책,8960986275 ,아동,2023-03-10
4685,나의 나비 할머니,최유정,리틀씨앤톡,전자책,8960986291 ,아동,2023-03-10
4686,감염의 전장에서,토머스 헤이거,동아시아,전자책,896262334X,과학/공학,2023-03-10
4687,신기하게 영어 뇌가 만들어지는 영문법,주지후,파고다북스,전자책,8962818442 ,국어/외국어,2023-03-10
4688,이노센트 와이프,에이미 로이드,흐름출판,전자책,8965963761 ,소설,2023-03-10
4689,룬샷,사피 바칼,흐름출판,전자책,8965963796 ,경제경영,2023-03-10
4690,이야기의 탄생,윌 스토,흐름출판,전자책,8965963834 ,인문/역사,2023-03-10
4691,각자도생 사회,전영수,블랙피쉬,전자책,8968332533 ,정치/사회,2023-03-10
4692,지친 당신에게 고요를 선물합니다,팀 콜린스,리드리드출판,전자책,8972773352 ,자기계발,2023-03-10
4693,내 남자 내 여자의 엇갈린 속마음,나이토 요시히토,리드리드출판,전자책,8972773360 ,자기계발,2023-03-10
4694,나를 바꾸는 하버드 성공 수업,류웨이위,리드리드출판,전자책,8972773379 ,자기계발,2023-03-10
4695,지도에서 사라진 나라들,도현신,서해문집,전자책,8974839849 ,인문/역사,2023-03-10
4696,플랫랜드,에드윈 A. 애보트,늘봄,전자책,8988151968 ,소설,2023-03-10
4697,세계사를 바꾼 전염병 13가지,제니퍼 라이트,산처럼,전자책,8990062926 ,인문/역사,2023-03-10
4698,미니멀리스트,조슈아 필즈 밀번,이상미디어,전자책,8994478493 ,자기계발,2023-03-10
4699,리액트,네빌고다드,서른세개의 계단,전자책,8997228234 ,자기계발,2023-03-10
4700,"파타고니아, 파도가 칠 때는 서핑을",이본 쉬나드,라이팅하우스,전자책,8998075717 ,경제경영,2023-03-10
4701,이승만 정권과 4.19혁명,신형식,삼성비엔씨,전자책,D190321290,아동,2023-03-10
4702,유신헌법과 절대 권력,신형식,삼성비엔씨,전자책,D190321370,아동,2023-03-10
4703,그녀의 취미 생활,서미애,에브리북,전자책,D200117790,소설,2023-03-10
4704,뚝딱뚝딱 배우는 엑셀 2010,IT교재연구팀,시대인,전자책,1125424001 ,IT/프로그래밍,2023-03-10
4705,파워포인트 2010,IT교재연구팀,시대인,전자책,1125424079 ,IT/프로그래밍,2023-03-10
4706,바리스타 & 카페 창업 안내서,김병희,시대인,전자책,1125434406 ,가정/생활/요리,2023-03-10
4707,다소다의 열두 달 다이어리 꾸미기,다소다(조현아),시대인,전자책,1125438053 ,예술/대중문화,2023-03-10
4708,동남아 푸드 트립,김예리,시대인,전자책,1125445726 ,가정/생활/요리,2023-03-10
4709,피부가 숨 쉬는 천연비누,김도희,시대인,전자책,1125447567 ,여행/취미,2023-03-10
4710,1년 만에 교포로 오해받은 김아란의 영어 정복기,김아란,시대인,전자책,1125448679 ,국어/외국어,2023-03-10
4711,절편 플라워,장여진,시대인,전자책,1125451432 ,가정/생활/요리,2023-03-10
4712,미국에서 기죽지 않는 쓸만한 영어: 일상생활 필수 생존회화,Sophie Ban(소피반),시대인,전자책,1125457201 ,국어/외국어,2023-03-10
4713,약 짓는 오빠들이 들려주는 알쓸신약,이정철,시대인,전자책,1125458690 ,건강/의학,2023-03-10
4714,미국에서 기죽지 않는 쓸만한 영어: 사회생활 필수 인싸회화,Sophie Ban,시대인,전자책,1125460229 ,국어/외국어,2023-03-10
4715,조리기능사 필기 초단기완성(2020),배은자,시대고시기획,전자책,1125467185 ,가정/생활/요리,2023-03-10
4716,오늘도 아이와 싸웠습니다,이지은,시대인,전자책,1125467312 ,가정/생활/요리,2023-03-10
4717,영어 좀 한다는 소리 듣는 고급진 회화 표현 100,SD어학연구소,시대인,전자책,1125467711 ,국어/외국어,2023-03-10
4718,메이플레르 플라워 클래스,김예진,시대인,전자책,1125468246 ,여행/취미,2023-03-10
4719,아는 만큼 재미있는 인터넷 활용,정동임,시대인,전자책,1125471565 ,IT/프로그래밍,2023-03-10
4720,상담심리사 최종모의고사(2020),이문식,시대고시기획,전자책,1125471921 ,인문/역사,2023-03-10
4721,우리 아이 첫 유아식,김선애,시대인,전자책,1125472642 ,가정/생활/요리,2023-03-10
4722,화장지로 만드는 곤충,코마미야 히로시,에이케이커뮤니케이션즈,전자책,1127432613 ,여행/취미,2023-03-10
4723,농경은 어떻게 시작되었는가,나카오 사스케,AK,전자책,1127432974 ,인문/역사,2023-03-10
4724,20년간 내가 목격한 괴이한 일들,우젠런,지식을만드는지식,전자책,1128837897 ,소설,2023-03-10
4725,수용소: 교도관의 수기,세르게이 도블라토프,지식을만드는지식,전자책,1128853361 ,소설,2023-03-10
4726,바다의 일꾼들,빅토르 위고,지식을만드는지식,전자책,1128853973 ,인문/역사,2023-03-10
4727,에어프라이어 만능 레시피북,강지현,엔트리,전자책,1129703622 ,가정/생활/요리,2023-03-10
4728,오늘은 운동하러 가야 하는데,이진송,다산책방,전자책,1130626776 ,시/에세이,2023-03-10
4729,내 마음은 내가 결정합니다,정정엽,다산초당,전자책,1130628779 ,인문/역사,2023-03-10
4730,"안녕, 나의 순정",이영희,놀,전자책,1130628914 ,시/에세이,2023-03-10
4731,하루 한마디 인문학 질문의 기적,김종원,다산북스,전자책,1130629384 ,가정/생활/요리,2023-03-10
4732,꽃잎처럼,정도상,다산책방,전자책,1130629589 ,소설,2023-03-10
4733,아홉 살 성교육 사전: 여자아이 몸,손경이,다산북스,전자책,1130629783 ,아동,2023-03-10
4734,부자의 행동습관,사이토 히토리,다산북스,전자책,1130629872 ,자기계발,2023-03-10
4735,나는 반려동물과 산다,이선이,다산에듀,전자책,1130630110 ,청소년,2023-03-10
4736,초등 하루 한 권 책밥 독서법,전안나,다산에듀,전자책,1130630269 ,가정/생활/요리,2023-03-10
4737,너를 만나고 엄마는 매일 자라고 있어,김진형,수카,전자책,1130630293 ,시/에세이,2023-03-10
4738,허공의 놀라운 비밀,남경흥,지식과감성,전자책,1155280318 ,과학/공학,2023-03-10
4739,꿈을 향해 멈추지 마,엄기현,라온북,전자책,1155322401 ,자기계발,2023-03-10
4740,크리에이터의 질문법,윤미현,라온북,전자책,1155322770 ,자기계발,2023-03-10
4741,어웨이크 Awake!,김수현,라온북,전자책,1155322835 ,자기계발,2023-03-10
4742,20가지 인테리어 법칙,아라이 시마,즐거운상상,전자책,1155361431 ,가정/생활/요리,2023-03-10
4743,감정은 습관이다,박용철,추수밭,전자책,1155400054 ,자기계발,2023-03-10
4744,하버드 수학 박사의 슬기로운 수학 생활,크리스티안 헤세,추수밭,전자책,1155401689 ,과학/공학,2023-03-10
4745,우리는 60년을 연애했습니다,라오 핑루,윌북,전자책,1155810880 ,시/에세이,2023-03-10
4746,무기가 되는 스토리,도널드 밀러,윌북,전자책,1155811852 ,자기계발,2023-03-10
4747,컬러의 힘,캐런 할러,윌북,전자책,1155812433 ,예술/대중문화,2023-03-10
4748,부자의 언어,존 소포릭,윌북,전자책,115581259X,경제경영,2023-03-10
4749,트라우마 사전,안젤라 애커만,윌북,전자책,1155812662 ,인문/역사,2023-03-10
4750,내 안에 잠든 부자 심리를 깨워라,박병수,지식공감,전자책,1156224411 ,경제경영,2023-03-10
4751,상속을 지금 준비하라,나철호,맑은나루,전자책,1156262720 ,경제경영,2023-03-10
4752,소설가를 위한 소설쓰기. 1: 첫 문장과 첫 문단,레스 에저턴,다른,전자책,115633246X,인문/역사,2023-03-10
4753,소설가를 위한 소설쓰기. 2: 장면과 구성,마사 앨더슨,다른,전자책,1156332478 ,인문/역사,2023-03-10
4754,소설가를 위한 소설쓰기. 3: 갈등과 서스펜스,제임스 스콧 벨,다른,전자책,1156332486 ,인문/역사,2023-03-10
4755,당하는 여자 하는 남자,김종갑,다른,전자책,1156332753 ,정치/사회,2023-03-10
4756,"안녕, 내 마음",하미향,마음세상,전자책,1156364140 ,시/에세이,2023-03-10
4757,육아는 힘이 된다,장정민,마음세상,전자책,1156364205 ,가정/생활/요리,2023-03-10
4758,모르는 게 약?,최혁재,열다,전자책,1156550130 ,아동,2023-03-10
4759,화폐 속에는 누가 있을까?,형설아이 편집부,형설아이,전자책,1156632641 ,아동,2023-03-10
4760,부처를 만난 고구려 왕자,백승남,푸른숲주니어,전자책,1156750733 ,아동,2023-03-10
4761,태풍에 대처하는 방법,정연철,푸른숲주니어,전자책,1156750784 ,아동,2023-03-10
4762,내 아들은 조현병입니다,론 파워스,심심,전자책,1156757940 ,인문/역사,2023-03-10
4763,세상을 바꾼 길들임의 역사,앨리스 로버츠,푸른숲,전자책,1156758025 ,인문/역사,2023-03-10
4764,"우울할 땐 뇌 과학, 실천할 땐 워크북",앨릭스 코브,심심,전자책,1156758084 ,인문/역사,2023-03-10
4765,"시간은 없고, 잘하고는 싶고",김성광,푸른숲,전자책,1156758149 ,시/에세이,2023-03-10
4766,야생의 위로,에마 미첼,심심,전자책,1156758173 ,인문/역사,2023-03-10
4767,어른이 되어야 알 수 있는 것들,조아라,꿈꾸는사람들,전자책,1156890519 ,아동,2023-03-10
4768,세상에 대하여 우리가 더 잘 알아야 할 교양. 41: 빅데이터 빅브러더가 아닐까?,강이든,내인생의책,전자책,1157231500 ,아동,2023-03-10
4769,세상에 대하여 우리가 더 잘 알아야 할 교양. 47: 저작권,김기태,내인생의책,전자책,1157232868 ,아동,2023-03-10
4770,세상에 대하여 우리가 더 잘 알아야 할 교양. 53: 핵전쟁 어떻게 막아야 할까?,국기연,내인생의책,전자책,1157233619 ,아동,2023-03-10
4771,세상에 대하여 우리가 더 잘 알아야 할 교양. 55: 인공지능(AI),정윤선,내인생의책,전자책,1157233724 ,아동,2023-03-10
4772,공주는 없다,돌로레스 브라운,내인생의책,전자책,1157234178 ,아동,2023-03-10
4773,치킨,프랑수아즈 로랑,내인생의책,전자책,1157234909 ,아동,2023-03-10
4774,함께 먹는 세계의 음식,베스 왈론드,내인생의책,전자책,1157236006 ,아동,2023-03-10
4775,네모의 네모의 네모,엘레오노르 두스피스,내인생의책,전자책,1157236022 ,아동,2023-03-10
4776,우리말 관용어,정재윤,현북스,전자책,1157410863 ,아동,2023-03-10
4777,사랑의 선물,방정환,현북스,전자책,115741141X,아동,2023-03-10
4778,재테크 트렌드 2020,빠숑 김학렬,아라크네,전자책,1157746527 ,경제경영,2023-03-10
4779,듣기만 해도 가슴 뛰는 말,신상철,책과나무,전자책,1157768423 ,자기계발,2023-03-10
4780,조금 색다른 42일간의 미국 횡단기,이재호,책과나무,전자책,1157768768 ,여행/취미,2023-03-10
4781,즐겁고 건강한 줄넘기 레시피,주종민,책과나무,전자책,1157768849 ,여행/취미,2023-03-10
4782,죽지 않는 인간,백지혜,책과나무,전자책,1157769020 ,소설,2023-03-10
4783,미랑이와 마리의 사랑 이야기,신원우,책과나무,전자책,1157769039 ,청소년,2023-03-10
4784,서비스 조직 밀레니얼 이렇게 코칭하라,박종태,책과나무,전자책,1157769071 ,경제경영,2023-03-10
4785,고기를 먹지 않는다면,세라 엘턴,키다리,전자책,1157851967 ,아동,2023-03-10
4786,편지 할머니,이상배,키다리,전자책,1157852165 ,아동,2023-03-10
4787,아빠가 둘이야?,임지형,키다리,전자책,1157852696 ,아동,2023-03-10
4788,물개 할망,오미경,모래알,전자책,1157852912 ,유아,2023-03-10
4789,믿을 수 없겠지만 빅뱅,카타리나 소브럴,키다리,전자책,1157852955 ,아동,2023-03-10
4790,구석구석 우리나라 지리 여행,양승현,아이앤북,전자책,1157920233 ,아동,2023-03-10
4791,매월당의 초상화,윤영선,아이앤북,전자책,1157921345 ,아동,2023-03-10
4792,현우에게 사과하세요,백은하,아이앤북,전자책,1157921655 ,아동,2023-03-10
4793,데미안,헤르만 헤세,스타북스,전자책,115795491X,소설,2023-03-10
4794,하멜표류기,헨드릭 하멜,스타북스,전자책,1157955045 ,인문/역사,2023-03-10
4795,페스트,알베르 카뮈,스타북스,전자책,1157955142 ,소설,2023-03-10
4796,동물농장,조지 오웰,스타북스,전자책,1157955207 ,소설,2023-03-10
4797,심리학 콘서트,공공인문학포럼,스타북스,전자책,1157955282 ,인문/역사,2023-03-10
4798,부릅뜨고 표지판,유수현 (기획),주니어골든벨,전자책,1158060351 ,아동,2023-03-10
4799,한때 소중했던 것들(볕뉘 에디션),이기주,달,전자책,1158160801 ,시/에세이,2023-03-10
4800,장래 희망이 뭐라고,전은지,책읽는곰,전자책,1158360398 ,아동,2023-03-10
4801,무엇이 건강을 결정하는가,정석식,모아북스,전자책,1158491190 ,건강/의학,2023-03-10
4802,양들의 침묵,토머스 해리스,나무의철학,전자책,1158511493 ,소설,2023-03-10
4803,네가 정말 좋아,권영희,학이사,전자책,1158541104 ,아동,2023-03-10
4804,위당클럽 다이어리,박현정,파란정원,전자책,1158680430 ,아동,2023-03-10
4805,도형이 이렇게 쉬웠다니!,정유리,파란정원,전자책,1158680457 ,아동,2023-03-10
4806,밤하늘의 별 이야기,김호섭,파란정원,전자책,1158680554 ,아동,2023-03-10
4807,덧셈 뺄셈이 이렇게 쉬웠다니!,구원경,파란정원,전자책,1158680600 ,아동,2023-03-10
4808,존댓말 사용설명서,채화영,파란정원,전자책,1158680627 ,아동,2023-03-10
4809,곱셈구구가 이렇게 쉬웠다니!,정유리,파란정원,전자책,115868066X,아동,2023-03-10
4810,왜 책임이 필요하죠?,채화영,파란정원,전자책,1158680872 ,아동,2023-03-10
4811,스마트폰 사용설명서,채화영,파란정원,전자책,1158681232 ,아동,2023-03-10
4812,엄마표 책 육아,지에스더,미디어숲,전자책,1158740689 ,가정/생활/요리,2023-03-10
4813,성공을 부르는 직관력의 비밀,국수미,미디어숲,전자책,115874076X,자기계발,2023-03-10
4814,너도 한번 AI 만들어 볼래?,강신조,미디어숲,전자책,1158740778 ,IT/프로그래밍,2023-03-10
4815,흑사관 살인 사건,오구리 무시타로,이상,전자책,115893095X,소설,2023-03-10
4816,나비 그림,히사오 주란,이상,전자책,1158931018 ,소설,2023-03-10
4817,"첫째 아이 마음 아프지 않게, 둘째 아이 마음 흔들리지 않게",이보연,교보문고,전자책,1159099472 ,가정/생활/요리,2023-03-10
4818,영어회화 핵심패턴 233,백선엽,길벗이지톡,전자책,1159240590 ,국어/외국어,2023-03-10
4819,직장인을 위한 1분 영어 말하기,김태윤,이지톡,전자책,115924152X,국어/외국어,2023-03-10
4820,어떻게 죽음을 마주할 것인가,모니카 렌츠,책세상,전자책,1159311102 ,인문/역사,2023-03-10
4821,소진 시대의 철학,김정현,책세상,전자책,1159312087 ,인문/역사,2023-03-10
4822,성공을 부르는 운,노로 에이시로,해의시간,전자책,1159313210 ,자기계발,2023-03-10
4823,커플의 종말,마르셀라 이아쿱,책세상,전자책,1159313601 ,정치/사회,2023-03-10
4824,405호실의 기적,쥘리앵 상드렐,달의시간,전자책,1159314616 ,소설,2023-03-10
4825,소년의 블록,키스 스튜어트,달의시간,전자책,1159314705 ,소설,2023-03-10
4826,때론 대충 살고 가끔은 완벽하게 살아,구선아,해의시간,전자책,1159314837 ,시/에세이,2023-03-10
4827,오늘의 좋음을 내일로 미루지 않겠습니다,오지혜,글담,전자책,1159350582 ,시/에세이,2023-03-10
4828,나는 내가 왜 살아야 하는지 몰랐습니다,고요,인디고(글담),전자책,1159350647 ,시/에세이,2023-03-10
4829,"테드, 미래를 보는 눈",박용삼,원앤원북스,전자책,1160020914 ,경제경영,2023-03-10
4830,한번 읽으면 절대로 잊지 않는 세계사 공부,신진희,메이트북스,전자책,1160022410 ,인문/역사,2023-03-10
4831,한 번 읽으면 절대로 잊지 않는 심리학 공부,강현식,메이트북스,전자책,1160022488 ,인문/역사,2023-03-10
4832,부동산투자가 처음입니다,성주원,메이트북스,전자책,1160022801 ,경제경영,2023-03-10
4833,삶이 흔들릴 때 소크라테스를 추천합니다,플라톤,메이트북스,전자책,1160022852 ,인문/역사,2023-03-10
4834,코로나 이후 사야 할 주식,이상헌,메이트북스,전자책,1160022860 ,경제경영,2023-03-10
4835,내 인생을 힘들게 하는 좋은 사람 콤플렉스,듀크 로빈슨,메이트북스,전자책,1160022879 ,자기계발,2023-03-10
4836,"관계의 거리, 1미터",홍종우,메이트북스,전자책,1160022895 ,자기계발,2023-03-10
4837,병아리 사회보험노무사 히나코,미즈키 히로미,작가정신,전자책,1160261601 ,소설,2023-03-10
4838,강아지를 부탁해,한상남,어린이작가정신,전자책,1160266190 ,아동,2023-03-10
4839,베타맨,슈테판 보너,소담출판사,전자책,1160270309 ,소설,2023-03-10
4840,다과 수업,명지은(문래공방),싸이프레스,전자책,1160320772 ,가정/생활/요리,2023-03-10
4841,쉽고 즐겁고 재미있는 어린이책을 만든 장혼,박혜숙,머스트비,전자책,1160340005 ,아동,2023-03-10
4842,소방관 고양이 초이,김유진,머스트비,전자책,116034003X,유아,2023-03-10
4843,탐험가와 함께 떠나는 세계 일주,사라 셰퍼드,머스트비,전자책,1160340501 ,아동,2023-03-10
4844,어진 선비 이언적을 찾아서,차영미,머스트비,전자책,1160340560 ,아동,2023-03-10
4845,"1930, 경성 설렁탕",조은경,머스트비,전자책,1160340684 ,아동,2023-03-10
4846,우리 가족에겐 비밀이 있어요,박민호,머스트비,전자책,1160340986 ,아동,2023-03-10
4847,너는 정말로 혼자가 아니야,엘린 켈지,머스트비,전자책,116034101X,아동,2023-03-10
4848,탈코르셋: 도래한 상상,이민경,한겨레출판사,전자책,1160402841 ,정치/사회,2023-03-10
4849,특별관리대상자,주원규,한겨레출판사,전자책,1160403627 ,소설,2023-03-10
4850,오늘 밤은 굶고 자야지,박상영,한겨레출판사,전자책,1160403643 ,시/에세이,2023-03-10
4851,은희,박유리,한겨레출판사,전자책,1160403880 ,소설,2023-03-10
4852,교실영어 표현사전,김단해,로그인,전자책,1160576580 ,국어/외국어,2023-03-10
4853,늘 그랬듯이 길을 찾아낼 것이다,권김현영,휴머니스트,전자책,1160803293 ,정치/사회,2023-03-10
4854,지구별 소년,양수근,사계절,전자책,1160943826 ,아동,2023-03-10
4855,사랑을 말할 때 우리가 꺼내지 않았던 이야기들,천자오루,사계절,전자책,1160945365 ,정치/사회,2023-03-10
4856,그림일기 표현 사전,김민경,더디퍼런스,전자책,1161251944 ,아동,2023-03-10
4857,기초부터 이해하는 제빵 기술,요시노 세이이치,터닝포인트,전자책,1161340386 ,가정/생활/요리,2023-03-10
4858,치비루의 코바늘 손뜨개 인형,ChibiRu,터닝포인트,전자책,1161340459 ,여행/취미,2023-03-10
4859,"미스터비니, 과자의 기본을 다루다",김재호,터닝포인트,전자책,1161340572 ,가정/생활/요리,2023-03-10
4860,본누벨의 빵,서강헌,터닝포인트,전자책,1161340637 ,가정/생활/요리,2023-03-10
4861,나의 영어 사춘기(리커버),이시원,시원스쿨닷컴,전자책,1161500979 ,국어/외국어,2023-03-10
4862,메이시의 거울,애덤 치치오,시원주니어,전자책,1161503374 ,유아,2023-03-10
4863,부모의 행동이 아이를 천재로 만든다,토오루 후나츠,시원북스,전자책,1161503382 ,가정/생활/요리,2023-03-10
4864,러블로그,우희덕,나무옆의자,전자책,1161570357 ,소설,2023-03-10
4865,"개, 늑대, 그리고 하느님",폴코 테르차니,나무옆의자,전자책,1161570888 ,소설,2023-03-10
4866,조선의 역사를 바꾼 치명적 말실수,이경채,나무옆의자,전자책,116157090X,인문/역사,2023-03-10
4867,도서관을 떠나는 책들을 위하여,오수완,나무옆의자,전자책,1161570934 ,소설,2023-03-10
4868,하마터면 부동산 상식도 모르고 집 살 뻔했다,김종선,팬덤북스,전자책,1161691014 ,경제경영,2023-03-10
4869,처음 초등영어 독서법,박소윤,팬덤북스,전자책,1161691065 ,가정/생활/요리,2023-03-10
4870,나만 몰랐던 잠 이야기,허은실,풀빛,전자책,1161720138 ,아동,2023-03-10
4871,통일,이종석,풀빛,전자책,1161720324 ,아동,2023-03-10
4872,질문하는 환경 사전,질 알레,풀빛,전자책,1161720588 ,아동,2023-03-10
4873,이상해 다양해!,아틀리에 실험실,풀빛,전자책,116172088X,아동,2023-03-10
4874,"니하오, 중국",이자벨라 칼루타,풀빛,전자책,1161721002 ,아동,2023-03-10
4875,나의 집은 우주시 태양계구 지구로,신동경,풀빛,전자책,116172110X,아동,2023-03-10
4876,미국과 소련의 우주 탐험 대결,클라이브 길포드,풀빛,전자책,1161721428 ,아동,2023-03-10
4877,나는 온 우주가 만든 생명이야,신동경,풀빛,전자책,1161721746 ,아동,2023-03-10
4878,"아홉 시, 댕댕시계가 울리면",김해등,어린이나무생각,전자책,1162180986 ,아동,2023-03-10
4879,우리 반 내기 대장 꽝대호,이은재,어린이나무생각,전자책,1162181028 ,아동,2023-03-10
4880,장소가 만들어낸 과학,David N. Livingstone,시그마프레스,전자책,1162262419 ,과학/공학,2023-03-10
4881,이웃집 백만장자 변하지 않는 부의 법칙,토머스 스탠리,비즈니스북스,전자책,1162541199 ,경제경영,2023-03-10
4882,대한민국 부동산 초보를 위한 아파트 투자의 정석,제네시스박,비즈니스북스,전자책,1162541326 ,경제경영,2023-03-10
4883,부의 열차에 올라타는 법,스에오카 요시노리,비즈니스북스,전자책,1162541431 ,경제경영,2023-03-10
4884,기획자의 일,양은우,비즈니스북스,전자책,1162541474 ,자기계발,2023-03-10
4885,더 리치(The Rich),키스 캐머런 스미스,비즈니스북스,전자책,1162541490 ,자기계발,2023-03-10
4886,나는 오늘도 나를 믿는다,정샘물,비즈니스북스,전자책,1162541512 ,자기계발,2023-03-10
4887,미국 함정,프레데릭 피에루치,올림,전자책,116262034X,경제경영,2023-03-10
4888,칼퇴를 부르는 회사 영어,정소영,북랩,전자책,1162998245 ,국어/외국어,2023-03-10
4889,매일 밥 사 먹는 아이,팻 플린,책속물고기,전자책,1163270040 ,아동,2023-03-10
4890,우리가 만든 나라 이름은 전쟁,에마 루이스,책속물고기,전자책,1163270237 ,유아,2023-03-10
4891,커다란 일을 하고 싶어요,실비 니만,책속물고기,전자책,1163270288 ,아동,2023-03-10
4892,걱정을 걸어 두는 나무,마리안느 머스그로브,책속물고기,전자책,1163270482 ,아동,2023-03-10
4893,"안녕, 좋은 아침이야",말리카 도래,책속물고기,전자책,1163270520 ,유아,2023-03-10
4894,재무제표 행간을 읽어라,김대욱,스마트비즈니스,전자책,1163430234 ,경제경영,2023-03-10
4895,"극한직업, 선생님을 부탁해",신건철,테크빌교육(즐거운학교),전자책,116346080X,인문/역사,2023-03-10
4896,하늘의 역사,박석재,동아엠앤비,전자책,116363056X,정치/사회,2023-03-10
4897,세상을 바꾼 100권의 책,스코트 크리스찬슨,동아엠앤비,전자책,1163630578 ,인문/역사,2023-03-10
4898,별별 이야기,심재철,동아엠앤비,전자책,1163630608 ,과학/공학,2023-03-10
4899,꽃잎의 개수에 담긴 수열의 비밀,계영희,뭉치,전자책,1163631167 ,아동,2023-03-10
4900,신의 방정식 오일러 공식,데이비드 스팁,동아엠앤비,전자책,1163631876 ,과학/공학,2023-03-10
4901,지도로 읽는다 한눈에 꿰뚫는 세계지도 상식도감,롬 인터내셔널,이다미디어,전자책,116394016X,인문/역사,2023-03-10
4902,소방관의 선택,사브리나 코헨-해턴,북하우스,전자책,1164050540 ,인문/역사,2023-03-10
4903,내 몸과의 전쟁,피지컬갤러리,책들의정원,전자책,1164160451 ,건강/의학,2023-03-10
4904,부자는 매일 아침 경제기사를 읽는다,임현우,책들의정원,전자책,1164160532 ,경제경영,2023-03-10
4905,완벽하지 않을 용기,우치다 타츠루,에듀니티,전자책,1164250558 ,인문/역사,2023-03-10
4906,아직도 내 마음은 봄입니다,정윤섭,서울문화사,전자책,1164380273 ,건강/의학,2023-03-10
4907,하루 24시간 어떻게 살 것인가(초판본)(1910년 오리지널 초판본 표지디자인),아놀드 베넷,더스토리,전자책,1164452096 ,자기계발,2023-03-10
4908,대통령 문재인의 3년(화보집 부록 미포함),더휴먼 편집부,더휴먼,전자책,1164452738 ,정치/사회,2023-03-10
4909,문명으로 읽는 종교 이야기,홍익희,행성B,전자책,1164710044 ,종교,2023-03-10
4910,새로운 공부가 온다,안상헌,행성B,전자책,1164710982 ,인문/역사,2023-03-10
4911,세계사를 바꾼 49가지 실수,빌 포셋,생각정거장,전자책,1164840142 ,인문/역사,2023-03-10
4912,대한민국 부동산 10년 후 미래가치에 주목하라,박합수,매일경제신문사,전자책,116484119X,경제경영,2023-03-10
4913,플랫폼 승자의 법칙,홍기영,매일경제신문사,전자책,1164841289 ,경제경영,2023-03-10
4914,지키는 기도,송준기,규장,전자책,1165040522 ,종교,2023-03-10
4915,용기의 땅. 2: 자연의 법칙,에린 헌터,가람어린이,전자책,1165180014 ,아동,2023-03-10
4916,"연애, 남자의 26가지 심리",이창화,유페이퍼,전자책,1165221071 ,자기계발,2023-03-10
4917,마음성장 놀이북,최희아,쌤앤파커스,전자책,1165340666 ,가정/생활/요리,2023-03-10
4918,무례한 시대를 품위 있게 건너는 법,악셀 하케,쌤앤파커스,전자책,1165340844 ,정치/사회,2023-03-10
4919,실버로드,스티나 약손,마음서재,전자책,1165340933 ,소설,2023-03-10
4920,남자의 인생은 갱년기에 뒤바뀐다,클로드 쇼샤르,마음서재,전자책,1165341018 ,건강/의학,2023-03-10
4921,이기는 몸,이동환,쌤앤파커스,전자책,1165341077 ,건강/의학,2023-03-10
4922,통찰과 역설,천공,마음서재,전자책,1165341751 ,자기계발,2023-03-10
4923,케첩 3형제의 여행,최지순,북랩,전자책,116539054X,아동,2023-03-10
4924,악어가 나타났어요,손종우,북랩,전자책,1165392127 ,유아,2023-03-10
4925,5060 스타트업으로 날다,박재승,바른북스,전자책,1165450690 ,경제경영,2023-03-10
4926,팡(FAANG)으로 빵빵하게 공부하는 비즈니스 영어,최숙원(Anna Choi),지식과감성,전자책,116552094X,국어/외국어,2023-03-10
4927,방문을 닫는 아이 대화를 여는 아이,미셸 이카드,시공사,전자책,1165790181 ,가정/생활/요리,2023-03-10
4928,나무의 세계,조너선 드로리,시공사,전자책,1165790661 ,과학/공학,2023-03-10
4929,"언어 예절, 이것만은 알아 둬!",박현숙,팜파스,전자책,1170260632 ,아동,2023-03-10
4930,"공공장소 예절, 이것만은 알아 둬!",박현숙,팜파스,전자책,1170260640 ,아동,2023-03-10
4931,내가 키운 채소로 만드는 맛있는 한 그릇 요리,장진주,팜파스,전자책,1170263224 ,가정/생활/요리,2023-03-10
4932,"지구가 보내는 위험한 신호, 아픈 바다 이야기",박선희,팜파스,전자책,1170263232 ,아동,2023-03-10
4933,하얀 깃털,앤 부스,책담,전자책,1170283861 ,청소년,2023-03-10
4934,빅걸,고정욱,책담,전자책,1170285767 ,청소년,2023-03-10
4935,잊기 좋은 이름,김애란,열림원,전자책,1170400019 ,시/에세이,2023-03-10
4936,당신에게 베토벤을 선물합니다,임현정,원앤원북스,전자책,1170430627 ,예술/대중문화,2023-03-10
4937,부동산 절세 모르면 부동산 투자 절대로 하지 마라,김윤석,원앤원북스,전자책,117043066X,경제경영,2023-03-10
4938,"소크라테스 씨,나는 잘 살고 있는 걸까요?",허유선,믹스커피,전자책,1170430899 ,인문/역사,2023-03-10
4939,내 집 없는 부자는 없다,대치동 키즈,원앤원북스,전자책,1170431011 ,경제경영,2023-03-10
4940,말썽쟁이 푸딩을 키우려면,조 버거,소원나무,전자책,1170440029 ,아동,2023-03-10
4941,나는 빨강이야,물기둥,소원나무,전자책,117044007X,유아,2023-03-10
4942,임신 출산 육아 대백과,제일병원,비타북스,전자책,1185020632 ,가정/생활/요리,2023-03-10
4943,우리 역사와 함께하는 과학 이야기,곽수근,생각을담는어린이,전자책,1185025022 ,아동,2023-03-10
4944,스틸하우스 레이크,레이철 케인,피니스아프리카에,전자책,1185190414 ,소설,2023-03-10
4945,유대인 1퍼센트 부의 지름길,김정한,레몬북스,전자책,1185257934 ,경제경영,2023-03-10
4946,"오늘도 마십니다, 맥주",이재호,다온북스,전자책,1185439056 ,가정/생활/요리,2023-03-10
4947,가짜 감정,김용태,덴스토리(Denstory),전자책,1185716033 ,인문/역사,2023-03-10
4948,절대 성공하지 못할 거야,마크 랜돌프,덴스토리(Denstory),전자책,1185716920 ,경제경영,2023-03-10
4949,거짓말처럼 거짓말을 끝냈어,진 밴 뤄벤,씨드북,전자책,1185751351 ,아동,2023-03-10
4950,밥 대장! 힘 대장!,이현,꿈터,전자책,1185801057 ,유아,2023-03-10
4951,손손손 손을 씻어요,이현,꿈터,전자책,1185801316 ,유아,2023-03-10
4952,빨간 신호등의 비밀,양승숙,사물의비밀,전자책,1185847375 ,아동,2023-03-10
4953,마포나루의 날씨장수,이붕,좋은꿈,전자책,1185903402 ,아동,2023-03-10
4954,미세플라스틱 수사대,유영진,좋은꿈,전자책,1185903674 ,아동,2023-03-10
4955,말 그릇,김윤나,카시오페아,전자책,1185952985 ,자기계발,2023-03-10
4956,연애의 언어,성민,지식인하우스,전자책,1185959955 ,시/에세이,2023-03-10
4957,포디프레임,박호걸,스타리치북스,전자책,118598254X,자기계발,2023-03-10
4958,토론이 좋아요,김정순,에듀니티,전자책,1185992375 ,아동,2023-03-10
4959,"로마, 약탈과 패배로 쓴 역사",매슈 닐,마티,전자책,1186000945 ,인문/역사,2023-03-10
4960,"가우스, 동화 나라의 사라진 0을 찾아라",김정,동아엠앤비,전자책,1186008105 ,아동,2023-03-10
4961,보기만 할래요,김정수,인문의숲,전자책,1186069341 ,시/에세이,2023-03-10
4962,"날아라, 삑삑아!",권오준,파란자전거,전자책,1186075104 ,아동,2023-03-10
4963,모래소금,정종영,파란자전거,전자책,1186075252 ,아동,2023-03-10
4964,비밀 귀신,장수민,파란자전거,전자책,1186075287 ,아동,2023-03-10
4965,진주성을 나는 비차,박형섭,파란자전거,전자책,1186075430 ,아동,2023-03-10
4966,조선과학수사관 장선비,손주현,파란자전거,전자책,1186075449 ,아동,2023-03-10
4967,지구촌 아름다운 거래 탐구생활,한수정,파란자전거,전자책,1186075554 ,아동,2023-03-10
4968,평화를 노래하는 초록 띠,차은숙,파란자전거,전자책,1186075686 ,아동,2023-03-10
4969,복순이가 돌아 왔다!,김은의,파란자전거,전자책,1186075708 ,아동,2023-03-10
4970,귀신 쫓는 삽사리 장군이,예영,파란자전거,전자책,118607583X,아동,2023-03-10
4971,신비숲으로 날아간 수학,박현정,파란자전거,전자책,1186075848 ,아동,2023-03-10
4972,신석기 고래왕 해솜솜,권타오,파란자전거,전자책,1186075864 ,아동,2023-03-10
4973,똑게육아 올인원,로리,위즈덤하우스,전자책,1186117761 ,가정/생활/요리,2023-03-10
4974,알아두면 잘난 척하기 딱 좋은 문화교양사전,김대웅(엮음),노마드,전자책,1186288337 ,인문/역사,2023-03-10
4975,권도균의 스타트업 경영 수업,권도균,위즈덤하우스,전자책,118649915X,경제경영,2023-03-10
4976,내 어깨 위의 새,시빌 들라크루아,소원나무,전자책,1186531940 ,유아,2023-03-10
4977,야미,류현재,손안의책,전자책,1186572019 ,소설,2023-03-10
4978,돈이란 무엇인가,앙드레 코스톨라니,이레미디어,전자책,1186588772 ,경제경영,2023-03-10
4979,나의 롤모델은 스티브 잡스,이혜경,움직이는서재,전자책,1186592060 ,아동,2023-03-10
4980,위기의 중동 어디로 나아가는가,류광철,말글빛냄,전자책,1186614234 ,인문/역사,2023-03-10
4981,세계 지리 어디까지 아니,이승숙,고래가숨쉬는도서관,전자책,1186620870 ,아동,2023-03-10
4982,10대에게 권하는 영문학,박현경,글담,전자책,1186650893 ,청소년,2023-03-10
4983,소크라테스 토끼의 똑똑한 질문들,아스트리드 데보르드,책속물고기,전자책,118667007X,아동,2023-03-10
4984,오늘은 어린이날!,오늘,책속물고기,전자책,1186670282 ,아동,2023-03-10
4985,사람들이 세상을 바꾸기 시작했어요,스테판 미예루,책속물고기,전자책,118667055X,아동,2023-03-10
4986,톱시다운 톱시와 터비다운 터비,저스틴 다스,책속물고기,전자책,1186670894 ,아동,2023-03-10
4987,무섭다고 숨지 마!,자넷 A. 홈스,책속물고기,전자책,1186670932 ,유아,2023-03-10
4988,비교쟁이 콧수염 임금님,서지원,나무생각,전자책,1186688289 ,아동,2023-03-10
4989,생각하는 것이 왜 중요할까요?,이관호,어린이나무생각,전자책,1186688564 ,아동,2023-03-10
4990,한 수줍음쟁이의 세상 정복기,멜리나 로이어,심플라이프,전자책,1186757604 ,자기계발,2023-03-10
4991,"곰곰아, 괜찮아?",김정민,북극곰,전자책,1186797029 ,유아,2023-03-10
4992,나 홀로 버스,남강한,북극곰,전자책,118679738X,유아,2023-03-10
4993,지붕 위 루시,김지연,북극곰,전자책,1186797460 ,유아,2023-03-10
4994,잘 보이고 싶은 날,강심옥 외 24명,북극곰,전자책,1186797517 ,아동,2023-03-10
4995,지구인에게,이루리,북극곰,전자책,1186797657 ,아동,2023-03-10
4996,빨강 캥거루,에릭 바튀,북극곰,전자책,1186797835 ,유아,2023-03-10
4997,복길이 대 호준이,정은주,북극곰,전자책,118679786X,아동,2023-03-10
4998,펑,이루리,북극곰,전자책,1186797908 ,아동,2023-03-10
4999,나는 돈이 없어도 사업을 한다,프레이저 도허티,비즈니스북스,전자책,1186805889 ,경제경영,2023-03-10
5000,페스트,알베르 카뮈,별글,전자책,1186877618 ,소설,2023-03-10
5001,왕실로 읽는 세계사,우야마 다쿠에이,책밥,전자책,1186925922 ,인문/역사,2023-03-10
5002,5분 와인,정휘웅,제이앤제이제이(디지털북스),전자책,1186972645 ,가정/생활/요리,2023-03-10
5003,방구석 맥주 여행,염태진,디지털북스,전자책,1186972688 ,가정/생활/요리,2023-03-10
5004,자전거 도둑,리타 프틀,봄볕,전자책,1186979062 ,아동,2023-03-10
5005,세계의 기념일,박동석,봄볕,전자책,1186979224 ,아동,2023-03-10
5006,"나, 여기 있어요!",케리 페이건,봄볕,전자책,1186979232 ,아동,2023-03-10
5007,안전 대장 리시토,엘 에마토크리티코,봄볕,전자책,1186979275 ,아동,2023-03-10
5008,데미안(최신 원전 완역본),헤르만 헤세,코너스톤,전자책,1187011592 ,소설,2023-03-10
5009,왜 세계의 절반은 굶주리는가?,장 지글러,갈라파고스,전자책,1187038032 ,정치/사회,2023-03-10
5010,데일 카네기 인간관계론,데일 카네기,현대지성,전자책,1187142565 ,자기계발,2023-03-10
5011,물건으로 읽는 세계사,미야자키 마사카츠,현대지성,전자책,1187142654 ,인문/역사,2023-03-10
5012,걸리버 여행기(무삭제 완역본),조나단 스위프트,현대지성,전자책,1187142964 ,소설,2023-03-10
5013,이것이 실전 회계다,김수헌,어바웃어북,전자책,1187150150 ,경제경영,2023-03-10
5014,미술관에 간 물리학자,서민아,어바웃어북,전자책,1187150649 ,과학/공학,2023-03-10
5015,시장의 기억,이태호,어바웃어북,전자책,1187150681 ,경제경영,2023-03-10
5016,우리 과학 열전,이미영,M&Kids,전자책,1187153109 ,아동,2023-03-10
5017,한국을 살린 부자들,오홍선이,M&Kids,전자책,1187153117 ,아동,2023-03-10
5018,세상에 발표 못하는 아이는 없다,윤소윤,린,전자책,1187265608 ,가정/생활/요리,2023-03-10
5019,잘 쓰기 위한 재테크,토리텔러,북스톤,전자책,1187289833 ,경제경영,2023-03-10
5020,인수공통 모든 전염병의 열쇠,데이비드 콰먼,꿈꿀자유,전자책,1187313149 ,건강/의학,2023-03-10
5021,몸에도 미니멀리즘,황민연,사이몬북스,전자책,1187330132 ,건강/의학,2023-03-10
5022,중1 독서 습관,유형선,사우,전자책,118733247X,가정/생활/요리,2023-03-10
5023,끝없이 진화하는 무서운 전염병,이화영,동아엠앤비,전자책,1187336084 ,아동,2023-03-10
5024,달리기가 나에게 알려준 것들,오세진,프레너미,전자책,118738352X,시/에세이,2023-03-10
5025,첩보한국 현대사,고지훈,앨피,전자책,1187430781 ,인문/역사,2023-03-10
5026,롤랑 바르트 음악을 읽다,김정진,앨피,전자책,118743082X,예술/대중문화,2023-03-10
5027,앞으로 3년 경제전쟁의 미래,오건영,지식노마드,전자책,1187481602 ,경제경영,2023-03-10
5028,지리쌤과 함께하는 80일간의 세계 여행(아프리카 아메리카 오세아니아),전국지리교사모임 편집부,폭스코너,전자책,1187514144 ,여행/취미,2023-03-10
5029,밥상 위에 차려진 역사 한 숟갈,박현진,책들의정원,전자책,1187604771 ,인문/역사,2023-03-10
5030,전사들 새로운 예언. 2: 떠오르는 달,에린 헌터,가람어린이,전자책,1187777056 ,아동,2023-03-10
5031,전사들 새로운 예언. 3: 밝아오는 새벽,에린 헌터,가람어린이,전자책,1187777145 ,아동,2023-03-10
5032,용기의 땅. 1: 흩어진 무리,에린 헌터,가람어린이,전자책,1187777919 ,아동,2023-03-10
5033,스토리텔링 발표왕,김채현,보랏빛소,전자책,1187856118 ,아동,2023-03-10
5034,오직 밤뿐인,존 윌리엄스,구픽,전자책,1187886475 ,소설,2023-03-10
5035,시어니 트윌과 대마법사,찰리 N. 홈버그,이덴슬리벨,전자책,1188053876 ,소설,2023-03-10
5036,시작해!! 배드민턴,서동휘,브레인스토어,전자책,1188073435 ,여행/취미,2023-03-10
5037,우리 아빠는 도둑입니다,비외른 잉발젠,북레시피,전자책,1188140892 ,소설,2023-03-10
5038,스토아적으로 살아갑니다,조지 브래들리,프롬북스,전자책,1188167308 ,자기계발,2023-03-10
5039,구글 애드센스로 돈 벌기(확장개정판),안동수,아틀라스북스,전자책,1188194135 ,경제경영,2023-03-10
5040,애프터. 3: 진실의 문,안나 토드,콤마,전자책,1188253085 ,소설,2023-03-10
5041,애프터. 4: 상처받은 영혼의 방,안나 토드,콤마,전자책,1188253093 ,소설,2023-03-10
5042,애프터. 5: 관계의 함정,안나 토드,콤마,전자책,1188253123 ,소설,2023-03-10
5043,애프터. 6: 혼돈,안나 토드,콤마,전자책,1188253131 ,소설,2023-03-10
5044,애프터. 7: 너에게 가는 길,안나 토드,콤마,전자책,1188253166 ,소설,2023-03-10
5045,애프터. 8: 그 후,안나 토드,콤마,전자책,1188253174 ,소설,2023-03-10
5046,기술적 분석 모르고 절대 주식투자 하지 마라,잭 슈웨거,이레미디어,전자책,1188279599 ,경제경영,2023-03-10
5047,바짓바람 아빠들이 온다,SBS스페셜 제작팀,망고나무,전자책,1188279742 ,가정/생활/요리,2023-03-10
5048,바나나 가족,임지형,스푼북,전자책,1188283634 ,아동,2023-03-10
5049,나는 오늘부터 영어 단어를 읽기로 했다,박진호,푸른영토,전자책,1188292838 ,국어/외국어,2023-03-10
5050,"아무튼, 술",김혼비,제철소,전자책,118834322X,시/에세이,2023-03-10
5051,생각정리스피치,복주환,천그루숲,전자책,1188348124 ,자기계발,2023-03-10
5052,스몰 스테퍼,박요철,천그루숲,전자책,1188348574 ,자기계발,2023-03-10
5053,프로 일잘러를 위한 슬기로운 아이패드 생활,이지은(리지),천그루숲,전자책,1188348639 ,자기계발,2023-03-10
5054,머니 프레임 돈을 바라보는 새로운 관점,신성진,천그루숲,전자책,1188348655 ,경제경영,2023-03-10
5055,핀란드 사람들은 왜 중고 가게에 갈까?,박현선,헤이북스,전자책,1188366173 ,정치/사회,2023-03-10
5056,서민 교수의 의학 세계사,서민,생각정원,전자책,1188388711 ,과학/공학,2023-03-10
5057,나는 뉴욕의 초보 검사입니다,이민규,생각정원,전자책,1188388878 ,정치/사회,2023-03-10
5058,결정을 못해서 고민입니다,스기우라 리타,이너북,전자책,1188414143 ,자기계발,2023-03-10
5059,쇼핑몰 성공의 정석,이신우,더블유미디어,전자책,1188476203 ,경제경영,2023-03-10
5060,시체맘(시간도 없고 체력도 안 되는 맘시생의 생계형 공부),문난희,더블유미디어,전자책,1188476211 ,시/에세이,2023-03-10
5061,데이터를 지배하는 자가 세계를 지배한다,리즈후이,더봄,전자책,1188522604 ,경제경영,2023-03-10
5062,관료로 산다는 것,판수즈,더봄,전자책,1188522728 ,인문/역사,2023-03-10
5063,피구왕 서영,황유미,빌리버튼,전자책,1188545418 ,소설,2023-03-10
5064,하루 3줄 초등 글쓰기의 기적,윤희솔,청림라이프,전자책,1188700596 ,가정/생활/요리,2023-03-10
5065,아빠와 딸의 주식 투자 레슨,대니얼 타운,에프엔미디어,전자책,1188754254 ,경제경영,2023-03-10
5066,워런 버핏식 현금주의 투자 전략,장홍래,에프엔미디어,전자책,1188754270 ,경제경영,2023-03-10
5067,어원 덕분에 영어 공부가 쉬워졌습니다,시미즈 켄지,키출판사,전자책,1188808818 ,국어/외국어,2023-03-10
5068,"선생님, 저 우울증인가요?",오카다 다카시,북라이프,전자책,1188850342 ,건강/의학,2023-03-10
5069,의사에게 ‘운동하세요’라는 말을 들었을 때 제일 처음 읽는 책,나카노 제임스 슈이치,북라이프,전자책,1188850741 ,건강/의학,2023-03-10
5070,완벽주의자들,사이먼 윈체스터,북라이프,전자책,1188850849 ,인문/역사,2023-03-10
5071,"어느 날, 우리 집 고양이가 말했다",박정안,노란상상,전자책,1188867296 ,아동,2023-03-10
5072,내 삶의 의미는 무엇인가,이시형,특별한서재,전자책,1188912747 ,인문/역사,2023-03-10
5073,100명의 세계인,한선정,소울하우스,전자책,1188915002 ,아동,2023-03-10
5074,처음엄마 멘붕 탈출법,김혜경,소울하우스,전자책,1188915061 ,가정/생활/요리,2023-03-10
5075,월요일이 무섭지 않은 내향인의 기술,안현진,소울하우스,전자책,1188915231 ,자기계발,2023-03-10
5076,고고학의 역사,브라이언 페이건,소소의책,전자책,1188941321 ,인문/역사,2023-03-10
5077,남자다움의 사회학,필 바커,소소의책,전자책,1188941429 ,정치/사회,2023-03-10
5078,지극히 사적인 프랑스,오헬리엉 루베르,틈새책방,전자책,1188949187 ,인문/역사,2023-03-10
5079,나는 5년 동안 최고의 도전을 시작했다,권현준,슬로디미디어,전자책,1188977466 ,자기계발,2023-03-10
5080,나는 어린이집에서 행복한 인생을 배웠다,유병주(유 마리아),슬로디미디어,전자책,1188977504 ,자기계발,2023-03-10
5081,슬기로운 부모 수업,구은미,라온북,전자책,1189089157 ,가정/생활/요리,2023-03-10
5082,내 아이의 학교생활,정스런,라온북,전자책,1189089297 ,가정/생활/요리,2023-03-10
5083,일은 줄이고 삶은 즐기는 완벽한 직장인,최민기,라온북,전자책,1189089564 ,자기계발,2023-03-10
5084,"까칠한 내 아이, 마음 제대로 이해하기",곽소현,길위의책,전자책,1189151138 ,가정/생활/요리,2023-03-10
5085,어느 인생,기 드 모파상,새움,전자책,1189271915 ,소설,2023-03-10
5086,부의 심리학,바리 테슬러,유노북스,전자책,1189279916 ,경제경영,2023-03-10
5087,기적의 암기법,정계원,유노북스,전자책,1189279991 ,자기계발,2023-03-10
5088,"관인지법: 사람을 보고, 쓰고, 키우는 법",임채성,홍재,전자책,1189330105 ,자기계발,2023-03-10
5089,더 이상 가난한 부자로 살지 않겠다,데이비드 바크,위너스북,전자책,1189352222 ,경제경영,2023-03-10
5090,내가 정말 알아야 할 수학은 초등학교에서 모두 배웠다,최수일,비아북,전자책,1189426838 ,과학/공학,2023-03-10
5091,개인 맞춤의료의 시대가 온다,이해성,클라우드나인,전자책,1189430622 ,경제경영,2023-03-10
5092,빅 픽쳐,션 캐럴,사일런스북,전자책,1189437155 ,과학/공학,2023-03-10
5093,에냐도르의 전설,미라 발렌틴,사일런스북,전자책,1189437201 ,소설,2023-03-10
5094,마이 캠핑 레시피,캠핑퍼스트,꿈의지도,전자책,118946988X,가정/생활/요리,2023-03-10
5095,시즈카 할머니에게 맡겨 줘,나카야마 시치리,블루홀식스(블루홀6),전자책,118957103X,소설,2023-03-10
5096,하체 밸런스 스트레칭,다카하시 유키,포레스트북스,전자책,1189584182 ,건강/의학,2023-03-10
5097,운이 좋다고 말해야 운이 좋아진다,하시가이 고지,포레스트북스,전자책,118958428X,자기계발,2023-03-10
5098,근육에 힘 좀 빼고 삽시다,사토 세이지,포레스트북스,전자책,1189584646 ,건강/의학,2023-03-10
5099,창작자들,강제규,포레스트북스,전자책,1189584662 ,자기계발,2023-03-10
5100,나는 한 달에 1kg만 빼기로 했다,이지은,북스고,전자책,1189612585 ,건강/의학,2023-03-10
5101,투맘쇼,정경미,42미디어콘텐츠,전자책,1189620677 ,가정/생활/요리,2023-03-10
5102,어쩌다 보니 재즈를 듣게 되었습니다,이강휘,42미디어콘텐츠,전자책,1189620715 ,예술/대중문화,2023-03-10
5103,열 문장 쓰는 법,김정선,유유,전자책,1189683334 ,인문/역사,2023-03-10
5104,뮬란,엘리자베스 림,라곰,전자책,1189686163 ,소설,2023-03-10
5105,영유아 몬테소리 육아대백과,시모네 데이비스,키출판사,전자책,1189719797 ,가정/생활/요리,2023-03-10
5106,마음을 닦아 세상의 주인으로 산다,정석현,보민출판사,전자책,1189796759 ,건강/의학,2023-03-10
5107,"낯선 일상을 찾아, 틈만 나면 걸었다",슛뚜,상상출판,전자책,1189856719 ,여행/취미,2023-03-10
5108,"50, 이제 나를 위해 산다",호사카 다카시,상상출판,전자책,1189856735 ,자기계발,2023-03-10
5109,발리 셀프트래블(2020-2021),한혜원,상상출판,전자책,1189856808 ,여행/취미,2023-03-10
5110,파우스터,김호연,위즈덤하우스,전자책,1189938642 ,소설,2023-03-10
5111,아이디어 불패의 법칙,알베르토 사보이아,인플루엔셜,전자책,1189995565 ,경제경영,2023-03-10
5112,루스벨트 게임,이케이도 준,인플루엔셜,전자책,1189995905 ,소설,2023-03-10
5113,진짜 게으른 사람이 쓴 게으름 탈출법,지이,마인드빌딩,전자책,1190015099 ,시/에세이,2023-03-10
5114,나는 왜 내가 제일 힘들까,마크 고울스톤,마인드빌딩,전자책,1190015129 ,인문/역사,2023-03-10
5115,당신이 글을 쓰면 좋겠습니다,홍승은,어크로스,전자책,1190030322 ,인문/역사,2023-03-10
5116,설레이는 여행과 나의 로타리,김동기,아우룸,전자책,1190048663 ,여행/취미,2023-03-10
5117,사계절 생태 캠핑: 자연은 또 다른 학교,권오준,천개의바람,전자책,1190077140 ,아동,2023-03-10
5118,딱 한마디 한국사,이보림,천개의바람,전자책,1190077191 ,아동,2023-03-10
5119,엄마라서 괜찮은 하루,김미진,생각의빛,전자책,119008256X,시/에세이,2023-03-10
5120,뼈 때리는 영어 표현,이길영,PUB.365,전자책,1190101270 ,국어/외국어,2023-03-10
5121,주식투자 매도하는 법부터 배워라,김중근,미래지식,전자책,1190107597 ,경제경영,2023-03-10
5122,약국에 없는 약 이야기,박성규,엠아이디,전자책,1190116103 ,인문/역사,2023-03-10
5123,응급의학과 곽경훈입니다,곽경훈,원더박스,전자책,1190136112 ,시/에세이,2023-03-10
5124,식사에도 과학이 필요해,린칭순,원더박스,전자책,1190136147 ,건강/의학,2023-03-10
5125,투자은행의 눈으로 보라,김지훈,원더박스,전자책,1190136163 ,경제경영,2023-03-10
5126,까칠한 재석이가 깨달았다,고정욱,애플북스,전자책,1190147211 ,청소년,2023-03-10
5127,끝까지 남겨두는 그 마음,나태주,북로그컴퍼니,전자책,1190224151 ,시/에세이,2023-03-10
5128,"시작합니다, 비폭력대화",마리안느 두브레르,북로그컴퍼니,전자책,1190224402 ,가정/생활/요리,2023-03-10
5129,트랙션,지노 위크먼,시목,전자책,1190224429 ,경제경영,2023-03-10
5130,"엄마의 라이프스타일, 아이의 미래가 되다",김은형,라온북,전자책,1190233061 ,가정/생활/요리,2023-03-10
5131,인맥이 그렇게 중요해?,공준식,라온북,전자책,119023386X,자기계발,2023-03-10
5132,티끌 같은 나,빅토리야 토카레바,잔,전자책,119023405X,소설,2023-03-10
5133,노르딕 환상 동화,욘 아르나손 외 6인,베가북스,전자책,1190242230 ,소설,2023-03-10
5134,재무제표 모르면 주식투자 절대로 하지마라,사경인,베가북스,전자책,1190242273 ,경제경영,2023-03-10
5135,나는 낯을 가립니다,소리타 가쓰히코,시그마북스,전자책,1190257300 ,인문/역사,2023-03-10
5136,세계 문화 여행: 모로코,질리안 요크,시그마북스,전자책,1190257440 ,인문/역사,2023-03-10
5137,내게 유리한 판을 만들라,홍선표,시크릿하우스,전자책,1190259117 ,경제경영,2023-03-10
5138,10초 15분 1주일,미키 다케노부,시크릿하우스,전자책,1190259141 ,자기계발,2023-03-10
5139,파워,제프리 페퍼,시크릿하우스,전자책,1190259249 ,경제경영,2023-03-10
5140,낯설렘,김동준,북팟,전자책,1190268744 ,시/에세이,2023-03-10
5141,예술가와 사물들,장석주,교유서가,전자책,1190277433 ,시/에세이,2023-03-10
5142,문화적 정체성은 없다,프랑수아 줄리앙,교유서가,전자책,1190277476 ,인문/역사,2023-03-10
5143,클래식이 알고 싶다,안인모,위즈덤하우스,전자책,1190305003 ,예술/대중문화,2023-03-10
5144,밀레니얼-Z세대 트렌드 2020,대학내일20대연구소,위즈덤하우스,전자책,119030502X,경제경영,2023-03-10
5145,하지미지,궈징밍,위즈덤하우스,전자책,1190305100 ,소설,2023-03-10
5146,그림자 없는 남자,조이스 캐럴 오츠,위즈덤하우스,전자책,1190305119 ,소설,2023-03-10
5147,엄마의 하브루타 대화법,김금선,위즈덤하우스,전자책,1190305887 ,가정/생활/요리,2023-03-10
5148,에크하르트 톨레의 이 순간의 나,에크하르트 톨레,센시오,전자책,1190356155 ,시/에세이,2023-03-10
5149,여자라면 심리학부터,장루겅,센시오,전자책,1190356368 ,자기계발,2023-03-10
5150,경영 전략의 역사,고토사카 마사히로,센시오,전자책,1190356376 ,경제경영,2023-03-10
5151,상처 주지 않고 할 말 다하는 말솜씨,허야거,센시오,전자책,1190356481 ,자기계발,2023-03-10
5152,일 빨리 끝내는 사람의 42가지 비법,요시다 유키히로,센시오,전자책,1190356562 ,자기계발,2023-03-10
5153,삶의 끝에서 비로소 깨닫게 되는 것들,정재영,센시오,전자책,1190356619 ,시/에세이,2023-03-10
5154,나는 왜 엄마가 힘들까,썸머,책과이음,전자책,1190365057 ,시/에세이,2023-03-10
5155,유령해마,문목하,아작,전자책,1190394073 ,소설,2023-03-10
5156,틸리 서양철학사,프랭크 틸리,현대지성,전자책,1190398222 ,인문/역사,2023-03-10
5157,살이 찌기만 하고 빠지지 않을 때 읽는 책,기무라 요코,현대지성,전자책,119039829X,건강/의학,2023-03-10
5158,탁월한 생각은 어떻게 만들어지는가,팀 허슨,현대지성,전자책,1190398648 ,자기계발,2023-03-10
5159,굿바이일본,김교수,그린하우스,전자책,1190419017 ,정치/사회,2023-03-10
5160,김난도의 트렌드 로드: 뉴욕 임파서블,김난도,그린하우스,전자책,1190419130 ,경제경영,2023-03-10
5161,인간의 척도,마르코 말발디,그린하우스,전자책,1190419203 ,소설,2023-03-10
5162,질 좋은 책,정수연,위즈덤하우스,전자책,1190427508 ,건강/의학,2023-03-10
5163,0~5세 뇌가 쑥쑥 자라는 놀이 육아,이보연,위즈덤하우스,전자책,1190427613 ,가정/생활/요리,2023-03-10
5164,임원이 된다는 것,김혜영,페이퍼로드,전자책,1190475103 ,자기계발,2023-03-10
5165,자라듯 커가듯,박순길,이든북,전자책,1190532352 ,아동,2023-03-10
5166,누가 누가 살고 있을까,하복실,이든북,전자책,1190532379 ,아동,2023-03-10
5167,지붕 고치는 날,신은겸,이든북,전자책,1190532387 ,시/에세이,2023-03-10
5168,신의진의 아이심리백과 0~2세 편(30만 부 기념 최신 증보판),신의진,메이븐,전자책,1190538067 ,가정/생활/요리,2023-03-10
5169,신의진의 아이심리백과 3~4세 편(30만 부 기념 최신 증보판),신의진,메이븐,전자책,1190538075 ,가정/생활/요리,2023-03-10
5170,신의진의 아이심리백과 5~6세 편(30만 부 기념 최신 증보판),신의진,메이븐,전자책,1190538083 ,가정/생활/요리,2023-03-10
5171,망하지 않는 게 목표입니다,박희종,메이드인,전자책,1190545004 ,경제경영,2023-03-10
5172,윤희에게 시나리오,임대형(각본),클,전자책,119055500X,예술/대중문화,2023-03-10
5173,윤희에게 메이킹북,임대형 (연출),클,전자책,1190555093 ,예술/대중문화,2023-03-10
5174,도쿄 컬트 레시피,무로타 마오리,클,전자책,1190555123 ,가정/생활/요리,2023-03-10
5175,우리에겐 기억할 것이 있다,박래군,클,전자책,1190555158 ,정치/사회,2023-03-10
5176,"매일 써먹는, 1일 1문장 엄마표 생활영어",고윤경,위즈덤하우스,전자책,1190630141 ,가정/생활/요리,2023-03-10
5177,양식당 오가와,오가와 이토,위즈덤하우스,전자책,1190630303 ,시/에세이,2023-03-10
5178,돈과 사람을 끌어당기는 부자의 말센스,김주하,위즈덤하우스,전자책,1190630346 ,자기계발,2023-03-10
5179,이동진이 말하는 봉준호의 세계,이동진,위즈덤하우스,전자책,1190630702 ,예술/대중문화,2023-03-10
5180,별을 위한 시간,로버트 A. 하인라인,아작,전자책,1190652005 ,소설,2023-03-10
5181,쌀의 전쟁,추명성,아우룸,전자책,1190724561 ,소설,2023-03-10
5182,집에서 10억 버는 카페24 쇼핑몰 제작하기,박길현,아티오,전자책,1190732033 ,IT/프로그래밍,2023-03-10
5183,그림책 한 권의 힘,이현아,카시오페아,전자책,1190776014 ,가정/생활/요리,2023-03-10
5184,내 마음을 쉬게 하는 연습,야하기 나오키,위즈덤하우스,전자책,1190786222 ,자기계발,2023-03-10
5185,세상에서 가장 쉬운 패권 쟁탈의 세계사,미야자키 마사카츠,위즈덤하우스,전자책,1190786311 ,인문/역사,2023-03-10
5186,오! 시몬,율리아 코르비크,위즈덤하우스,전자책,1190786664 ,인문/역사,2023-03-10
5187,아이와 나는 한 팀이었다,최성현,위즈덤하우스,전자책,1190786818 ,가정/생활/요리,2023-03-10
5188,매드 불릿 언더그라운드,노미야 유,위즈덤하우스,전자책,1190786842 ,소설,2023-03-10
5189,"언니, 나랑 결혼할래요?",김규진,위즈덤하우스,전자책,1190786850 ,시/에세이,2023-03-10
5190,이제부터 일하는 방식이 달라집니다,강승훈,위즈덤하우스,전자책,1190786877 ,경제경영,2023-03-10
5191,"로망으로 남기지 마, 수영!",이현진,지식인하우스,전자책,1190807009 ,시/에세이,2023-03-10
5192,결국 결말은 해피엔딩,김이현,지식인하우스,전자책,1190807025 ,시/에세이,2023-03-10
5193,위 러브 포에버(We Love Forever)(스페셜 에디션 한정판),위러브 크리에이티브팀,패스오버,전자책,119082034X,종교,2023-03-10
5194,내 삶에 알맞은 걸음으로,아인잠,유노북스,전자책,1190826070 ,시/에세이,2023-03-10
5195,"사람, 삶을 안다는 것",박명우,이엘북스,전자책,1195007892 ,인문/역사,2023-03-10
5196,감정조절자,김인자,헥소미아,전자책,1195010079 ,인문/역사,2023-03-10
5197,"돈, 일하게 하라",박영옥(주식농부),프레너미,전자책,1195612206 ,경제경영,2023-03-10
5198,우리에겐 언어가 필요하다,이민경,봄알람,전자책,119585790X,정치/사회,2023-03-10
5199,메카코딩,정윤호,훈스토리북,전자책,119586003X,아동,2023-03-10
5200,"하루 30분, 날마다 기적",김부길,일월일일,전자책,1196139652 ,자기계발,2023-03-10
5201,100배 주식,크리스토퍼 메이어,워터베어프레스,전자책,1196159025 ,경제경영,2023-03-10
5202,나는 아름다운 사람입니다,희망의 언덕,바보들꽃,전자책,119623812X,아동,2023-03-10
5203,B급 세계사. 2: 인물편,김상훈,행복한작업실,전자책,1196381526 ,인문/역사,2023-03-10
5204,이상한 마을에 놀러 오세요. 1: 움직이는 학교,하민석,딸기책방,전자책,119639184X,아동,2023-03-10
5205,이상한 마을에 놀러 오세요. 2: 서커스단의 비밀,하민석,딸기책방,전자책,1196391858 ,아동,2023-03-10
5206,독일생활백서,우상덕,메이드마인드,전자책,1196409188 ,여행/취미,2023-03-10
5207,혁명의 유혹,박광무,한마당서림,전자책,1196478805 ,경제경영,2023-03-10
5208,부의 미래 누가 주도할 것인가,인호,미지biz,전자책,119649553X,경제경영,2023-03-10
5209,영어 원서로 읽는 셜록. 1: A Study in Scarlet,코난 도일,북스트릿,전자책,1196527881 ,국어/외국어,2023-03-10
5210,영어 원서로 읽는 셜록. 2: The Sign of Four,아서 코난 도일,북스트릿,전자책,119652789X,국어/외국어,2023-03-10
5211,기적의 식단,이영훈,북드림,전자책,1196556652 ,건강/의학,2023-03-10
5212,처음 만나는 사씨남정기,김용안,미래주니어,전자책,1196598916 ,아동,2023-03-10
5213,양준일 Maybe,양준일,모비딕북스,전자책,1196601917 ,시/에세이,2023-03-10
5214,평양을 세일합니다,박종성,바보물고기,전자책,1196624917 ,소설,2023-03-10
5215,나는 엄마가 먹여 살렸는데,김은화,딸세포,전자책,1196675619 ,시/에세이,2023-03-10
5216,올드 뉴욕,이디스 워튼,레인보우퍼블릭북스,전자책,1196684626 ,소설,2023-03-10
5217,좋은 잠 처방전,샤론 무어,유월사일,전자책,1196756929 ,가정/생활/요리,2023-03-10
5218,100년 전 영국 언론은 조선을 어떻게 봤을까?,최성락,페이퍼로드,전자책,1196793573 ,인문/역사,2023-03-10
5219,트렌드 읽는 습관,김선주,좋은습관연구소,전자책,1196861161 ,경제경영,2023-03-10
5220,뉴 그럽 스트리트,조지 기싱,코호북스,전자책,1196893926 ,소설,2023-03-10
5221,서툴더라도 반짝이게 살아갈 것,채민성,지식인하우스,전자책,1196902984 ,시/에세이,2023-03-10
5222,강철거인 온다르. 1,김덕겸,메이킹북스,전자책,1196928010 ,소설,2023-03-10
5223,강철거인 온다르. 2,김덕겸,메이킹북스,전자책,1196950725 ,소설,2023-03-10
5224,"나는 자주 죽고 싶었고, 가끔 정말 살고 싶었다",아른힐 레우뱅,생각정원,전자책,1196957436 ,인문/역사,2023-03-10
5225,오늘도 잘 살았습니다,류승희,생각정원,전자책,1196957452 ,시/에세이,2023-03-10
5226,초등학생을 위한 150년 하버드 글쓰기 비법,송숙희,유노라이프,전자책,1196997543 ,가정/생활/요리,2023-03-10
5227,마음을 치료하는 법,로리 고틀립,코쿤북스,전자책,1196999201 ,인문/역사,2023-03-10
5228,"스물다섯, 다시 고1입니다",이오월,메이킹북스,전자책,1197006443 ,시/에세이,2023-03-10
5229,베트남어 단어 그림 사전,김유경,메이킹북스,전자책,1197058605 ,국어/외국어,2023-03-10
5230,가시버시,박기환,메이킹북스,전자책,119705863X,시/에세이,2023-03-10
5231,권력의 법칙,로버트 그린,웅진지식하우스,전자책,8901092948 ,자기계발,2023-03-10
5232,습관의 힘,찰스 두히그,갤리온,전자책,890115059X,자기계발,2023-03-10
5233,유혹의 기술,로버트 그린,웅진지식하우스,전자책,8901152258 ,자기계발,2023-03-10
5234,잉글리시 리스타트 Basic 영어의 기초를 한 달 만에(멀티ebook),I.A.Richards,뉴런,전자책,8901215004 ,국어/외국어,2023-03-10
5235,정리의 힘,곤도 마리에,웅진지식하우스,전자책,8901234475 ,자기계발,2023-03-10
5236,보수의 영혼,전성철,엘도라도,전자책,8901238195 ,정치/사회,2023-03-10
5237,세상에 나쁜 곤충은 없다,안네 스베르드루프-튀게손,웅진지식하우스,전자책,8901238861 ,과학/공학,2023-03-10
5238,뉴스 다이어트,롤프 도벨리,갤리온,전자책,8901239140 ,인문/역사,2023-03-10
5239,더 팀: 성과를 내는 팀에는 법칙이 있다,아사노 고지,리더스북,전자책,8901239221 ,경제경영,2023-03-10
5240,완전히 새로운 공룡의 역사,스티브 브루사테,웅진지식하우스,전자책,8901240068 ,과학/공학,2023-03-10
5241,사랑받을 권리,일레인 N. 아론,웅진지식하우스,전자책,8901240777 ,인문/역사,2023-03-10
5242,초예측 부의 미래,마루야마 순이치,웅진지식하우스,전자책,8901241811 ,인문/역사,2023-03-10
5243,"미움, 우정, 구애, 사랑, 결혼",앨리스 먼로,웅진지식하우스,전자책,8901242192 ,소설,2023-03-10
5244,지혜랑 어휘랑 놀자!,이성모,교학사,전자책,8909191597 ,아동,2023-03-10
5245,로봇이 왔다,한혜영,함께자람(교학사),전자책,8909196637 ,아동,2023-03-10
5246,노인과 바다,어니스트 밀러 헤밍웨이,삼성출판사,전자책,8915058127 ,아동,2023-03-10
5247,스틸 키스,제프리 디버,알에이치코리아,전자책,8925536749 ,소설,2023-03-10
5248,지랄발랄 하은맘의 불량육아,김선미,알에이치코리아,전자책,8925536781 ,가정/생활/요리,2023-03-10
5249,돈워리 스쿨,정현두,알에이치코리아,전자책,8925536838 ,경제경영,2023-03-10
5250,당신은 사업가입니까,캐럴 로스,알에이치코리아,전자책,8925551950 ,경제경영,2023-03-10
5251,죽음을 문신한 소녀,조던 하퍼,알에이치코리아,전자책,8925565358 ,소설,2023-03-10
5252,SUN: 햇볕 쨍쨍한 날의 기적,샘 어셔,주니어RHK,전자책,8925566044 ,유아,2023-03-10
5253,도쿄타워,릴리 프랭키,알에이치코리아,전자책,8925566389 ,소설,2023-03-10
5254,블랙박스,마이클 코넬리,알에이치코리아,전자책,8925566850 ,소설,2023-03-10
5255,STORM: 폭풍우 치는 날의 기적,샘 어셔,주니어RHK,전자책,8925567601 ,유아,2023-03-10
5256,아이디어 팩토리,존 거트너,주니어RHK,전자책,8925567644 ,아동,2023-03-10
5257,살수. 1,김진명,알에이치코리아,전자책,8925567717 ,소설,2023-03-10
5258,살수. 2,김진명,알에이치코리아,전자책,8925567725 ,소설,2023-03-10
5259,나의 가해자들에게,씨리얼,알에이치코리아,전자책,8925567733 ,시/에세이,2023-03-10
5260,부동산 소액 투자의 정석,김원철,알에이치코리아,전자책,8925567849 ,경제경영,2023-03-10
5261,이문열 삼국지. 1,나관중,알에이치코리아,전자책,8925568799 ,소설,2023-03-10
5262,이문열 삼국지. 2,나관중,알에이치코리아,전자책,8925568802 ,소설,2023-03-10
5263,이문열 삼국지. 3,나관중,알에이치코리아,전자책,8925568810 ,소설,2023-03-10
5264,이문열 삼국지. 4,나관중,알에이치코리아,전자책,8925568829 ,소설,2023-03-10
5265,이문열 삼국지. 5,나관중,알에이치코리아,전자책,8925568845 ,소설,2023-03-10
5266,이문열 삼국지. 6,나관중,알에이치코리아,전자책,8925568853 ,소설,2023-03-10
5267,이문열 삼국지. 7,나관중,알에이치코리아,전자책,8925568861 ,소설,2023-03-10
5268,이문열 삼국지. 8,나관중,알에이치코리아,전자책,892556887X,소설,2023-03-10
5269,이문열 삼국지. 9,나관중,알에이치코리아,전자책,8925568888 ,소설,2023-03-10
5270,이문열 삼국지. 10,나관중,알에이치코리아,전자책,8925568896 ,소설,2023-03-10
5271,십분의 일을 냅니다,이현우,알에이치코리아,전자책,8925568950 ,시/에세이,2023-03-10
5272,배심원단,마이클 코넬리,알에이치코리아,전자책,8925568969 ,소설,2023-03-10
5273,하버드 인생학 특강,클레이튼 M. 크리스텐슨,알에이치코리아,전자책,8925568993 ,자기계발,2023-03-10
5274,평일도 인생이니까,김신지,알에이치코리아,전자책,8925569043 ,시/에세이,2023-03-10
5275,한국의 3대 트레킹: 제주올레 한 달 완주기 편,최병욱,이담북스,전자책,8926897745 ,여행/취미,2023-03-10
5276,초등국어 독해력 사다리 2단계,안명숙,다락원,전자책,8927700961 ,아동,2023-03-10
5277,일본어 상용한자 2136 한권으로 끝내기,한선희,다락원,전자책,8927711165 ,국어/외국어,2023-03-10
5278,문화가 있는 한국어 읽기. 1,조항록,다락원,전자책,8927732480 ,국어/외국어,2023-03-10
5279,문화가 있는 한국어 읽기. 2,조항록,다락원,전자책,8927732499 ,국어/외국어,2023-03-10
5280,일본어 한자 암기 마스터,원진우,다락원,전자책,8927746546 ,국어/외국어,2023-03-10
5281,한식조리기능사 필기(2020),이현경,다락원,전자책,8927770374 ,가정/생활/요리,2023-03-10
5282,양식조리기능사 필기(2020),이현경,다락원,전자책,8927770382 ,가정/생활/요리,2023-03-10
5283,중식조리기능사 실기(2020),이현경,다락원,전자책,8927770536 ,가정/생활/요리,2023-03-10
5284,나는 샤넬백 대신 그림을 산다,윤보형,중앙북스,전자책,8927810953 ,경제경영,2023-03-10
5285,로푸드 레시피,전주리,중앙북스,전자책,892781116X,가정/생활/요리,2023-03-10
5286,시지프의 신화,알베르 카뮈,문예출판사,전자책,8931000138 ,소설,2023-03-10
5287,로봇(Robot),명로진,성안당,전자책,8931582161 ,아동,2023-03-10
5288,인공지능: 4차 산업혁명 편,명로진,성안당,전자책,8931582188 ,아동,2023-03-10
5289,러셀 서양철학사,버트런드 러셀,을유문화사,전자책,8932440018 ,인문/역사,2023-03-10
5290,포지셔닝,잭 트라우트,을유문화사,전자책,8932471134 ,경제경영,2023-03-10
5291,나는 미생물과 산다,김응빈,을유문화사,전자책,8932473781 ,과학/공학,2023-03-10
5292,요즘 애들에게 팝니다,김동욱,청림출판,전자책,893521308X,경제경영,2023-03-10
5293,잡스의 기준,켄 코시엔다,청림출판,전자책,8935213136 ,경제경영,2023-03-10
5294,나의 눈부신 친구,엘레나 페란테,한길사,전자책,8935669733 ,소설,2023-03-10
5295,당신이 생각조차 못 해 본 30년 후 의학 이야기,윤경식,청아출판사,전자책,8936811517 ,과학/공학,2023-03-10
5296,으악 병원에 귀신이,박종관,문공사,전자책,894521478X,아동,2023-03-10
5297,"엄마, 주식 사주세요",존 리,한국경제신문사,전자책,8947541184 ,경제경영,2023-03-10
5298,꾸뻬 씨의 핑크색 안경,프랑수아 를로르,마시멜로,전자책,8947544078 ,소설,2023-03-10
5299,클럽 별의 금화,얀 제거스,마시멜로,전자책,8947544388 ,소설,2023-03-10
5300,돈의 흐름으로 보는 세계사,미야자키 마사카츠,한국경제신문,전자책,8947545104 ,경제경영,2023-03-10
5301,실험실의 쥐,댄 라이언스,프런티어,전자책,8947545856 ,정치/사회,2023-03-10
5302,마음을 비우면 얻어지는 것들,김상운,21세기북스,전자책,8950936496 ,자기계발,2023-03-10
5303,이토록 아름다운 수학이라면,최영기,21세기북스,전자책,8950979950 ,인문/역사,2023-03-10
5304,술이 달아 큰일이야,가쿠타 미쓰요,아르테(arte),전자책,8950982625 ,시/에세이,2023-03-10
5305,"마흔, 논어를 읽어야 할 시간",신정근,21세기북스,전자책,8950984830 ,자기계발,2023-03-10
5306,"초등 6년 공부, 하브루타로 완성하라",전병규,21세기북스,전자책,8950985268 ,가정/생활/요리,2023-03-10
5307,"히어로, 진짜 너를 보여 줘!",비타 머로,을파소,전자책,8950985543 ,아동,2023-03-10
5308,샐리의 비밀스러운 밤,김아로미,아르테(arte),전자책,8950985748 ,소설,2023-03-10
5309,간니닌니 마법의 도서관. 1: 피터 팬을 구하라!,지유리,아울북,전자책,895098587X,아동,2023-03-10
5310,간니닌니 마법의 도서관. 2: 이상한 나라의 앨리스,안성훈,아울북,전자책,8950985888 ,아동,2023-03-10
5311,쉼 없이 걸어 촛불을 만났다,최민희,21세기북스,전자책,8950986876 ,정치/사회,2023-03-10
5312,진정성의 힘,제임스 H. 길모어,21세기북스,전자책,8950986949 ,경제경영,2023-03-10
5313,"카카오프렌즈, 그건 사랑한단 뜻이야",흔글,아르테(arte),전자책,8950987112 ,시/에세이,2023-03-10
5314,경제학은 어떻게 권력이 되었는가,조너선 앨드리드,21세기북스,전자책,8950987317 ,경제경영,2023-03-10
5315,트렌드를 넘는 마케팅이 온다,박기완,21세기북스,전자책,8950987341 ,경제경영,2023-03-10
5316,빌 브라이슨 발칙한 유럽산책(리커버 에디션),빌 브라이슨,21세기북스,전자책,8950987643 ,시/에세이,2023-03-10
5317,인생에서 정지 버튼을 누르고 싶었던 순간들,이민주,21세기북스,전자책,8950987775 ,시/에세이,2023-03-10
5318,프랑켄슈타인: 현대의 프로메테우스,메리 셸리,아르테(arte),전자책,8950987821 ,소설,2023-03-10
5319,허랜드,샬럿 퍼킨스 길먼,아르테(arte),전자책,895098783X,소설,2023-03-10
5320,불타는 세계,마거릿 캐번디시,아르떼,전자책,8950987848 ,소설,2023-03-10
5321,컬처엔진,신경수,21세기북스,전자책,8950988216 ,경제경영,2023-03-10
5322,베조노믹스,브라이언 두메인,21세기북스,전자책,8950988356 ,경제경영,2023-03-10
5323,세금을 다시 생각하다,소순무,21세기북스,전자책,8950988429 ,경제경영,2023-03-10
5324,토익달인 정상의 영어공부법,정상,살림,전자책,8952214730 ,국어/외국어,2023-03-10
5325,공학이란 무엇인가,성풍현,살림,전자책,8952227298 ,과학/공학,2023-03-10
5326,울렁울렁 맞춤법,이송현,살림어린이,전자책,8952230973 ,아동,2023-03-10
5327,그림자 실종 사건,정현정,살림어린이,전자책,8952231678 ,아동,2023-03-10
5328,똑똑한 우리 몸 설명서,황근기,살림어린이,전자책,8952232798 ,아동,2023-03-10
5329,조선의 왕자는 무얼 공부했을까,곽영미,살림어린이,전자책,8952235142 ,아동,2023-03-10
5330,나는 여우인가 나는 늑대인가,오바라 요시아키,살림,전자책,8952236505 ,과학/공학,2023-03-10
5331,도자기로 본 세계사,황윤,살림,전자책,8952238532 ,인문/역사,2023-03-10
5332,마르크스에 관한 모든 것,토머스 스타인펠트,살림,전자책,8952239156 ,인문/역사,2023-03-10
5333,4차 산업혁명과 인간의 미래,최연구,살림FRIENDS,전자책,8952239350 ,청소년,2023-03-10
5334,나무가 자라는 모습을 보았다,에르빈 토마,살림,전자책,8952239431 ,과학/공학,2023-03-10
5335,제국의 전략가,앤드루 크레피네비치,살림,전자책,8952240812 ,정치/사회,2023-03-10
5336,"샴페인에서 바게트, 빅토르 위고에서 사르트르",최연구,살림,전자책,8952241614 ,인문/역사,2023-03-10
5337,덤플링,줄리 머피,살림,전자책,8952241630 ,청소년,2023-03-10
5338,적의를 담아 애정을 고백하는 법,무라타 사야카,살림,전자책,8952241770 ,소설,2023-03-10
5339,호스 댄서(The Horse Dancer),조조 모예스,살림,전자책,8952241797 ,소설,2023-03-10
5340,당신에게 잘 자라고 말할 때,카롤리나 세테르발,시공사,전자책,8952739264 ,소설,2023-03-10
5341,더 위험한 과학책,랜들 먼로,시공사,전자책,895275154X,과학/공학,2023-03-10
5342,영원한 권력은 없다,김종인,시공사,전자책,895275879X,정치/사회,2023-03-10
5343,주말여행 버킷리스트 99(2020~2021),김혜영,시공사,전자책,8952762169 ,여행/취미,2023-03-10
5344,책 읽어주는 남자,베른하르트 슐링크,시공사,전자책,8952768566 ,소설,2023-03-10
5345,무의식은 답을 알고 있다,석정훈,알키,전자책,8952772903 ,자기계발,2023-03-10
5346,웹툰스쿨,홍난지,시공사,전자책,8952772997 ,예술/대중문화,2023-03-10
5347,위험한 과학책,랜들 먼로,시공사,전자책,8952773322 ,과학/공학,2023-03-10
5348,게으름도 습관이다,최명기,알키,전자책,895277776X,자기계발,2023-03-10
5349,힘 빼기의 기술,김하나,시공사,전자책,8952778901 ,시/에세이,2023-03-10
5350,"내 손으로, 치앙마이",이다,시공사,전자책,8952779010 ,여행/취미,2023-03-10
5351,권력은 왜 역사를 지배하려 하는가,윤상욱,시공사,전자책,8952779959 ,정치/사회,2023-03-10
5352,스톱오버 헬싱키,우지경,시공사,전자책,8952794451 ,여행/취미,2023-03-10
5353,대항해시대의 탄생,송동훈,시공사,전자책,895279933X,인문/역사,2023-03-10
5354,수군수군 수학비법,이안,계림북스,전자책,8953329426 ,아동,2023-03-10
5355,시간을 파는 상점,김선영,자음과모음,전자책,8954427170 ,청소년,2023-03-10
5356,대립과 모순을 통해 세상을 배워요,박해용,자음과모음,전자책,8954440142 ,아동,2023-03-10
5357,1Q84. 1,무라카미 하루키,문학동네,전자책,8954608647 ,소설,2023-03-10
5358,1Q84. 2,무라카미 하루키,문학동네,전자책,8954608655 ,소설,2023-03-10
5359,1Q84. 3,무라카미 하루키,문학동네,전자책,895461180X,소설,2023-03-10
5360,살인자의 기억법,김영하,문학동네,전자책,8954622038 ,소설,2023-03-10
5361,바깥은 여름,김애란,문학동네,전자책,8954646077 ,소설,2023-03-10
5362,마당이 있는 집,김진영,엘릭시르,전자책,8954651054 ,소설,2023-03-10
5363,조용한 아내,A.S.A. 해리슨,엘릭시르,전자책,8954658717 ,소설,2023-03-10
5364,컬러 퍼플,앨리스 워커,문학동네,전자책,895467089X,소설,2023-03-10
5365,욕망을 파는 집. 1,스티븐 킹,엘릭시르,전자책,8954671608 ,소설,2023-03-10
5366,욕망을 파는 집. 2,스티븐 킹,엘릭시르,전자책,8954671616 ,소설,2023-03-10
5367,퀴즈 과학상식(인체),도기성,글송이,전자책,8955722060 ,아동,2023-03-10
5368,네 안에 잠든 거인을 깨워라,앤서니 라빈스,씨앗을뿌리는사람,전자책,8956371342 ,자기계발,2023-03-10
5369,역사가 살아있는 남산 이야기,최준식,마루벌,전자책,8956634513 ,유아,2023-03-10
5370,백발백중 우리 민족 활시위를 당겨라,김형국,마루벌,전자책,895663453X,아동,2023-03-10
5371,반구대 암각화 바위에 새긴 고래 이야기,강미희,마루벌,전자책,8956635641 ,아동,2023-03-10
5372,여우비빔밥,김주현,마루벌,전자책,8956635730 ,유아,2023-03-10
5373,아름다운 우리 한옥,신광철,마루벌,전자책,8956635838 ,유아,2023-03-10
5374,나뭇잎 편지,김영수,오늘의문학사,전자책,8956699739 ,아동,2023-03-10
5375,암호와 해킹(White Hat Python),장삼용,정보문화사,전자책,8956748381 ,IT/프로그래밍,2023-03-10
5376,"지구경영, 홍익에서 답을 찾다",이승헌,한문화,전자책,895699286X,정치/사회,2023-03-10
5377,뇌를 알면 행복이 보인다,이승헌,브레인월드,전자책,8956993106 ,건강/의학,2023-03-10
5378,뼛속까지 내려가서 써라,나탈리 골드버그,한문화,전자책,8956993408 ,인문/역사,2023-03-10
5379,마음이 먹는 밥,류경일,아이들판,전자책,8957340645 ,아동,2023-03-10
5380,2030 미래 일자리 보고서,안드레스 오펜하이머,가나출판사,전자책,8957360123 ,경제경영,2023-03-10
5381,내 그림자에게 말 걸기,로버트 존슨,가나출판사,전자책,8957361162 ,인문/역사,2023-03-10
5382,재미있는 우리 문화유산 이야기,송미화,가나출판사,전자책,8957365656 ,아동,2023-03-10
5383,재미있는 선거와 정치 이야기,조항록,가나출판사,전자책,8957365729 ,아동,2023-03-10
5384,재미있는 법 이야기,한국법교육센터,가나출판사,전자책,8957366598 ,아동,2023-03-10
5385,거미학교,박영란,아진,전자책,8957613765 ,아동,2023-03-10
5386,초승달 색연필,황혜정,아진,전자책,8957614974 ,아동,2023-03-10
5387,사라진 조우관,정명섭,사계절,전자책,895828000X,아동,2023-03-10
5388,벌레가 기절했다,최수진,사계절,전자책,8958288299 ,아동,2023-03-10
5389,하늘은 무섭지 않아,고호관,사계절,전자책,8958288523 ,아동,2023-03-10
5390,영혼들의 여행,마이클 뉴턴,나무생각,전자책,8959372609 ,시/에세이,2023-03-10
5391,위쳐,안제이 사프콥스키,제우미디어,전자책,8959522392 ,소설,2023-03-10
5392,그것은 벚꽃 같은 사랑이었다,히로세 미이,제우미디어,전자책,8959527742 ,소설,2023-03-10
5393,코드가 지배하는 세상이 온다,프리마베라 드 필리피,미래의창,전자책,8959896608 ,경제경영,2023-03-10
5394,깜찍이 요조숙녀,문나영,재미북스,전자책,8960240443 ,아동,2023-03-10
5395,깜찍이 프러포즈,문나영,재미북스,전자책,8960240451 ,아동,2023-03-10
5396,바라는 대로 이루어진다,디팩 초프라,황금부엉이,전자책,8960303534 ,자기계발,2023-03-10
5397,첫 주식 투자 공부,유지윤,황금부엉이,전자책,8960305472 ,경제경영,2023-03-10
5398,부동산 절세,제네시스박,황금부엉이,전자책,8960305545 ,경제경영,2023-03-10
5399,무역으로 돈을 벌 수 있는 7가지 방법,이기찬,중앙경제평론사,전자책,8960542547 ,경제경영,2023-03-10
5400,보험 세테크 100% 활용법,김동범,중앙경제평론사,전자책,8960542555 ,경제경영,2023-03-10
5401,442시간 법칙: 일론 머스크와 빌 게이츠에게 배우는 시간의 힘,하태호,중앙경제평론사,전자책,896054258X,자기계발,2023-03-10
5402,모든 관계는 말투에서 시작된다(10만 부 기념 스페셜 에디션),김범준,위즈덤하우스,전자책,8960863858 ,자기계발,2023-03-10
5403,착한 일은 내가 다 할래,박인경,리틀씨앤톡,전자책,8960981540 ,아동,2023-03-10
5404,어른들은 시끄러워,고자현,리틀씨앤톡,전자책,8960981575 ,아동,2023-03-10
5405,주인공은 나뿐이야,권자경,리틀씨앤톡,전자책,8960981648 ,아동,2023-03-10
5406,나 혼자 해볼래 운동하기,권자경,리틀씨앤톡,전자책,8960982091 ,아동,2023-03-10
5407,나는 혼자가 더 편해,박윤경,리틀씨앤톡,전자책,8960984418 ,아동,2023-03-10
5408,나 혼자 해볼래 준비물 챙기기,김지연,리틀씨앤톡,전자책,8960984558 ,아동,2023-03-10
5409,"안녕, 명자",장경선,리틀씨앤톡,전자책,8960985554 ,아동,2023-03-10
5410,늘 푸른 원터마을에서 강라찬 올림,최유정,리틀씨앤톡,전자책,8960985643 ,아동,2023-03-10
5411,무덤 사수 대작전,최유정,리틀씨앤톡,전자책,8960986054 ,아동,2023-03-10
5412,내 친구 집은 켄타 별,윤혜숙,리틀씨앤톡,전자책,8960986119 ,아동,2023-03-10
5413,우리반 다빈치,차유진,리틀씨앤톡,전자책,8960986216 ,아동,2023-03-10
5414,교과서 속 자연과학동화,형설아이 편집부,형설아이,전자책,8961427687 ,아동,2023-03-10
5415,동물,조선학,WHAT SCHOOL,전자책,8961551965 ,아동,2023-03-10
5416,질병과 건강,임정순,WHAT SCHOOL,전자책,8961551973 ,아동,2023-03-10
5417,식물,서지원,WHAT SCHOOL,전자책,896155199X,아동,2023-03-10
5418,자연재해,황근기,WHAT SCHOOL,전자책,8961552007 ,아동,2023-03-10
5419,우주,김지현,WHAT SCHOOL,전자책,8961552015 ,아동,2023-03-10
5420,물질의 혼합과 산과 염기,황근기,WHAT SCHOOL,전자책,8961553127 ,아동,2023-03-10
5421,주먹대장 물리치는 법,송언,파랑새,전자책,8961553402 ,아동,2023-03-10
5422,피노키오가 묻는 말,카를로 콜로디 (원작),톡,전자책,8961556355 ,아동,2023-03-10
5423,땅지원의 키 크기,박정희,파랑새,전자책,896155655X,아동,2023-03-10
5424,맘대로 과학자의 적정기술,최형미,파랑새어린이,전자책,8961557440 ,아동,2023-03-10
5425,국가론,플라톤,돋을새김,전자책,8961671723 ,인문/역사,2023-03-10
5426,올드 울프,애비 워티스,책빛,전자책,8962192225 ,아동,2023-03-10
5427,콩이는 내가 지킬래,이토 미쿠,책빛,전자책,8962192241 ,아동,2023-03-10
5428,미야자키 하야오는 만화 영화 감독이 될 거예요,한내글방,책빛,전자책,8962192306 ,아동,2023-03-10
5429,다 잘될 거야,키르스텐 보이에,책빛,전자책,8962192330 ,아동,2023-03-10
5430,터널,헤게 시리,책빛,전자책,8962192640 ,아동,2023-03-10
5431,밤의 이야기,키티 크라우더,책빛,전자책,8962192969 ,아동,2023-03-10
5432,낙서가 지우개를 만났을 때,리오나,책빛,전자책,8962193000 ,아동,2023-03-10
5433,엉터리 처방전,정연철,위즈덤하우스,전자책,8962472090 ,아동,2023-03-10
5434,지저분 씨 가족의 특별한 휴가,김유,위즈덤하우스,전자책,8962472198 ,아동,2023-03-10
5435,마케팅 불변의 법칙,알 리스,비즈니스맵,전자책,8962600560 ,경제경영,2023-03-10
5436,아픔이 길이 되려면,김승섭,동아시아,전자책,8962621959 ,인문/역사,2023-03-10
5437,파란하늘 빨간지구,조천호,동아시아,전자책,8962622718 ,과학/공학,2023-03-10
5438,"여자의 뇌, 남자의 뇌 따윈 없어",송민령,동아시아,전자책,8962623102 ,과학/공학,2023-03-10
5439,관계의 과학,김범준,동아시아,전자책,8962623153 ,과학/공학,2023-03-10
5440,죽는 것보다 늙는 게 걱정인,도널드 홀,동아시아,전자책,8962623269 ,시/에세이,2023-03-10
5441,신문기자,모치즈키 이소코,동아시아,전자책,8962623366 ,정치/사회,2023-03-10
5442,코쿠스와 핀들 지구를 구하다,박용기,해와나무,전자책,8962681323 ,아동,2023-03-10
5443,파고다 뉴텝스 보카,권미지,파고다북스,전자책,8962818299 ,국어/외국어,2023-03-10
5444,파고다 토익 보카,파고다교육그룹 언어교육연구소,파고다북스,전자책,8962818361 ,국어/외국어,2023-03-10
5445,파고다 오분톡 영어회화: 패턴별,에미 고,파고다북스,전자책,8962818469 ,국어/외국어,2023-03-10
5446,파고다 오분톡 영어회화: 상황별,켈리 오,파고다북스,전자책,8962818477 ,국어/외국어,2023-03-10
5447,파고다 오분톡 일본어회화: 패턴별. 1,김수진,파고다북스,전자책,8962818485 ,국어/외국어,2023-03-10
5448,파고다 오분톡 일본어회화: 패턴별. 2,김수진,파고다북스,전자책,8962818493 ,국어/외국어,2023-03-10
5449,파고다 오분톡 일본어회화: 상황별,김수진,파고다북스,전자책,8962818507 ,국어/외국어,2023-03-10
5450,생활 속 24절기,김고운매,과학동아북스,전자책,8962860767 ,아동,2023-03-10
5451,세계를 담은 한글,이현정,과학동아북스,전자책,8962861119 ,아동,2023-03-10
5452,노벨도 깜짝 놀란 노벨상,윤신영,과학동아북스,전자책,8962861135 ,아동,2023-03-10
5453,우리의 유네스코 세계유산,권동화,과학동아북스,전자책,8962861143 ,아동,2023-03-10
5454,간질간질 여름이 좋아!,미토,단비어린이,전자책,8963011275 ,아동,2023-03-10
5455,통계가 빨라지는 수학력,나가노 히로유키,비전코리아,전자책,8963221008 ,과학/공학,2023-03-10
5456,상냥한 수업,하이타니 겐지로,양철북,전자책,8963722783 ,시/에세이,2023-03-10
5457,시 수업을 시작합니다,한국글쓰기교육연구회,양철북,전자책,8963723216 ,인문/역사,2023-03-10
5458,요리 과학실험실,어린이요리과학스쿨,바이킹,전자책,8964944313 ,아동,2023-03-10
5459,바우길 편지,김영식,북갤러리,전자책,8964951700 ,여행/취미,2023-03-10
5460,100% 운명예언,손도사,북갤러리,전자책,8964951727 ,인문/역사,2023-03-10
5461,반장 선거하는 날,위베르 방 케무욍,아름다운사람들,전자책,8965133017 ,아동,2023-03-10
5462,미적분으로 바라본 하루,오스카 E. 페르난데스,프리렉,전자책,8965400910 ,과학/공학,2023-03-10
5463,학교에서 사귄 첫 친구예요,김하늬,밝은미래,전자책,896546062X,아동,2023-03-10
5464,내 이름은 독도,이규희,밝은미래,전자책,8965461286 ,아동,2023-03-10
5465,내 이름은 직지,이규희,밝은미래,전자책,8965461537 ,아동,2023-03-10
5466,나는 옷이 아니에요,길지연,밝은미래,전자책,8965461677 ,아동,2023-03-10
5467,종이약국,니나 게오르게,박하,전자책,8965702895 ,소설,2023-03-10
5468,밤에 읽는 소심한 철학책,민이언,쌤앤파커스,전자책,8965703638 ,인문/역사,2023-03-10
5469,뱃살만 뺀다,미카코,팩토리나인,전자책,8965706386 ,건강/의학,2023-03-10
5470,마케팅이다,세스 고딘,쌤앤파커스,전자책,896570782X,경제경영,2023-03-10
5471,너의 이야기,미아키 스가루,쌤앤파커스,전자책,8965708001 ,소설,2023-03-10
5472,내 안의 그림자 아이,슈테파니 슈탈,쌤앤파커스,전자책,8965708206 ,인문/역사,2023-03-10
5473,도공 서란,손정미,마음서재,전자책,8965708575 ,소설,2023-03-10
5474,혼자여서 괜찮은 하루,곽정은,포르체,전자책,8965708826 ,시/에세이,2023-03-10
5475,조셉 머피 잠재의식의 힘,조셉 머피,미래지식,전자책,8965840031 ,자기계발,2023-03-10
5476,처음 만나는 탈무드,김지향,미래주니어,전자책,8965843898 ,아동,2023-03-10
5477,악당의 무게,이현,휴먼어린이,전자책,8965912490 ,아동,2023-03-10
5478,생각하는 야구 교과서,한국방정환재단 (기획),휴먼어린이,전자책,896591308X,아동,2023-03-10
5479,만도슈퍼 불량만두,정연철,휴먼어린이,전자책,8965913136 ,아동,2023-03-10
5480,앞으로 10년 돈의 배반이 시작된다,로버트 기요사키,흐름출판,전자책,8965960231 ,경제경영,2023-03-10
5481,에고라는 적,라이언 홀리데이,흐름출판,전자책,8965962099 ,자기계발,2023-03-10
5482,강인욱의 고고학 여행,강인욱,흐름출판,전자책,8965963273 ,인문/역사,2023-03-10
5483,할아버지와 꿀벌과 나,메러디스 메이,흐름출판,전자책,8965963508 ,시/에세이,2023-03-10
5484,슈퍼버그,맷 매카시,흐름출판,전자책,8965963699 ,과학/공학,2023-03-10
5485,스틸니스,라이언 홀리데이,흐름출판,전자책,8965963753 ,자기계발,2023-03-10
5486,나는 당신이 오직 코로 숨 쉬기 바란다,이우정,미다스북스,전자책,8966377467 ,건강/의학,2023-03-10
5487,미야모토 무사시의 오륜서,미야모토 무사시,사과나무,전자책,8967260164 ,자기계발,2023-03-10
5488,우리가 지켜낸 문화재,정인수,풀빛미디어,전자책,8967340893 ,아동,2023-03-10
5489,멋지다! 얀별 가족,이종은,노루궁뎅이,전자책,8967652011 ,아동,2023-03-10
5490,분홍이 친구 사랑이,이종은,노루궁뎅이,전자책,8967652054 ,아동,2023-03-10
5491,할머니의 특별한 여행,이종은,노루궁뎅이,전자책,8967652143 ,아동,2023-03-10
5492,괜찮아! 안전하게 놀면 돼,노루궁뎅이 창작교실,노루궁뎅이,전자책,8967652984 ,아동,2023-03-10
5493,진짜 진짜 착한 어린이 상,이종은,노루궁뎅이,전자책,8967653204 ,아동,2023-03-10
5494,호란일기,나만갑 (기록),노루궁뎅이,전자책,896765362X,아동,2023-03-10
5495,난 일기 쓰기가 정말 신나!,조영경,북오션,전자책,896799253X,아동,2023-03-10
5496,궁금쟁이 김 선비 옛 그림에 쏙 빠졌네,박승주,개암나무,전자책,8968300186 ,아동,2023-03-10
5497,여기는 대한민국 푸른 섬 독도리입니다,장지혜,개암나무,전자책,8968301573 ,아동,2023-03-10
5498,뚱뚱 학교 황금 똥 누는 날,김현태,개암나무,전자책,896830159X,아동,2023-03-10
5499,궁금쟁이 김 선비 우리 전통 과학에 쏙 빠졌네!,서선연,개암나무,전자책,8968301905 ,아동,2023-03-10
5500,놀란 박사의 북극 대탈출,게리 베일리,개암나무,전자책,8968302073 ,아동,2023-03-10
5501,뽀글뽀글 막걸리 합주곡,최은순,개암나무,전자책,8968302278 ,아동,2023-03-10
5502,바람을 품은 집,조경희,개암나무,전자책,8968302308 ,아동,2023-03-10
5503,궁금쟁이 김 선비 사자성어에 쏙 빠졌네!,정혜원,개암나무,전자책,8968302340 ,아동,2023-03-10
5504,세상 밖으로 나온 백제,서선연,개암나무,전자책,8968302626 ,아동,2023-03-10
5505,궁금쟁이 김 선비 우리말 유래에 쏙 빠졌네!,강효미,개암나무,전자책,8968302650 ,아동,2023-03-10
5506,고민 들어 주는 큰입이,임지형,개암나무,전자책,8968302758 ,아동,2023-03-10
5507,매일매일 힘을 주는 말,박은정,개암나무,전자책,8968302928 ,아동,2023-03-10
5508,궁금쟁이 김 선비 한자어에 쏙 빠졌네!,서선연,개암나무,전자책,8968303118 ,아동,2023-03-10
5509,물고기 선생 정약전,김일옥,개암나무,전자책,8968303355 ,아동,2023-03-10
5510,우리는 내일의 전태일입니다,조경희,개암나무,전자책,8968303363 ,아동,2023-03-10
5511,절대 딱지,최은영,개암나무,전자책,8968303371 ,아동,2023-03-10
5512,뚝딱뚝딱 집 짓는 동물들,프랑수아즈 로랑,개암나무,전자책,896830338X,아동,2023-03-10
5513,똥군 해녀와 신비한 복주머니,유순희,개암나무,전자책,8968303576 ,아동,2023-03-10
5514,초등학생을 위한 인문 고전 안내서,스토리베리,개암나무,전자책,896830422X,아동,2023-03-10
5515,칠판 귀신 대소동,구사노 아키코,개암나무,전자책,8968304440 ,아동,2023-03-10
5516,동생 만들기 방해 작전,염연화,개암나무,전자책,8968305234 ,아동,2023-03-10
5517,포토샵 여신,제성은,개암나무,전자책,8968305331 ,아동,2023-03-10
5518,우리 학교 부실 급식을 막아라!,정윤선,개암나무,전자책,8968305528 ,아동,2023-03-10
5519,나만 알고 싶은 미래 직업,양서윤,개암나무,전자책,8968305560 ,아동,2023-03-10
5520,종교가 우리에게 필요할까요?,실비 보시에,개암나무,전자책,8968305684 ,아동,2023-03-10
5521,사춘기 대 갱년기,제성은,개암나무,전자책,8968305722 ,아동,2023-03-10
5522,카피책,정철,허밍버드,전자책,8968330751 ,자기계발,2023-03-10
5523,"어쩌겠어, 이게 나인 걸!",텅바이몽,허밍버드,전자책,8968331928 ,시/에세이,2023-03-10
5524,파페포포 리멤버,심승현,허밍버드,전자책,8968331952 ,시/에세이,2023-03-10
5525,요즘 과학 이야기,이민환,블랙피쉬,전자책,8968332398 ,과학/공학,2023-03-10
5526,엄마도 엄마를 사랑했으면 좋겠어,장해주,허밍버드,전자책,8968332568 ,시/에세이,2023-03-10
5527,적당히 가까운 사이,댄싱스네일,허밍버드,전자책,8968332649 ,시/에세이,2023-03-10
5528,하마가 사라졌다,우성희,가문비,전자책,8969021329 ,아동,2023-03-10
5529,다윗 오바마와 싸움 대장 골리앗,조명숙,가문비어린이,전자책,8969021337 ,아동,2023-03-10
5530,간호사를 간호하는 간호사,오성훈,경향BP,전자책,896952410X,시/에세이,2023-03-10
5531,철학과 마음의 치유,김정현,책세상,전자책,8970138366 ,인문/역사,2023-03-10
5532,커피 한 잔의 명상으로 10억을 번 사람들,오시마 준이치,나라원,전자책,8970342117 ,자기계발,2023-03-10
5533,자기긍정 심리학,나카시마 테루,나라원,전자책,8970342796 ,자기계발,2023-03-10
5534,징비록,류성룡,홍익출판사,전자책,8970654402 ,인문/역사,2023-03-10
5535,코끼리 조련사와의 하룻밤,김도언,문학세계사,전자책,8970759263 ,소설,2023-03-10
5536,이어도 사나,김영욱,어린이작가정신,전자책,8972888575 ,아동,2023-03-10
5537,크리스마스 선물,오 헨리,어린이작가정신,전자책,8972889083 ,아동,2023-03-10
5538,환율전쟁,왕양,평단,전자책,8973433415 ,경제경영,2023-03-10
5539,글로벌 거지 부부,박건우,소담출판사,전자책,8973817442 ,여행/취미,2023-03-10
5540,고양이를 읽는 시간,보경,불광출판사,전자책,8974798174 ,시/에세이,2023-03-10
5541,살아 있는 도서관,김이경,서해문집,전자책,8974839237 ,소설,2023-03-10
5542,예민함을 가르칩니다,초등젠더교육연구회 아웃박스,서해문집,전자책,8974839555 ,정치/사회,2023-03-10
5543,표해록,최부,서해문집,전자책,8974839857 ,인문/역사,2023-03-10
5544,"혐오의 시대, 철학의 응답",유민석,서해문집,전자책,897483992X,인문/역사,2023-03-10
5545,디자인과 인간심리,DONALD A.NORMAN,학지사,전자책,897548064X,예술/대중문화,2023-03-10
5546,"파도치던 인생, 이제 행복합니다",이상은,문예춘추사,전자책,8976043987 ,시/에세이,2023-03-10
5547,그림으로 기억되는 브레인 한자: 생로병사 편,최상용,문예춘추사,전자책,8976044088 ,인문/역사,2023-03-10
5548,실록이란 무엇인가,오항녕,역사비평사,전자책,897696294X,인문/역사,2023-03-10
5549,청소년을 위한 세계인권사,하승수,두리미디어,전자책,8977152496 ,정치/사회,2023-03-10
5550,코로나19 이후의 미래,이경상,중원문화,전자책,8977285348 ,인문/역사,2023-03-10
5551,우리 도시가 달라졌어요!,장재원,가교,전자책,897777912X,아동,2023-03-10
5552,콜레라균이 거리를 깨끗하게 만들었다고,우미옥,가교,전자책,8977779235 ,아동,2023-03-10
5553,사춘기인가요,손재수,HomeBook,전자책,8977883792 ,아동,2023-03-10
5554,왜 사람들은 피부색이 달라요,크리스토퍼 맥커리,이종주니어,전자책,8979292392 ,아동,2023-03-10
5555,왜 고맙다고 말해야 해요,크리스토퍼 맥커리,이종주니어,전자책,8979292406 ,아동,2023-03-10
5556,니체의 말,프리드리히 니체,삼호미디어,전자책,8979494297 ,인문/역사,2023-03-10
5557,휴대 전화가 사라졌다,최은영,우리교육,전자책,8980405863 ,아동,2023-03-10
5558,모든 얼룩은 쓸쓸하다,오은주,시와반시,전자책,898345072X,시/에세이,2023-03-10
5559,걱정 지우개,서석영,바우솔,전자책,8983896094 ,아동,2023-03-10
5560,지금은 시를 읽을 시간,한지희,신아사,전자책,8983963336 ,인문/역사,2023-03-10
5561,나이 들어가는 내가 좋습니다,헥토르 가르시아,세종서적,전자책,8984077895 ,자기계발,2023-03-10
5562,마법 같은 하루,필리파 피어스,논장,전자책,8984141518 ,아동,2023-03-10
5563,나의 아름다운 정원,심윤경,한겨레출판사,전자책,8984317438 ,소설,2023-03-10
5564,내가 춤추면 코끼리도 춤춘다,이정일,이다미디어,전자책,8988350936 ,자기계발,2023-03-10
5565,나는 선생님이 좋아요,하이타니 겐지로,양철북,전자책,8990220777 ,청소년,2023-03-10
5566,부자들의 음모,로버트 기요사키,흐름출판,전자책,8990872960 ,경제경영,2023-03-10
5567,영어단어 4000,토마토 교재편집팀,토마토,전자책,8991068685 ,국어/외국어,2023-03-10
5568,돈의 원리,막스 귄터,북스넛,전자책,8991186270 ,경제경영,2023-03-10
5569,여섯 잔의 칵테일,모리사와 아키오,이덴슬리벨,전자책,8991310532 ,소설,2023-03-10
5570,방귀쟁이 오삼이,박이진,애플트리태일즈,전자책,8991667597 ,유아,2023-03-10
5571,헷갈리는 영단어,권인택,예스북,전자책,8992197497 ,국어/외국어,2023-03-10
5572,조심! 우리는 살아 있어요,안트예 담,시금치,전자책,8992371608 ,아동,2023-03-10
5573,나만의 독서록 비법 알려 줄까?,이미영,M&Kids,전자책,8992947704 ,아동,2023-03-10
5574,한국을 빛낸 100명의 위인들,박성연,M&Kids,전자책,8992947984 ,아동,2023-03-10
5575,나는 이렇게 결혼했다,흰물결 (엮음),흰물결,전자책,8992961103 ,시/에세이,2023-03-10
5576,왜 인문학적 감각인가,조지 앤더스,사이,전자책,8993178844 ,인문/역사,2023-03-10
5577,엄마 과학 공부는 왜 해,김경선,팜파스,전자책,8993195889 ,아동,2023-03-10
5578,우리 모두 틀림없이 다르다,김현식,열다,전자책,8993260931 ,아동,2023-03-10
5579,콜레트가 새를 잃어버렸대!,이자벨 아르스노,상상스쿨,전자책,8993702616 ,유아,2023-03-10
5580,전사들 새로운 예언. 1: 암흑의 밤,에린 헌터,가람어린이,전자책,8993900973 ,아동,2023-03-10
5581,보통날의 와인,박찬일,나무수,전자책,8994030956 ,가정/생활/요리,2023-03-10
5582,호모 루덴스,요한 하위징아,연암서가,전자책,8994054057 ,인문/역사,2023-03-10
5583,오싹오싹 흥미진진 요괴백과,김세원,종이책,전자책,8994149031 ,아동,2023-03-10
5584,세상을 바꾼 과학이야기,권기균,종이책,전자책,8994149163 ,아동,2023-03-10
5585,한 문장부터 열 문장까지 초등 글쓰기,강승임,소울키즈,전자책,8994199454 ,아동,2023-03-10
5586,우진이의 일기,조수진,파란자전거,전자책,8994258515 ,아동,2023-03-10
5587,금동향로 속으로 사라진 고양이,이하은,파란자전거,전자책,8994258922 ,아동,2023-03-10
5588,막막골 훈장님의 한글 정복기,김은의,파란자전거,전자책,8994258981 ,아동,2023-03-10
5589,오래된 비밀,이정일,이다미디어,전자책,8994597131 ,자기계발,2023-03-10
5590,"운, 준비하는 미래",이정일,이다미디어,전자책,8994597514 ,자기계발,2023-03-10
5591,조선은 조심하라,김기홍,페가수스,전자책,8994651349 ,경제경영,2023-03-10
5592,시계보기가 이렇게 쉬웠다니!,김지현,파란정원,전자책,8994813780 ,아동,2023-03-10
5593,제국의 상인,이인희,북허브,전자책,899493846X,소설,2023-03-10
5594,외롭지 않을 권리,황두영,시사IN북,전자책,8994973613 ,정치/사회,2023-03-10
5595,다이어트 불변의 법칙,하비 다이아몬드,사이몬북스,전자책,899591243X,건강/의학,2023-03-10
5596,수학 철학에 미치다,장우석,페퍼민트,전자책,8996552488 ,인문/역사,2023-03-10
5597,영혼산책,차길진,후아이엠,전자책,8996553638 ,시/에세이,2023-03-10
5598,양말을 꿀꺽 삼켜버린 수학. 1,김선희,생각을담는어린이,전자책,8996881422 ,아동,2023-03-10
5599,양말을 꿀꺽 삼켜버린 수학. 2,김선희,생각을담는어린이,전자책,8996881430 ,아동,2023-03-10
5600,나는 인생에서 알아야 할 모든 것을 영업에서 배웠다,안규호,황소북스,전자책,8997092715 ,자기계발,2023-03-10
5601,내 손으로 하는 홈 스타일링,이애경,디지털북스,전자책,8997466488 ,가정/생활/요리,2023-03-10
5602,어치와 참나무,이순원,북극곰,전자책,8997728539 ,아동,2023-03-10
5603,삶을 위한 수업,마르쿠스 베른센,오마이북,전자책,8997780379 ,인문/역사,2023-03-10
5604,4차 산업혁명을 이끌 IT 과학이야기,이재영,로드북,전자책,8997924354 ,IT/프로그래밍,2023-03-10
5605,학교 예절 대장 나가신다,박현숙,생각하는책상,전자책,8997943359 ,아동,2023-03-10
5606,말썽꾸러기 플라스틱 골칫덩어리 쓰레기,한나 윌슨,생각하는책상,전자책,8997943693 ,아동,2023-03-10
5607,나의 운명 사용설명서,고미숙,북드라망,전자책,8997969110 ,인문/역사,2023-03-10
5608,달에 착륙한 돼지,백명식,내인생의책,전자책,8997980750 ,아동,2023-03-10
5609,1일1식,나구모 요시노리,위즈덤하우스,전자책,8998010046 ,건강/의학,2023-03-10
5610,21세기 화폐전쟁,노르베르트 헤림,율리시즈,전자책,8998229749 ,경제경영,2023-03-10
5611,프랑스 학교에 보내길 잘했어,최선양,마더북스,전자책,8998258153 ,가정/생활/요리,2023-03-10
5612,인생에 답이 필요할 때 최고의 명언을 만나다,김달국,더블엔,전자책,8998294796 ,자기계발,2023-03-10
5613,마법의 돈 굴리기,김성일,에이지21,전자책,8998342294 ,경제경영,2023-03-10
5614,공부하지마라 최면해라,박세니,맑은샘,전자책,8998374064 ,자기계발,2023-03-10
5615,인형공장,엘리자베스 맥닐,B612북스,전자책,8998427281 ,소설,2023-03-10
5616,우리가 꼭 알아야 할 생물다양성 그림 백과,로라나 지아르디,머스트비,전자책,8998433133 ,아동,2023-03-10
5617,발레 하는 할아버지,신원미,머스트비,전자책,8998433141 ,아동,2023-03-10
5618,똥구멍 속의 비밀,김혜원,머스트비,전자책,8998433168 ,아동,2023-03-10
5619,"변상벽, 말은 더듬지만 그림은 완벽해",최형미,머스트비,전자책,8998433273 ,아동,2023-03-10
5620,우리 언니 해 줄래,서유리,머스트비,전자책,8998433346 ,아동,2023-03-10
5621,뽀뽀 배달 왔습니다,안영은,머스트비,전자책,8998433354 ,아동,2023-03-10
5622,말로만 사과쟁이,박혜숙,머스트비,전자책,8998433400 ,아동,2023-03-10
5623,산소헬멧,서유리,머스트비,전자책,8998433788 ,아동,2023-03-10
5624,회원님을 초대했습니다,김미형,머스트비,전자책,8998433796 ,아동,2023-03-10
5625,스파이더맨 가방을 멘 아이,조르지아 베촐리,머스트비,전자책,8998433893 ,아동,2023-03-10
5626,다림방 글방,최주혜,머스트비,전자책,8998433907 ,아동,2023-03-10
5627,"녹디생이, 사라진 변기를 찾아라",김원석,머스트비,전자책,8998433966 ,아동,2023-03-10
5628,이해력이 쑥쑥 교과서 관용구 100,김종상,아주좋은날,전자책,8998482371 ,아동,2023-03-10
5629,남극에서 날아온 펭귄의 모험,유재영,아주좋은날,전자책,8998482827 ,아동,2023-03-10
5630,"갯벌아, 미안해",윤소연,애플트리태일즈,전자책,8998482894 ,아동,2023-03-10
5631,누가 내 방 좀 치워줘,장보람,팜파스,전자책,8998537079 ,아동,2023-03-10
5632,배고플 때 만나,김미주,팜파스,전자책,8998537311 ,가정/생활/요리,2023-03-10
5633,내 보물 1호는 화장품,김경선,팜파스,전자책,8998537354 ,아동,2023-03-10
5634,커플은 힘들어,김경선,팜파스,전자책,8998537494 ,아동,2023-03-10
5635,남은 요리 활용 사전,김미주,팜파스,전자책,8998537656 ,가정/생활/요리,2023-03-10
5636,데카르트처럼 생각하고 칸트처럼 비판하기,고수현,양서원,전자책,899940868X,인문/역사,2023-03-10
5637,왜 달러는 미국보다 강한가,편집부,원앤원북스,전자책,9050144230 ,경제경영,2023-03-10
5638,비오는 날이면 가리봉동에 가야한다,양귀자,명현 global soft,전자책,9070056870 ,소설,2023-03-10
5639,인간실격(한글판),다자이 오사무,더클래식,전자책,D131104440,소설,2023-03-10
5640,새로쓰는 그림형제의 잔혹동화(에로편),그림 형제,리비도,전자책,D150402560,소설,2023-03-10
5641,여자의 마음,안나영,데이지북,전자책,D150403360,자기계발,2023-03-10
5642,나는 사랑한다,김명순,더플래닛,전자책,D150901790,소설,2023-03-10
5643,시끌벅적 청소 전쟁,이종은,노루궁뎅이,전자책,D161116080,아동,2023-03-10
5644,"프레더릭 테일러, 과학적 관리법",Frederick W. Taylor,모디북스,전자책,D161120930,경제경영,2023-03-10
5645,32가지 키워드로 읽는 노벨상,조명화,테마여행신문 TTN Theme Travel News Korea,전자책,D170349180,인문/역사,2023-03-10
5646,현대사회와 법,한견우,세창출판사,전자책,D170844540,정치/사회,2023-03-10
5647,그림자는 왜 생길까? (멀티미디어북 버전),박진영,한국가우스,전자책,D180527120,아동,2023-03-10
5648,장발장,빅토르 위고,흙마당어린이,전자책,D190609710,아동,2023-03-10
5649,데미안,헤르만 헤세,흙마당어린이,전자책,D190609730,아동,2023-03-10
5650,제인 에어,샤롯 브론테,흙마당어린이,전자책,D190609880,아동,2023-03-10
5651,작은 아씨들,루이자 메이 올콧,흙마당어린이,전자책,D190610130,아동,2023-03-10
5652,파우스트,괴테,흙마당어린이,전자책,D190610520,아동,2023-03-10
5653,위대한 개츠비,프렌시스 스콧 피츠제럴드,흙마당어린이,전자책,D190610580,아동,2023-03-10
5654,이방인,알베르 까뮈,흙마당어린이,전자책,D190610870,아동,2023-03-10
5655,좁은문,앙드레 지드,흙마당어린이,전자책,D190611010,아동,2023-03-10
5656,안네의 일기,안네 프랑크,흙마당어린이,전자책,D190611960,아동,2023-03-10
5657,동물 농장,조지 오웰,흙마당어린이,전자책,D190611980,아동,2023-03-10
5658,404 이름을 찾을 수 없습니다.,무명,이페이지,전자책,D200122290,소설,2023-03-10
5659,차라투스트라는 이렇게 말했다,프리드리히 니체,해성전자북,전자책,D200126750,소설,2023-03-10
5660,겐지 이야기. 1,무라사키 시키부,위즈덤커넥트,전자책,D200202050,소설,2023-03-10
5661,겐지 이야기 2권,무라사키 시키부,위즈덤커넥트,전자책,D200311280,소설,2023-03-10
5662,마인드교육 : 교사를 위한 전문가 과정,박옥수,온마인드,전자책,D200325900,인문/역사,2023-03-10
5663,다르게 겪기 : 팬데믹 시대를 통과하며 읽는 책들,김혜영,북드라망,전자책,D200419750,인문/역사,2023-03-10
5664,"생명현상을 이해하는 창문, RNA",김빛내리,반니,전자책,D200420420,과학/공학,2023-03-10
5665,"생명 설계도, 게놈 : 23장에 담긴 인간의 자서전",매트 리들리,반니,전자책,D200502720,과학/공학,2023-03-10
5666,영어조립법,이승범,보글리쉬출판팀,전자책,D200519490,국어/외국어,2023-03-10
5667,두려움 없는 조직,에이미 에드먼슨,다산북스,전자책,1130625869 ,경제경영,2023-03-10
5668,마흔의 돈 공부,단희쌤(이의상),다산북스,전자책,1130627160 ,경제경영,2023-03-10
5669,30개 도시로 읽는 세계사,조 지무쇼,다산북스,전자책,1130630366 ,인문/역사,2023-03-10
5670,더 플러스,조성희,유영,전자책,1130630552 ,자기계발,2023-03-10
5671,아비투스,도리스 메르틴,다산초당,전자책,1130630765 ,인문/역사,2023-03-10
5672,완전학습 바이블,임작가,다산에듀,전자책,1130631133 ,가정/생활/요리,2023-03-10
5673,2미터 그리고 48시간,유은실,낮은산,전자책,1155251091 ,청소년,2023-03-10
5674,그랜드 부다페스트 호텔,웨스 앤더슨,윌북,전자책,1155810767 ,예술/대중문화,2023-03-10
5675,책 좀 빌려줄래?,그랜트 스나이더,윌북,전자책,1155812840 ,시/에세이,2023-03-10
5676,당신의 특별한 우울,린다 개스크,윌북,전자책,1155812883 ,인문/역사,2023-03-10
5677,나의 비거니즘 만화,보선,푸른숲,전자책,1156758076 ,시/에세이,2023-03-10
5678,어쩌다 정신과 의사,김지용,심심,전자책,1156758335 ,인문/역사,2023-03-10
5679,오늘부터의 세계,안희경,메디치미디어,전자책,1157062016 ,인문/역사,2023-03-10
5680,임금님의 마지막 옷,조경희,내인생의책,전자책,1157233856 ,아동,2023-03-10
5681,바나나,안느클레르 레베크,내인생의책,전자책,1157234194 ,유아,2023-03-10
5682,지금을 사는 나비,크리스티앙 메르베일레,내인생의책,전자책,1157234216 ,유아,2023-03-10
5683,어린이 슬로푸드 요리책,이자벨 프란체스코니,내인생의책,전자책,1157234348 ,아동,2023-03-10
5684,권정생 동화 읽기,똘배어린이문학회,현북스,전자책,1157411614 ,아동,2023-03-10
5685,한밤중에 강남귀신,김지연,모래알,전자책,1157852041 ,아동,2023-03-10
5686,세상 끝에 있는 너에게,고티에 다비드,모래알,전자책,1157852173 ,유아,2023-03-10
5687,이상한 나라의 정지오,은미,모래알,전자책,115785219X,아동,2023-03-10
5688,바퀴 귀신 가족,원유순,아이앤북,전자책,1157921132 ,아동,2023-03-10
5689,꽁꽁 가둬 둔 이야기 귀신,문영숙,아이앤북,전자책,1157921396 ,아동,2023-03-10
5690,인생은 이상하게 흐른다,박연준,달,전자책,1158160968 ,시/에세이,2023-03-10
5691,5년 후 나는 어디에 있을 것인가,이용덕,토네이도,전자책,1158511779 ,자기계발,2023-03-10
5692,N잡하는 허대리의 월급 독립 스쿨,N잡하는 허대리,토네이도,전자책,1158511809 ,경제경영,2023-03-10
5693,어린이 관용구,한날,파란정원,전자책,1158681488 ,아동,2023-03-10
5694,이토록 재미있는 수학이라니,리여우화,미디어숲,전자책,1158740794 ,과학/공학,2023-03-10
5695,잔혹한 어머니의 날 1,넬레 노이하우스,북로드,전자책,1158791178 ,소설,2023-03-10
5696,잔혹한 어머니의 날 2,넬레 노이하우스,북로드,전자책,1158791186 ,소설,2023-03-10
5697,세계미래보고서 2035-2055,박영숙,교보문고,전자책,1159099871 ,경제경영,2023-03-10
5698,내 인생의 첫 주식 공부,백영,메이트북스,전자책,1160022909 ,경제경영,2023-03-10
5699,"어서와, 이런 정신과 의사는 처음이지?",안정병원 하오선생,작가정신,전자책,1160261512 ,시/에세이,2023-03-10
5700,우린 모두 모두 친구야!,김효정,머스트비,전자책,1160340161 ,유아,2023-03-10
5701,내가 도와줄게!,송은경,머스트비,전자책,1160340196 ,유아,2023-03-10
5702,강물이 이야기,카트린 르파주,머스트비,전자책,1160340463 ,유아,2023-03-10
5703,욕심 많은 조 상사,박연경,머스트비,전자책,1160340587 ,아동,2023-03-10
5704,장미나무 이야기,이여희,머스트비,전자책,1160340595 ,아동,2023-03-10
5705,달빛 구슬의 주인,정수,머스트비,전자책,1160340609 ,아동,2023-03-10
5706,탈출! 아무거나,함영연,머스트비,전자책,1160340803 ,아동,2023-03-10
5707,젓가락 도사의 후예,박혜숙,머스트비,전자책,1160340811 ,아동,2023-03-10
5708,꿀벌 릴리와 천하무적 차돌 특공대,박상재,머스트비,전자책,116034082X,아동,2023-03-10
5709,그림으로 만나는 사계절 24절기,이여희,머스트비,전자책,1160340838 ,아동,2023-03-10
5710,지름길은 필요 없어,정혜원,머스트비,전자책,1160340978 ,아동,2023-03-10
5711,이게 뭐예요?,라파엘 그라탱,머스트비,전자책,1160340994 ,아동,2023-03-10
5712,평화와 인권을 외치다,한재윤,한겨레아이들,전자책,1160402213 ,아동,2023-03-10
5713,내일을 위한 경제와 환경,한재윤,한겨레아이들,전자책,1160402272 ,아동,2023-03-10
5714,교토의 밤 산책자,이다혜,한겨레출판사,전자책,1160402434 ,여행/취미,2023-03-10
5715,오늘 마음 어때?,윤다옥,한겨레아이들,전자책,116040285X,아동,2023-03-10
5716,9번의 일,김혜진,한겨레출판사,전자책,1160403007 ,소설,2023-03-10
5717,결 : 거침에 대하여,홍세화,한겨레출판사,전자책,1160403651 ,정치/사회,2023-03-10
5718,코리안 티처,서수진,한겨레출판사,전자책,1160404003 ,소설,2023-03-10
5719,직장인을 위한 실무 엑셀,선양미,길벗,전자책,1160500797 ,IT/프로그래밍,2023-03-10
5720,만화 주식투자 무작정 따라하기,이금희,길벗,전자책,1160502315 ,경제경영,2023-03-10
5721,부동산 상식사전 (2019 개정판),백영록,길벗,전자책,1160507112 ,경제경영,2023-03-10
5722,아이 마음에 상처 주지 않는 습관,이다랑,길벗,전자책,116050797X,가정/생활/요리,2023-03-10
5723,월급쟁이 재테크 상식사전,우용표,길벗,전자책,1160508070 ,경제경영,2023-03-10
5724,오늘의 키토식,키토제닉 다이어트 카페,길벗,전자책,1160509743 ,건강/의학,2023-03-10
5725,레몬첼로 도서관 : 도서관 올림픽,크리스 그라번스타인,사파리,전자책,1160574936 ,아동,2023-03-10
5726,무리하지 않는 선에서,한수희,휴머니스트,전자책,1160802408 ,시/에세이,2023-03-10
5727,최초의 신화 길가메쉬 서사시,김산해,휴머니스트,전자책,1160803951 ,인문/역사,2023-03-10
5728,코로나 시대의 페미니즘,김은실 (엮음),휴머니스트,전자책,1160804559 ,정치/사회,2023-03-10
5729,실격당한 자들을 위한 변론,김원영,사계절,전자책,1160943737 ,정치/사회,2023-03-10
5730,노동,오찬호,풀빛,전자책,1161720936 ,아동,2023-03-10
5731,내가 안아 줘도 될까?,제이닌 샌더스,풀빛,전자책,1161721142 ,아동,2023-03-10
5732,한국 근현대사,이광희,풀빛,전자책,1161721177 ,아동,2023-03-10
5733,인공 지능 논쟁,오승현,풀빛,전자책,1161721185 ,아동,2023-03-10
5734,3.1 운동 일기,김영숙,풀빛,전자책,1161721193 ,아동,2023-03-10
5735,"뉴스, 믿어도 될까",구본권,풀빛,전자책,1161727175 ,정치/사회,2023-03-10
5736,환경과 생태 쫌 아는 10대,최원형,풀빛,전자책,1161727353 ,청소년,2023-03-10
5737,나를 사랑하는 연습,정영욱,부크럼,전자책,1162143053 ,자기계발,2023-03-10
5738,한 문장으로 말하라,나쓰요 립슈츠,비즈니스북스,전자책,1162541555 ,자기계발,2023-03-10
5739,투자의 모험,스티븐 슈워츠먼,비즈니스북스,전자책,116254158X,경제경영,2023-03-10
5740,사업을 키운다는 것,스가하라 유이치로,비즈니스북스,전자책,1162541601 ,경제경영,2023-03-10
5741,비즈니스 아이디어의 탄생,데이비드 블랜드,비즈니스북스,전자책,1162541628 ,경제경영,2023-03-10
5742,살아 있는 우리말,김곰,북랩,전자책,116299455X,아동,2023-03-10
5743,된다! 네이버 블로그&포스트,황윤정,이지스퍼블리싱,전자책,1163031518 ,IT/프로그래밍,2023-03-10
5744,팔이 긴 소녀의 첫 번째 여성 올림픽,진 L. S. 패트릭,책속물고기,전자책,1163270075 ,아동,2023-03-10
5745,홍어 장수 문순득 표류기,이퐁,책속물고기,전자책,1163270121 ,아동,2023-03-10
5746,동물로 보는 세계사 이야기. 1: 고대,신현배,뭉치,전자책,116363039X,아동,2023-03-10
5747,동물로 보는 세계사 이야기. 2: 중 근세,신현배,뭉치,전자책,1163630438 ,아동,2023-03-10
5748,동물로 보는 세계사 이야기. 3: 근현대,신현배,뭉치,전자책,1163630446 ,아동,2023-03-10
5749,포에버 데이 원,램 차란,매일경제신문사,전자책,1164841440 ,경제경영,2023-03-10
5750,어리고 아리고 여려서,스미노 요루,소미미디어,전자책,1165077329 ,소설,2023-03-10
5751,주식투자 무작정 따라하기 최신개정판,윤재수,길벗,전자책,1165210142 ,경제경영,2023-03-10
5752,영어책 읽기의 힘,고광윤,길벗,전자책,1165210428 ,가정/생활/요리,2023-03-10
5753,ETF 투자 무작정 따라하기,윤재수,길벗,전자책,1165210517 ,경제경영,2023-03-10
5754,라미의 잘 빠진 다이어트 레시피,이보람,길벗,전자책,1165210738 ,건강/의학,2023-03-10
5755,한 권으로 끝내는 테마주 투자,박민수,길벗,전자책,1165211084 ,경제경영,2023-03-10
5756,일 잘하는 사람은 단순하게 말합니다,박소연,더퀘스트,전자책,1165211386 ,자기계발,2023-03-10
5757,만원으로 일주일 반찬 만들기,송혜영,길벗,전자책,1165211645 ,가정/생활/요리,2023-03-10
5758,인생의 태도,웨인 다이어,더퀘스트,전자책,1165211653 ,인문/역사,2023-03-10
5759,수익 내는 주식 매매 타이밍,강창권,길벗,전자책,1165212072 ,경제경영,2023-03-10
5760,바젤3 모멘트,박홍기,좋은땅,전자책,1165366762 ,경제경영,2023-03-10
5761,어떤 물질의 사랑,천선란,아작,전자책,1165508346 ,소설,2023-03-10
5762,놀부의 부동산 DNA,놀부(정형근),알키,전자책,1165790769 ,경제경영,2023-03-10
5763,"바다의 파도에 몸을 실어, 서핑",김민주,팜파스,전자책,117026249X,여행/취미,2023-03-10
5764,그레타 툰베리의 금요일,그레타 툰베리,책담,전자책,1170283713 ,정치/사회,2023-03-10
5765,초등 수학 핵심 용어,함기석,다봄,전자책,1185018204 ,아동,2023-03-10
5766,리딩으로 리드하라(개정판),이지성,차이정원,전자책,1185035443 ,자기계발,2023-03-10
5767,쓰기의 말들,은유,유유,전자책,1185152512 ,인문/역사,2023-03-10
5768,사소한 구별법,김은정,한권의책,전자책,1185237348 ,아동,2023-03-10
5769,Tripful(트립풀) 제주,이지앤북스 편집부,이지앤북스,전자책,1185831975 ,여행/취미,2023-03-10
5770,하루 5분 아빠 목소리,정홍,위즈덤하우스,전자책,1186117001 ,가정/생활/요리,2023-03-10
5771,0~5세 말걸기 육아의 힘,김수연,위즈덤하우스,전자책,1186117346 ,가정/생활/요리,2023-03-10
5772,샛별처럼 빛나는 방방곡곡 여성 위인들,이주현,숨쉬는책공장,전자책,1186452242 ,아동,2023-03-10
5773,나는 나를 사랑해!,윤영선,숨쉬는책공장,전자책,1186452331 ,유아,2023-03-10
5774,아무것도 가르치지 않는 선생님,셰인 페이슬리,책과콩나무,전자책,1186490918 ,아동,2023-03-10
5775,나는 이야기입니다,댄 야카리노,소원나무,전자책,1186531517 ,유아,2023-03-10
5776,나에게 작은 꿈이 있다면,니나 레이든,소원나무,전자책,1186531622 ,유아,2023-03-10
5777,노란 카약,니나 레이든,소원나무,전자책,1186531754 ,유아,2023-03-10
5778,티보르와 너저분 벌레,노에미 파바르,소원나무,전자책,1186531878 ,유아,2023-03-10
5779,반쪽 섬,이새미,소원나무,전자책,1186531886 ,아동,2023-03-10
5780,"아무튼, 메모",정혜윤,위고,전자책,1186602511 ,시/에세이,2023-03-10
5781,부모는 쉽게 가르치고아이는 바로 이해하는 초등수학,론 아하로니,글담,전자책,1186650915 ,가정/생활/요리,2023-03-10
5782,열두 살에게는 너무 무거운 비밀,마리안느 머스그로브,책속물고기,전자책,1186670959 ,아동,2023-03-10
5783,내 안의 차별주의자,라우라 비스뵈크,심플라이프,전자책,1186757620 ,정치/사회,2023-03-10
5784,슈퍼스타 액션 스턴트보이,키아란 머타흐,봄볕,전자책,1186979445 ,아동,2023-03-10
5785,휴대폰에서 나를 구해줘!,다미안 몬테스,봄볕,전자책,1186979542 ,아동,2023-03-10
5786,빅데이터,안지선,봄볕,전자책,1186979550 ,과학/공학,2023-03-10
5787,자유론,존 스튜어트 밀,현대지성,전자책,1187142441 ,인문/역사,2023-03-10
5788,1일 3분 1회계,김수헌,어바웃어북,전자책,1187150738 ,경제경영,2023-03-10
5789,더하고 싶은 한국을 빛낸 위인들,조아라,M&Kids,전자책,1187153281 ,아동,2023-03-10
5790,훈맹정음 할아버지 박두성,최지혜,천개의바람,전자책,118728789X,아동,2023-03-10
5791,기록의 쓸모,이승희,북스톤,전자책,118728985X,경제경영,2023-03-10
5792,사랑하는 아들에게,패리스 로젠탈,우리동네책공장,전자책,118730414X,유아,2023-03-10
5793,나는 질병없이 살기로 했다,하비 다이아몬드,사이몬북스,전자책,1187330019 ,건강/의학,2023-03-10
5794,어느 채식의사의 고백,존 맥두걸,사이몬북스,전자책,1187330035 ,건강/의학,2023-03-10
5795,근대 장애인사,정창권,사우,전자책,1187332356 ,인문/역사,2023-03-10
5796,YouTube 유튜브로 돈 벌기(개정판),이혜강,길벗,전자책,1187345814 ,IT/프로그래밍,2023-03-10
5797,아쉬람에 사는 아이,임지형,고래가숨쉬는도서관,전자책,1187427829 ,아동,2023-03-10
5798,침술 도사 아따거,이병승,고래가숨쉬는도서관,전자책,1187427896 ,아동,2023-03-10
5799,당신은 아무 일 없던 사람보다 강합니다,김창옥,수오서재,전자책,118749805X,자기계발,2023-03-10
5800,장르 작가를 위한 과학 가이드,댄 코볼트,구픽,전자책,1187886505 ,인문/역사,2023-03-10
5801,더 시스템(The System),스콧 애덤스,베리북,전자책,1188102052 ,자기계발,2023-03-10
5802,책 짓기,이정모,아이들은자연이다,전자책,1188236148 ,아동,2023-03-10
5803,"아무튼, 여름",김신회,제철소,전자책,1188343319 ,시/에세이,2023-03-10
5804,"아무튼, 언니",원도,제철소,전자책,1188343327 ,시/에세이,2023-03-10
5805,칼 비테 교육법,칼 비테,차이정원,전자책,1188388002 ,인문/역사,2023-03-10
5806,내 아이를 위한 칼 비테 교육법,이지성,차이정원,전자책,1188388029 ,가정/생활/요리,2023-03-10
5807,평생 써먹는 재봉틀의 기본,미카,티나,전자책,1188417088 ,여행/취미,2023-03-10
5808,리더라면 정조처럼,김준혁,더봄,전자책,1188522744 ,인문/역사,2023-03-10
5809,"아무튼, 식물",임이랑,코난북스,전자책,1188605070 ,시/에세이,2023-03-10
5810,"아무튼, 산",장보영,코난북스,전자책,1188605143 ,시/에세이,2023-03-10
5811,초등 자존감 수업,윤지영,카시오페아,전자책,1188674854 ,가정/생활/요리,2023-03-10
5812,감정의 발견,마크 브래킷,북라이프,전자책,1188850989 ,자기계발,2023-03-10
5813,덧니가 보고 싶어,정세랑,난다,전자책,1188862375 ,소설,2023-03-10
5814,가기 전에 쓰는 글들,허수경,난다,전자책,1188862537 ,시/에세이,2023-03-10
5815,소란,박연준,난다,전자책,1188862634 ,시/에세이,2023-03-10
5816,시원탕 옆 기억사진관,박현숙,노란상상,전자책,1188867105 ,아동,2023-03-10
5817,구미호 식당,박현숙,특별한서재,전자책,1188912178 ,청소년,2023-03-10
5818,어느 날 가족이 되었습니다,박현숙,서유재,전자책,118903400X,아동,2023-03-10
5819,"허영만의 3천만원. 3 매수는 기술, 매도는 예술",허영만,가디언,전자책,118915904X,경제경영,2023-03-10
5820,허영만의 3천만원. 4: 여의도의 타짜들,허영만,가디언,전자책,1189159090 ,경제경영,2023-03-10
5821,허영만의 주식 타짜,허영만,가디언,전자책,118915966X,경제경영,2023-03-10
5822,아! 병호,최우근,북극곰,전자책,1189164337 ,아동,2023-03-10
5823,무지개 수프,김숙영,북극곰,전자책,1189164477 ,유아,2023-03-10
5824,아빠 쉬는 날,차야다,북극곰,전자책,118916471X,유아,2023-03-10
5825,지킬 앤 하이드,로버트 루이스 스티븐슨,구름서재,전자책,1189213028 ,청소년,2023-03-10
5826,머리가 좋아지는 똑똑 종이접기,롭 아이브스,포레스트북스,전자책,1189584204 ,유아,2023-03-10
5827,기버. 1,밥 버그,포레스트북스,전자책,1189584719 ,자기계발,2023-03-10
5828,기버. 2: 셀 모어,밥 버그,포레스트북스,전자책,1189584727 ,자기계발,2023-03-10
5829,철학의 숲,브렌던 오도너휴,포레스트북스,전자책,1189584794 ,청소년,2023-03-10
5830,김지은입니다,김지은,봄알람,전자책,118962303X,정치/사회,2023-03-10
5831,나만의 콘텐츠 만드는 법,황효진,유유,전자책,1189683660 ,인문/역사,2023-03-10
5832,너무 많이 가르치는 선생님,셰인 페이슬리,책과콩나무,전자책,1189734001 ,아동,2023-03-10
5833,그림자 세탁소,김진,책과콩나무,전자책,1189734109 ,아동,2023-03-10
5834,"혼자, 천천히, 북유럽",김현길(리모),상상출판,전자책,1189856565 ,여행/취미,2023-03-10
5835,귀찮지만 행복해 볼까,권남희,상상출판,전자책,1189856840 ,시/에세이,2023-03-10
5836,한자와 나오키. 4,이케이도 준,인플루엔셜,전자책,1189995123 ,소설,2023-03-10
5837,뉴타입의 시대,야마구치 슈,인플루엔셜,전자책,1189995638 ,경제경영,2023-03-10
5838,"다시, 수학이 필요한 순간",김민형,인플루엔셜,전자책,1189995999 ,과학/공학,2023-03-10
5839,숫자가 만만해지는 책,브라이언 W. 커니핸,어크로스,전자책,119003042X,과학/공학,2023-03-10
5840,교실이 없는 시대가 온다,존 카우치,어크로스,전자책,1190030438 ,인문/역사,2023-03-10
5841,이상하고 자유로운 할머니가 되고 싶어,무루(박서영),어크로스,전자책,1190030470 ,시/에세이,2023-03-10
5842,세계 경제가 만만해지는 책,랜디 찰스 에핑,어크로스,전자책,1190030551 ,경제경영,2023-03-10
5843,공부란 무엇인가,김영민,어크로스,전자책,1190030632 ,인문/역사,2023-03-10
5844,달 너머로 달리는 말,김훈,파람북,전자책,1190052334 ,소설,2023-03-10
5845,"세종 대왕, 바른 소리를 만들다",정수희,천개의바람,전자책,1190077213 ,아동,2023-03-10
5846,천 개의 파랑,천선란,허블,전자책,1190090260 ,소설,2023-03-10
5847,주식의 쓸모,앤드류 할램,시목,전자책,119022447X,경제경영,2023-03-10
5848,만화 재무제표 모르면 주식투자 절대로 하지마라(상),사경인 (원작),베가북스,전자책,1190242370 ,경제경영,2023-03-10
5849,잠든 사이 월급 버는 미국 주식 투자,베가스풍류객,베가북스,전자책,1190242400 ,경제경영,2023-03-10
5850,만화 재무제표 모르면 주식투자 절대로 하지마라(하),사경인 (원작),베가북스,전자책,1190242451 ,경제경영,2023-03-10
5851,짧게 잘 쓰는 법,벌린 클링켄보그,교유서가,전자책,119027762X,인문/역사,2023-03-10
5852,민족,아자 가트,교유서가,전자책,1190277689 ,인문/역사,2023-03-10
5853,도토리 팬티,다카하시 노조미,북극곰,전자책,1190300281 ,유아,2023-03-10
5854,딩동,릴리아,북극곰,전자책,1190300389 ,유아,2023-03-10
5855,다고쳐 박사의 비밀,주윤희,북극곰,전자책,1190300435 ,유아,2023-03-10
5856,최고의 이름,루치루치,북극곰,전자책,1190300591 ,유아,2023-03-10
5857,버찌 잼 토스트,문지나,북극곰,전자책,1190300737 ,유아,2023-03-10
5858,마지막 배,이루리,북극곰,전자책,1190300745 ,유아,2023-03-10
5859,굴러 굴러,이승범,북극곰,전자책,1190300796 ,유아,2023-03-10
5860,"나는 오, 너는 아!",존 케인,북극곰,전자책,1190300842 ,유아,2023-03-10
5861,영화는 두 번 시작된다,이동진,위즈덤하우스,전자책,1190305275 ,예술/대중문화,2023-03-10
5862,어퍼컷 좀 날려도 되겠습니까,설재인,웨일북(whalebooks),전자책,1190313111 ,시/에세이,2023-03-10
5863,50부터는 물건은 뺄셈 마음은 덧셈,이노우에 가즈코,센시오,전자책,1190356651 ,자기계발,2023-03-10
5864,신이 쉼표를 넣은 곳에 마침표를 찍지 말라,류시화,더숲,전자책,1190357089 ,시/에세이,2023-03-10
5865,소크라테스의 변명·크리톤·파이돈·향연(그리스어 원전 완역본),플라톤,현대지성,전자책,1190398036 ,인문/역사,2023-03-10
5866,당신이 집에서 논다는 거짓말,정아은,천년의상상,전자책,1190413108 ,인문/역사,2023-03-10
5867,한번도 경험해보지 못한 나라,강양구,천년의상상,전자책,1190413159 ,정치/사회,2023-03-10
5868,"22똥괭이네, 이제는 행복한 집고양이랍니다",이삼 집사,위즈덤하우스,전자책,1190427184 ,시/에세이,2023-03-10
5869,공부는 절대 나를 배신하지 않는다,송영준,메이븐,전자책,1190538180 ,청소년,2023-03-10
5870,키르케,매들린 밀러,이봄,전자책,1190582309 ,소설,2023-03-10
5871,"공부, 이래도 안되면 포기하세요",이지훈,위즈덤하우스,전자책,1190630095 ,자기계발,2023-03-10
5872,어른의 어휘력,유선경,앤의서재,전자책,1190710056 ,인문/역사,2023-03-10
5873,"1일 1페이지, 세상에서 가장 짧은 교양 수업 365: 인물편",데이비드 S. 키더,위즈덤하우스,전자책,1190908069 ,인문/역사,2023-03-10
5874,내 몸이 예전 같지 않을 때 읽는 책,김유겸,위즈덤하우스,전자책,1190908697 ,건강/의학,2023-03-10
5875,언어의 뇌과학,알베르트 코스타,현대지성,전자책,1190994151 ,과학/공학,2023-03-10
5876,42가지 마음의 색깔. 2: 사랑의 색깔편,크리스티나 누녜스 페레이라,레드스톤,전자책,1195196687 ,유아,2023-03-10
5877,뜨겁게 나를 응원한다,조성희,생각지도,전자책,1195566549 ,자기계발,2023-03-10
5878,부분과 전체,베르너 하이젠베르크,서커스(서커스출판상회),전자책,1195568754 ,과학/공학,2023-03-10
5879,파이브,댄 자드라,앵글북스,전자책,119561490X,자기계발,2023-03-10
5880,아이주도 이유식 유아식 매뉴얼,BLW 연구소,아퍼블리싱,전자책,1195616139 ,가정/생활/요리,2023-03-10
5881,랙 걸린 사춘기,송방순,초록서재,전자책,119571873X,청소년,2023-03-10
5882,그럴 때 있으시죠?,김제동,나무의마음,전자책,1195906803 ,시/에세이,2023-03-10
5883,설민석의 무도 한국사 특강,설민석,휴먼큐브,전자책,1196025894 ,인문/역사,2023-03-10
5884,운다고 달라지는 일은 아무것도 없겠지만(리커버),박준,난다,전자책,1196075174 ,시/에세이,2023-03-10
5885,살아 있는 역사 꿈이 되는 직업,박정화,리프레시,전자책,1196223025 ,아동,2023-03-10
5886,나는 당신이 오래오래 걸었으면 좋겠습니다,다나카 나오키,포레스트북스,전자책,1196273189 ,건강/의학,2023-03-10
5887,프로이트의 의자(10주년 기념 특별판),정도언,지와인,전자책,1196533423 ,인문/역사,2023-03-10
5888,일간 이슬아 수필집,이슬아,헤엄,전자책,1196589100 ,시/에세이,2023-03-10
5889,심신 단련,이슬아,헤엄,전자책,1196589135 ,시/에세이,2023-03-10
5890,대한민국 부동산 지난 10년 앞으로 10년,채상욱,라이프런,전자책,119662593X,경제경영,2023-03-10
5891,"동물법, 변호사가 알려드립니다",동물권연구변호사단체 PNR,리리,전자책,1196756848 ,여행/취미,2023-03-10
5892,그 환자,재스퍼 드윗,시월이일,전자책,1196756945 ,소설,2023-03-10
5893,이제부터는 오를 곳만 오른다,김학렬,페이지2북스,전자책,1196831076 ,경제경영,2023-03-10
5894,부의 대이동,오건영,페이지2북스,전자책,1196831084 ,경제경영,2023-03-10
5895,딸은 엄마의 감정을 먹고 자란다,박우란,유노라이프,전자책,119699756X,인문/역사,2023-03-10
5896,바른 발레 생활,윤지영,플로어웍스,전자책,1196999775 ,여행/취미,2023-03-10
5897,검은 꽃,김영하,복복서가,전자책,1197021639 ,소설,2023-03-10
5898,엘리베이터에 낀 그 남자는 어떻게 되었나,김영하,복복서가,전자책,1197021647 ,소설,2023-03-10
5899,이유가 많으니 그냥이라고 할 수밖에,을냥이,스튜디오오드리,전자책,1197023003 ,시/에세이,2023-03-10
5900,나의 다정하고 무례한 엄마,이남옥,라이프앤페이지,전자책,1197024107 ,인문/역사,2023-03-10
5901,돈지랄의 기쁨과 슬픔,신예희,드렁큰에디터,전자책,1197035206 ,시/에세이,2023-03-10
5902,맛있게 살 빠지는 고단백 저탄수화물 다이어트 레시피,미니 박지우,비에이블,전자책,1197035230 ,가정/생활/요리,2023-03-10
5903,읽기만 하면 내 것이 되는 1페이지 한국사 365,심용환,비에이블,전자책,1197035249 ,인문/역사,2023-03-10
5904,철학카페에서 문학 읽기,김용규,웅진지식하우스,전자책,8901061252 ,인문/역사,2023-03-10
5905,서른살이 심리학에게 묻다,김혜남,갤리온,전자책,8901078589 ,인문/역사,2023-03-10
5906,월든,헨리 데이비드 소로,펭귄클래식코리아,전자책,8901109549 ,소설,2023-03-10
5907,하버드 부모들은 어떻게 키웠을까,로널드 F. 퍼거슨,웅진지식하우스,전자책,8901237237 ,가정/생활/요리,2023-03-10
5908,보이지 않는 여자들,캐럴라인 크리아도 페레스,웅진지식하우스,전자책,8901242648 ,정치/사회,2023-03-10
5909,내가 너의 첫문장이었을 때,김민섭,웅진지식하우스,전자책,8901243288 ,시/에세이,2023-03-10
5910,기분이 태도가 되지 않게,레몬심리,갤리온,전자책,8901243652 ,자기계발,2023-03-10
5911,김미경의 리부트,김미경,웅진지식하우스,전자책,8901243660 ,자기계발,2023-03-10
5912,근육이 튼튼한 여자가 되고 싶어,이정연,웅진지식하우스,전자책,890124375X,시/에세이,2023-03-10
5913,수학으로 생각하는 힘,키트 예이츠,웅진지식하우스,전자책,8901243938 ,과학/공학,2023-03-10
5914,짧고 굵게 일합니다,곤도 마리에,리더스북,전자책,8901244020 ,자기계발,2023-03-10
5915,살고 싶다는 농담,허지웅,웅진지식하우스,전자책,8901244608 ,시/에세이,2023-03-10
5916,윤동주 시집,윤동주,범우사,전자책,8908060197 ,시/에세이,2023-03-10
5917,"칼 라르손, 오늘도 행복을 그리는 이유",이소영,알에이치코리아,전자책,8925536919 ,예술/대중문화,2023-03-10
5918,마음의 오류들,에릭 캔델,알에이치코리아,전자책,8925536935 ,과학/공학,2023-03-10
5919,스토너,존 윌리엄스,알에이치코리아,전자책,8925554992 ,소설,2023-03-10
5920,두 번째 지구는 없다,타일러 라쉬,알에이치코리아,전자책,8925556251 ,과학/공학,2023-03-10
5921,병구는 600살,이승민,주니어RHK,전자책,892556534X,아동,2023-03-10
5922,작은 아씨들 무비 아트북,지나 매킨타이어,알에이치코리아,전자책,8925568179 ,예술/대중문화,2023-03-10
5923,아직도 내 아이를 모른다,대니얼 J. 시겔,알에이치코리아,전자책,8925569221 ,가정/생활/요리,2023-03-10
5924,백종원이 추천하는 집밥 메뉴 54,백종원,서울문화사,전자책,8926396851 ,가정/생활/요리,2023-03-10
5925,콩콩콩! 같이 뛰어요!,윤정화,다락원,전자책,8927747267 ,유아,2023-03-10
5926,하하 호호! 서로 칭찬해요.,강근영,다락원,전자책,8927747283 ,유아,2023-03-10
5927,하나 둘 셋! 몸을 움직여요!,강근영,다락원,전자책,8927747291 ,아동,2023-03-10
5928,"지금, 행복하고 싶어",이소연,중앙북스,전자책,8927811321 ,여행/취미,2023-03-10
5929,프랑스 아이처럼,파멜라 드러커맨,북하이브,전자책,8928615364 ,가정/생활/요리,2023-03-10
5930,소크라테스의 변명,플라톤,문예출판사,전자책,8931003714 ,인문/역사,2023-03-10
5931,줌 & 영상 편집,앤미디어,성안당,전자책,8931556713 ,IT/프로그래밍,2023-03-10
5932,입 속의 검은 잎,기형도,문학과지성사,전자책,8932003971 ,시/에세이,2023-03-10
5933,달콤한 나의 도시,정이현,문학과지성사,전자책,8932017158 ,소설,2023-03-10
5934,친절한 복희씨,박완서,문학과지성사,전자책,8932018146 ,소설,2023-03-10
5935,나의 별서에 핀 앵두나무는,조용미,문학과지성사,전자책,8932018162 ,시/에세이,2023-03-10
5936,서랍에 저녁을 넣어 두었다,한강,문학과지성사,전자책,8932024634 ,시/에세이,2023-03-10
5937,모멸감,김찬호,문학과지성사,전자책,893202555X,인문/역사,2023-03-10
5938,"사람, 장소, 환대",김현경,문학과지성사,전자책,8932027269 ,인문/역사,2023-03-10
5939,우리가 함께 장마를 볼 수도 있겠습니다,박준,문학과지성사,전자책,893203494X,시/에세이,2023-03-10
5940,그리하여 흘려 쓴 것들,이제니,문학과지성사,전자책,8932034958 ,시/에세이,2023-03-10
5941,내가 사랑한 공간들,윤광준,을유문화사,전자책,8932474109 ,인문/역사,2023-03-10
5942,나의 사적인 예술가들,윤혜정,을유문화사,전자책,8932474346 ,인문/역사,2023-03-10
5943,꿈의 해석,지그문트 프로이트,열린책들,전자책,8932905126 ,인문/역사,2023-03-10
5944,뇌. 1,베르나르 베르베르,열린책들,전자책,8932906726 ,소설,2023-03-10
5945,뇌. 2,베르나르 베르베르,열린책들,전자책,8932906734 ,소설,2023-03-10
5946,논문 잘 쓰는 방법,움베르토 에코,열린책들,전자책,893290684X,인문/역사,2023-03-10
5947,죄와 벌(상),표도르 미하일로비치 도스또예프스끼,열린책들,전자책,8932909156 ,소설,2023-03-10
5948,죄와 벌(하),표도르 미하일로비치 도스또예프스끼,열린책들,전자책,8932909164 ,소설,2023-03-10
5949,그리스인 조르바,니코스 카잔차키스,열린책들,전자책,8932909342 ,소설,2023-03-10
5950,베르나르 베르베르의 상상력 사전,베르나르 베르베르,열린책들,전자책,8932910863 ,시/에세이,2023-03-10
5951,제3인류. 1,베르나르 베르베르,열린책들,전자책,8932916373 ,소설,2023-03-10
5952,제3인류. 2,베르나르 베르베르,열린책들,전자책,8932916381 ,소설,2023-03-10
5953,제3인류. 3,베르나르 베르베르,열린책들,전자책,8932916489 ,소설,2023-03-10
5954,제3인류. 4,베르나르 베르베르,열린책들,전자책,8932916497 ,소설,2023-03-10
5955,돈키호테. 1,미겔 데 세르반테스 사아베드라,열린책들,전자책,8932916802 ,소설,2023-03-10
5956,돈키호테. 2,미겔 데 세르반테스 사아베드라,열린책들,전자책,8932916810 ,소설,2023-03-10
5957,파수꾼,하퍼 리,열린책들,전자책,8932917221 ,소설,2023-03-10
5958,제3인류. 5,베르나르 베르베르,열린책들,전자책,8932917663 ,소설,2023-03-10
5959,제3인류. 6,베르나르 베르베르,열린책들,전자책,8932917671 ,소설,2023-03-10
5960,면역에 관하여,율라 비스,열린책들,전자책,8932918104 ,과학/공학,2023-03-10
5961,배움의 발견,타라 웨스트오버,열린책들,전자책,8932919550 ,시/에세이,2023-03-10
5962,우리는 왜 잠을 자야 할까,매슈 워커,열린책들,전자책,8932919585 ,과학/공학,2023-03-10
5963,제3의 부의 원칙,대니얼 크로스비,청림출판,전자책,8935213195 ,경제경영,2023-03-10
5964,이이화 한국사 이야기. 1 우리 민족은 어떻게 형성되었나,이이화,한길사,전자책,8935669830 ,인문/역사,2023-03-10
5965,이이화 한국사 이야기. 2 고구려 백제 신라와 가야를 찾아서,이이화,한길사,전자책,8935669849 ,인문/역사,2023-03-10
5966,이이화 한국사 이야기. 3 삼국의 세력다툼과 중국과의 전쟁,이이화,한길사,전자책,8935669857 ,인문/역사,2023-03-10
5967,이이화 한국사 이야기. 4 남국 신라와 북국 발해,이이화,한길사,전자책,8935669865 ,인문/역사,2023-03-10
5968,이이화 한국사 이야기. 5 최초의 민족통일국가 고려,이이화,한길사,전자책,8935669873 ,인문/역사,2023-03-10
5969,이이화 한국사 이야기. 6 무신의 칼 청자의 예술혼,이이화,한길사,전자책,8935669881 ,인문/역사,2023-03-10
5970,이이화 한국사 이야기. 7 몽골의 침략과 30년 항쟁,이이화,한길사,전자책,893566989X,인문/역사,2023-03-10
5971,이이화 한국사 이야기. 8 개혁의 실패와 역성혁명,이이화,한길사,전자책,8935669903 ,인문/역사,2023-03-10
5972,이이화 한국사 이야기. 9 조선의 건국,이이화,한길사,전자책,8935669911 ,인문/역사,2023-03-10
5973,이이화 한국사 이야기. 10 왕의 길 신하의 길,이이화,한길사,전자책,893566992X,인문/역사,2023-03-10
5974,이이화 한국사 이야기. 11 조선과 일본의 7년 전쟁,이이화,한길사,전자책,8935669938 ,인문/역사,2023-03-10
5975,이이화 한국사 이야기. 12 국가 재건과 청의 침입,이이화,한길사,전자책,8935669946 ,인문/역사,2023-03-10
5976,이이화 한국사 이야기. 13 여러 세력의 갈등,이이화,한길사,전자책,8935669954 ,인문/역사,2023-03-10
5977,이이화 한국사 이야기. 14 놀이와 풍속의 사회사,이이화,한길사,전자책,8935669962 ,인문/역사,2023-03-10
5978,이이화 한국사 이야기. 15 문화군주 정조의 나라 만들기,이이화,한길사,전자책,8935669970 ,인문/역사,2023-03-10
5979,이이화 한국사 이야기. 16 문벌정치가 나라를 흔들다,이이화,한길사,전자책,8935669989 ,인문/역사,2023-03-10
5980,이이화 한국사 이야기. 17 조선의 문을 두드리는 세계 열강,이이화,한길사,전자책,8935669997 ,인문/역사,2023-03-10
5981,이이화 한국사 이야기. 18 민중의 함성 동학농민전쟁,이이화,한길사,전자책,8935670006 ,인문/역사,2023-03-10
5982,이이화 한국사 이야기. 19 오백년 왕국의 종말,이이화,한길사,전자책,8935670014 ,인문/역사,2023-03-10
5983,이이화 한국사 이야기. 20 우리 힘으로 나라를 찾겠다,이이화,한길사,전자책,8935670022 ,인문/역사,2023-03-10
5984,이이화 한국사 이야기. 21: 해방 그날이 오면,이이화,한길사,전자책,8935670030 ,인문/역사,2023-03-10
5985,이이화 한국사 이야기. 22 빼앗긴 들에 부는 근대화 바람,이이화,한길사,전자책,8935670049 ,인문/역사,2023-03-10
5986,오리지널스,애덤 그랜트,한국경제신문사,전자책,8947540676 ,경제경영,2023-03-10
5987,부동산 절세 완전정복,자본가(이승현),한국경제신문,전자책,8947545805 ,경제경영,2023-03-10
5988,"엄마, 주식 사주세요(리커버 에디션)",존 리,한국경제신문,전자책,8947545937 ,경제경영,2023-03-10
5989,설득의 심리학,로버트 치알디니,21세기북스,전자책,8950949156 ,자기계발,2023-03-10
5990,프레임,최인철,21세기북스,전자책,8950966441 ,인문/역사,2023-03-10
5991,엄마의 자존감 공부,김미경,21세기북스,전자책,8950972220 ,자기계발,2023-03-10
5992,레오나르도 다빈치,월터 아이작슨,아르테(arte),전자책,8950980223 ,인문/역사,2023-03-10
5993,오늘도 고마워,윤여림,을파소,전자책,8950982196 ,유아,2023-03-10
5994,사브리나,닉 드르나소,아르테(arte),전자책,8950983818 ,단행본만화,2023-03-10
5995,정책의 배신,윤희숙,21세기북스,전자책,895098637X,정치/사회,2023-03-10
5996,킵고잉(Keep Going),주언규,21세기북스,전자책,8950988488 ,경제경영,2023-03-10
5997,"안녕, 나의 빨강머리 앤",백영옥,아르테(arte),전자책,8950989220 ,시/에세이,2023-03-10
5998,호모 엠파티쿠스가 온다,최배근,21세기북스,전자책,8950989891 ,경제경영,2023-03-10
5999,마지막 강의,랜디 포시,살림,전자책,8952209249 ,자기계발,2023-03-10
6000,아들러 심리학을 읽는 밤,기시미 이치로,살림,전자책,8952230647 ,인문/역사,2023-03-10
6001,아이의 자존감,정지은,지식채널,전자책,895276207X,가정/생활/요리,2023-03-10
6002,바람의 열두 방향,어슐러 K. 르 귄,시공사,전자책,8952771842 ,소설,2023-03-10
6003,왜 세계의 가난은 사라지지 않는가,장 지글러,시공사,전자책,8952795490 ,정치/사회,2023-03-10
6004,시간을 파는 상점. 2: 너를 위한 시간,김선영,자음과모음,전자책,8954440045 ,소설,2023-03-10
6005,내가 빛나는 순간,파울로 코엘료,자음과모음,전자책,895444248X,시/에세이,2023-03-10
6006,새들은 페루에 가서 죽다,로맹 가리,문학동네,전자책,8954604064 ,소설,2023-03-10
6007,흐르는 강물처럼,파울로 코엘료,문학동네,전자책,8954606830 ,시/에세이,2023-03-10
6008,오빠가 돌아왔다,김영하,문학동네,전자책,8954610145 ,소설,2023-03-10
6009,어디선가 나를 찾는 전화벨이 울리고,신경숙,문학동네,전자책,8954611273 ,소설,2023-03-10
6010,나는 나를 파괴할 권리가 있다,김영하,문학동네,전자책,895461177X,소설,2023-03-10
6011,긴 이별을 위한 짧은 편지,페터 한트케,문학동네,전자책,8954613969 ,소설,2023-03-10
6012,희랍어 시간,한강,문학동네,전자책,8954616518 ,소설,2023-03-10
6013,천 번을 흔들려야 어른이 된다,김난도,오우아,전자책,8954618987 ,시/에세이,2023-03-10
6014,당신의 이름을 지어다가 며칠은 먹었다,박준,문학동네,전자책,8954619576 ,시/에세이,2023-03-10
6015,밤이 선생이다,황현산,난다,전자책,895462149X,시/에세이,2023-03-10
6016,개밥바라기별,황석영,문학동네,전자책,8954623247 ,소설,2023-03-10
6017,칼의 노래,김훈,문학동네,전자책,8954623360 ,소설,2023-03-10
6018,새의 선물,은희경,문학동네,전자책,8954623379 ,소설,2023-03-10
6019,고래,천명관,문학동네,전자책,8954623417 ,소설,2023-03-10
6020,카스테라,박민규,문학동네,전자책,8954623425 ,소설,2023-03-10
6021,여자 없는 남자들,무라카미 하루키,문학동네,전자책,8954625584 ,소설,2023-03-10
6022,눈먼 자들의 국가,김애란,문학동네,전자책,8954626076 ,시/에세이,2023-03-10
6023,자전거여행. 1,김훈,문학동네,전자책,8954626203 ,시/에세이,2023-03-10
6024,자전거여행. 2,김훈,문학동네,전자책,8954626211 ,시/에세이,2023-03-10
6025,소설가의 일,김연수,문학동네,전자책,8954626270 ,시/에세이,2023-03-10
6026,최선의 삶,임솔아,문학동네,전자책,8954636853 ,소설,2023-03-10
6027,법륜 스님의 행복,법륜,나무의마음,전자책,8954637167 ,종교,2023-03-10
6028,개인주의자 선언,문유석,문학동네,전자책,8954637752 ,인문/역사,2023-03-10
6029,라면을 끓이며,김훈,문학동네,전자책,8954637779 ,시/에세이,2023-03-10
6030,전쟁은 여자의 얼굴을 하지 않았다,스베틀라나 알렉시예비치,문학동네,전자책,8954637957 ,시/에세이,2023-03-10
6031,똑게육아,로리(김준희),아우름,전자책,8954639003 ,가정/생활/요리,2023-03-10
6032,너무 한낮의 연애(리커버판),김금희,문학동네,전자책,8954640753 ,소설,2023-03-10
6033,만약은 없다,남궁인,문학동네,전자책,8954641504 ,시/에세이,2023-03-10
6034,너무 시끄러운 고독,보후밀 흐라발,문학동네,전자책,8954641547 ,소설,2023-03-10
6035,쇼코의 미소,최은영,문학동네,전자책,8954641636 ,소설,2023-03-10
6036,아무도 아닌,황정은,문학동네,전자책,8954643302 ,소설,2023-03-10
6037,모두를 위한 페미니즘,벨 훅스,문학동네,전자책,8954644813 ,정치/사회,2023-03-10
6038,오직 두 사람,김영하,문학동네,전자책,8954645615 ,소설,2023-03-10
6039,기사단장 죽이기. 1: 현현하는 이데아,무라카미 하루키,문학동네,전자책,8954646123 ,소설,2023-03-10
6040,기사단장 죽이기. 2: 전이하는 메타포,무라카미 하루키,문학동네,전자책,8954646131 ,소설,2023-03-10
6041,세계를 건너 너에게 갈게,이꽃님,문학동네,전자책,895465021X,청소년,2023-03-10
6042,나는 울 때마다 엄마 얼굴이 된다,이슬아,문학동네,전자책,8954653383 ,시/에세이,2023-03-10
6043,체리새우: 비밀글입니다(10만 부 판매 기념 특별 한정판),황영미,문학동네,전자책,8954654754 ,청소년,2023-03-10
6044,빛과 물질에 관한 이론,앤드루 포터,문학동네,전자책,8954656161 ,소설,2023-03-10
6045,엘리너 올리펀트는 완전 괜찮아,게일 허니먼,문학동네,전자책,8954657478 ,소설,2023-03-10
6046,로마법 수업,한동일,문학동네,전자책,8954657877 ,인문/역사,2023-03-10
6047,여자로 살아가는 우리들에게,요조,문학동네,전자책,8954658350 ,시/에세이,2023-03-10
6048,모월모일,박연준,문학동네,전자책,895467092X,시/에세이,2023-03-10
6049,자본과 이데올로기,토마 피케티,문학동네,전자책,8954671063 ,정치/사회,2023-03-10
6050,제주에서 혼자 살고 술은 약해요,이원하,문학동네,전자책,8954671322 ,시/에세이,2023-03-10
6051,사랑 밖의 모든 말들,김금희,문학동네,전자책,8954671497 ,시/에세이,2023-03-10
6052,사랑의 역사,니콜 크라우스,문학동네,전자책,8954671829 ,소설,2023-03-10
6053,귤의 맛,조남주,문학동네,전자책,8954671985 ,청소년,2023-03-10
6054,화이트 호스,강화길,문학동네,전자책,8954672221 ,소설,2023-03-10
6055,말하기를 말하기,김하나,콜라주,전자책,8954672736 ,시/에세이,2023-03-10
6056,일곱 해의 마지막,김연수,문학동네,전자책,8954672779 ,소설,2023-03-10
6057,빌리브 미,JP 덜레이니,문학동네,전자책,8954673457 ,소설,2023-03-10
6058,정선 갤러리,이광표,그린북,전자책,8955883455 ,아동,2023-03-10
6059,영어 그림책의 기적,전은주,북하우스,전자책,8956055610 ,가정/생활/요리,2023-03-10
6060,"다시, 책은 도끼다",박웅현,북하우스,전자책,8956056609 ,인문/역사,2023-03-10
6061,남한산성,김훈,학고재,전자책,8956250596 ,소설,2023-03-10
6062,신기한 머릿속 이야기 수리수리 뇌,이현,마루벌,전자책,8956635870 ,아동,2023-03-10
6063,가르칠 수 있는 용기,파커 J. 파머,한문화,전자책,895699157X,인문/역사,2023-03-10
6064,인생 수업,엘리자베스 퀴블러 로스,이레,전자책,8957090819 ,시/에세이,2023-03-10
6065,초등 매일 공부의 힘,이은경,가나출판사,전자책,8957360298 ,가정/생활/요리,2023-03-10
6066,현명한 투자자,벤저민 그레이엄,국일증권경제연구소,전자책,8957821309 ,경제경영,2023-03-10
6067,철학이 필요한 시간,강신주,사계절,전자책,8958285346 ,인문/역사,2023-03-10
6068,의자놀이,공지영,휴머니스트,전자책,8958625252 ,정치/사회,2023-03-10
6069,시를 잊은 그대에게(리커버),정재찬,휴머니스트,전자책,8958628227 ,시/에세이,2023-03-10
6070,이동진 독서법,이동진,위즈덤하우스,전자책,8959135267 ,인문/역사,2023-03-10
6071,일단 오늘은 나한테 잘합시다(행복한 고구마 에디션),도대체,위즈덤하우스,전자책,8959135593 ,시/에세이,2023-03-10
6072,13.67,찬호께이,한스미디어,전자책,8959758345 ,소설,2023-03-10
6073,1만 시간의 법칙,이상훈,위즈덤하우스,전자책,8960862371 ,자기계발,2023-03-10
6074,달을 따러 간 반달곰,정재훈,리틀씨앤톡,전자책,8960981605 ,아동,2023-03-10
6075,불 꺼진 아파트의 아이들,정명섭,리틀씨앤톡,전자책,8960984892 ,아동,2023-03-10
6076,녹두꽃 바람 불 적에,최유정,리틀씨앤톡,전자책,8960984957 ,아동,2023-03-10
6077,찌아찌아족 나루이의 신기한 한글 여행,장경선,리틀씨앤톡,전자책,8960985481 ,아동,2023-03-10
6078,"멍멍, 난 개똥이가 아니야",한정영,리틀씨앤톡,전자책,8960985678 ,아동,2023-03-10
6079,계백 장군과 위기의 꽃봉오리,강로사,리틀씨앤톡,전자책,8960985783 ,아동,2023-03-10
6080,내가 하는 말이 왜 나빠,이현주,리틀씨앤톡,전자책,8960985791 ,아동,2023-03-10
6081,애꾸눈 궁예와 수상한 도깨비,한정영,리틀씨앤톡,전자책,8960985996 ,아동,2023-03-10
6082,왕세자가 돌아온다,이규희,파랑새,전자책,8961557319 ,아동,2023-03-10
6083,쥐와 다람쥐의 이야기,미슈카 벤 데이비드,책빛,전자책,896219273X,아동,2023-03-10
6084,난 고양이가 싫어요!(러브 스토리),다비드 칼리,책빛,전자책,8962192772 ,아동,2023-03-10
6085,4998 친구,다비드 칼리,책빛,전자책,8962192837 ,아동,2023-03-10
6086,안녕,마리 칸스타 욘센,책빛,전자책,8962192888 ,아동,2023-03-10
6087,포르투나토 씨,다니엘레 모바렐리,책빛,전자책,8962192985 ,아동,2023-03-10
6088,우리 몸이 세계라면,김승섭,동아시아,전자책,8962622564 ,인문/역사,2023-03-10
6089,임계장 이야기,조정진,후마니타스,전자책,8964373499 ,정치/사회,2023-03-10
6090,야밤의 공대생 만화,맹기완,뿌리와이파리,전자책,8964620879 ,과학/공학,2023-03-10
6091,초등학생을 위한 개념 한국지리 150,고은애,바이킹,전자책,8964943554 ,아동,2023-03-10
6092,유시민의 논술 특강,유시민,생각의길,전자책,8965133564 ,인문/역사,2023-03-10
6093,만능양념장 레시피,이현주,경향미디어,전자책,8965180988 ,가정/생활/요리,2023-03-10
6094,"머시 수아레스, 기어를 바꾸다",메그 메디나,밝은미래,전자책,8965463424 ,아동,2023-03-10
6095,학교에서 똥싼날,이선일,푸른날개,전자책,8965590957 ,아동,2023-03-10
6096,공부는 내 인생에 대한 예의다,이형진,쌤앤파커스,전자책,896570006X,청소년,2023-03-10
6097,돈보다 운을 벌어라,김승호,쌤앤파커스,전자책,8965701368 ,자기계발,2023-03-10
6098,한국고전소설 40,박지원 외,리베르,전자책,8965820499 ,청소년,2023-03-10
6099,마흔에 읽는 손자병법,강상구,흐름출판,전자책,8965960126 ,자기계발,2023-03-10
6100,지식 편의점: 생각하는 인간 편,이시한,흐름출판,전자책,8965963850 ,인문/역사,2023-03-10
6101,먹어서 병을 이기는 법,윌리엄 리,흐름출판,전자책,8965963869 ,건강/의학,2023-03-10
6102,21세기 자본,토마 피케티,글항아리,전자책,8967351275 ,정치/사회,2023-03-10
6103,매우 예민한 사람들을 위한 책,전홍진,글항아리,전자책,8967358024 ,인문/역사,2023-03-10
6104,"우리 신부님, 쫄리 신부님",채빈,스코프,전자책,8967994524 ,아동,2023-03-10
6105,꿈꾸는 모시와 힙합 삼총사,최은영,개암나무,전자책,8968304327 ,아동,2023-03-10
6106,희망을 쏘아 올린 거북선,안미란,개암나무,전자책,8968304432 ,아동,2023-03-10
6107,귀신 강아지 초롱이,박정안,개암나무,전자책,8968305412 ,아동,2023-03-10
6108,느릿느릿 도서관,우지현,개암나무,전자책,8968305730 ,유아,2023-03-10
6109,"나, 있는 그대로 참 좋다(몽글몽글 에디션)",조유미,허밍버드,전자책,8968331502 ,시/에세이,2023-03-10
6110,미라클 모닝,할 엘로드,경향BP,전자책,8969521186 ,경제경영,2023-03-10
6111,공산당선언,카를 마르크스,책세상,전자책,8970133615 ,인문/역사,2023-03-10
6112,은하수를 여행하는 히치하이커를 위한 안내서(합본),더글러스 애덤스,책세상,전자책,8970135472 ,소설,2023-03-10
6113,1학년 사고력 쑥쑥 생각 쏙쏙 철학 동화,김영이,글사랑,전자책,8970283161 ,아동,2023-03-10
6114,2학년 사고력 쑥쑥 생각 쏙쏙 철학 동화,정동수,글사랑,전자책,897028317X,아동,2023-03-10
6115,내가 사랑한 유럽 TOP10,정여울,홍익출판사,전자책,897065397X,여행/취미,2023-03-10
6116,한비야의 중국견문록,한비야,푸른숲,전자책,8971844779 ,여행/취미,2023-03-10
6117,당신으로 충분하다,정혜신,푸른숲,전자책,8971846917 ,인문/역사,2023-03-10
6118,허삼관 매혈기,위화,푸른숲,전자책,8971847247 ,소설,2023-03-10
6119,그건 사랑이었네,한비야,푸른숲,전자책,8971848170 ,시/에세이,2023-03-10
6120,닥치고 정치,김어준,푸른숲,전자책,8971848685 ,정치/사회,2023-03-10
6121,엘리어트 파동 이론,김중근,사계절,전자책,8971962402 ,경제경영,2023-03-10
6122,이것이 인간인가,프리모 레비,돌베개,전자책,8971992646 ,시/에세이,2023-03-10
6123,후불제 민주주의,유시민,돌베개,전자책,8971993308 ,정치/사회,2023-03-10
6124,알지 못하는 아이의 죽음,은유,돌베개,전자책,8971999632 ,정치/사회,2023-03-10
6125,모비 딕,허먼 멜빌,작가정신,전자책,8972883905 ,소설,2023-03-10
6126,나무를 심은 사람,장 지오노,두레,전자책,8974431149 ,소설,2023-03-10
6127,인간의 마음을 사로잡는 스무 가지 플롯,로널드 B. 토비아스,풀빛,전자책,8974744058 ,예술/대중문화,2023-03-10
6128,유라시아 견문. 1,이병한,서해문집,전자책,8974838095 ,인문/역사,2023-03-10
6129,유라시아 견문. 2,이병한,서해문집,전자책,8974839210 ,인문/역사,2023-03-10
6130,유라시아 견문. 3,이병한,서해문집,전자책,8974839717 ,인문/역사,2023-03-10
6131,아낌없이 주는 나무,쉘 실버스타인,선영사,전자책,8975586073 ,소설,2023-03-10
6132,뉴스 사용 설명서,모리 다쓰야,우리교육,전자책,8980401604 ,정치/사회,2023-03-10
6133,동래성에 부는 바람,박미경,우리교육,전자책,8980408935 ,아동,2023-03-10
6134,순간의 꽃,고은,문학동네,전자책,8982813845 ,소설,2023-03-10
6135,연금술사,파울로 코엘료,문학동네,전자책,8982814477 ,소설,2023-03-10
6136,자기 앞의 생,에밀 아자르,문학동네,전자책,8982816631 ,소설,2023-03-10
6137,속죄,이언 매큐언,문학동네,전자책,8982817174 ,소설,2023-03-10
6138,베로니카 죽기로 결심하다,파울로 코엘료,문학동네,전자책,8982817425 ,소설,2023-03-10
6139,11분,파울로 코엘료,문학동네,전자책,8982818227 ,소설,2023-03-10
6140,무진기행,김승옥,문학동네,전자책,8982818677 ,소설,2023-03-10
6141,뱃살이 쏙 빠지는 식사법,에베 코지,더난출판사,전자책,8984059951 ,건강/의학,2023-03-10
6142,기획의 정석,박신영,세종서적,전자책,8984073660 ,자기계발,2023-03-10
6143,내 마음 배송 완료,송방순,논장,전자책,8984143278 ,아동,2023-03-10
6144,나는 왜 쓰는가,조지 오웰,한겨레출판사,전자책,8984314234 ,정치/사회,2023-03-10
6145,엄마 수업,법륜,휴,전자책,8984315117 ,가정/생활/요리,2023-03-10
6146,인생수업,법륜,휴,전자책,8984317411 ,종교,2023-03-10
6147,딸에게 주는 레시피,공지영,한겨레출판사,전자책,8984319090 ,시/에세이,2023-03-10
6148,지금 이 순간을 살아라,에크하르트 톨레,양문,전자책,8987203956 ,자기계발,2023-03-10
6149,"통계학, 빅데이터를 잡다",조재근,한국문학사,전자책,898752759X,과학/공학,2023-03-10
6150,천년의 금서,김진명,새움,전자책,8988537017 ,소설,2023-03-10
6151,탈무드,편집부,인디북,전자책,8989258057 ,시/에세이,2023-03-10
6152,배려,한상복,위즈덤하우스,전자책,8989313694 ,자기계발,2023-03-10
6153,청춘의 문장들,김연수,마음산책,전자책,8989351553 ,시/에세이,2023-03-10
6154,구성애 아줌마의 10대 아우성,구성애,올리브엠앤비,전자책,8990673127 ,아동,2023-03-10
6155,아이를 잘 키운다는 것,노경선,위즈덤하우스,전자책,899173118X,가정/생활/요리,2023-03-10
6156,부모라면 유대인처럼,고재학,위즈덤하우스,전자책,899173149X,가정/생활/요리,2023-03-10
6157,페미니즘의 도전,정희진,교양인,전자책,8991799809 ,정치/사회,2023-03-10
6158,You Know? 시장경제가 뭐지!,채화영,북네스트,전자책,8993409285 ,아동,2023-03-10
6159,횡설수설하지 않고 정확하게 설명하는 법,고구레 다이치,갈매나무,전자책,8993635854 ,자기계발,2023-03-10
6160,보통의 존재,이석원,달,전자책,8993928037 ,시/에세이,2023-03-10
6161,끌림,이병률,달,전자책,8993928185 ,여행/취미,2023-03-10
6162,바람이 분다 당신이 좋다,이병률,달,전자책,8993928487 ,여행/취미,2023-03-10
6163,싸드(THAAD),김진명,새움,전자책,899396484X,소설,2023-03-10
6164,백점빵,배욱찬,책과콩나무,전자책,8994077693 ,아동,2023-03-10
6165,허영만의 3천만원. 1: 주식에 빠지다,허영만,가디언,전자책,8994909079 ,경제경영,2023-03-10
6166,허영만의 3천만원. 2: 타이밍을 잡아라,허영만,가디언,전자책,8994909095 ,경제경영,2023-03-10
6167,배려 깊은 사랑이 행복한 영재를 만든다,최희수,푸른육아,전자책,8995493321 ,가정/생활/요리,2023-03-10
6168,백만불짜리 습관,브라이언 트레이시,용오름,전자책,899558551X,자기계발,2023-03-10
6169,내 말 좀 들어주세요 제발,하인츠 야니쉬,상상스쿨,전자책,8996023469 ,유아,2023-03-10
6170,지금은 중국을 읽을 시간,중국을읽어주는중국어교사모임,세그루,전자책,8996995347 ,인문/역사,2023-03-10
6171,왜 주식인가,존 리,이콘,전자책,8997453068 ,경제경영,2023-03-10
6172,사람은 무엇으로 성장하는가,존 맥스웰,비즈니스북스,전자책,8997575082 ,자기계발,2023-03-10
6173,우리도 행복할 수 있을까,오연호,오마이북,전자책,8997780131 ,정치/사회,2023-03-10
6174,"이런 질문, 해도 되나요?",심에스더,오마이북,전자책,8997780344 ,가정/생활/요리,2023-03-10
6175,검찰개혁과 촛불시민,조국백서추진위원회,오마이북,전자책,8997780409 ,정치/사회,2023-03-10
6176,미들마치,조지 엘리엇,페이퍼문,전자책,D161220000,소설,2023-03-10
6177,박씨부인전,미상,흙마당어린이,전자책,D190820600,아동,2023-03-10
6178,구운몽,김만중,흙마당어린이,전자책,D190821000,아동,2023-03-10
6179,이토록 공부가 재미있어지는 순간,박성혁,다산북스,전자책,D200730470,청소년,2023-03-10
6180,"입시설계, 초등부터 시작하라",진동섭,포르체,전자책,D200818460,가정/생활/요리,2023-03-10
6181,끌리는 사람은 1%가 다르다,이민규,더난출판사,전자책,K984053228,자기계발,2023-03-10
6182,강의,신영복,돌베개,전자책,KPC1992026,인문/역사,2023-03-10
6183,초등 매일 공부의 힘,<이은경> 저,가나출판사,전자책,9788957360 ,가정/생활/요리,2023-03-10
6184,김진애의 도시 이야기,<김진애> 저,다산초당,전자책,9791130627 ,인문/역사,2023-03-10
6185,9시에서 9시 사이,<레오 페루츠> 저/<신동화> 역,열린책들,전자책,9788932966 ,소설,2023-03-10
6186,고등 수능 영단어 5000 영어단어장,<정용재> 저,한글영어,전자책,9791188935 ,국어/외국어,2023-03-10
6187,모든 공간에는 비밀이 있다,<최경철> 저,웨일북,전자책,9791190313 ,인문/역사,2023-03-10
6188,90년생과 일하는 방법,<윤영철> 저,보랏빛소,전자책,9791187856 ,경제경영,2023-03-10
6189,가난한 청년의 부자 공부,<함태식> 저,다다리더스,전자책,9791190124 ,경제경영,2023-03-10
6190,지금 바로 써먹는 심리학,<리처드 와이즈먼> 저/<박세연> 역,웅진지식하우스,전자책,9788901238 ,인문/역사,2023-03-10
6191,문명 건설 가이드,<라이언 노스> 저/<조은영> 역,웅진지식하우스,전자책,9788901239 ,과학/공학,2023-03-10
6192,스위트모먼트 파운드케이크,<김다해(스위트모먼트)> 저,로지,전자책,9788925587 ,가정/생활/요리,2023-03-10
6193,스위트모먼트 스콘,<김다해(스위트모먼트)> 저,로지,전자책,9788925587 ,가정/생활/요리,2023-03-10
6194,빅 엔젤의 마지막 토요일,<루이스 알베르토 우레아> 저/<심연희> 역,다산책방,전자책,9791130627 ,소설,2023-03-10
6195,세상에서 가장 빠른 고전 읽기,<보도사 편집부> 저/<김소영> 역/<후쿠다 가즈야> 감수,위즈덤하우스,전자책,9791190427 ,인문/역사,2023-03-10
6196,와일딩 홀,<엘리자베스 핸드> 저/<이경아> 역,열린책들,전자책,9788932966 ,소설,2023-03-10
6197,둥지,<신시아 다프리 스위니> 저/<조동섭> 역,열린책들,전자책,9788932966 ,소설,2023-03-10
6198,초등 사회성 수업,"<이향숙>,<김경은>,<서보라> 저",메이트북스,전자책,9791160027 ,가정/생활/요리,2023-03-10
6199,꽃은 알고 있다,<퍼트리샤 윌트셔> 저/<김아림> 역,웅진지식하우스,전자책,9788901239 ,과학/공학,2023-03-10
6200,심플 키토 라이프,<황연수(명품캥거루)> 저,예문,전자책,9788956593 ,건강/의학,2023-03-10
6201,올리버 트위스트,<찰스 디킨스> 저/<유수아> 역,현대지성,전자책,9791190398 ,소설,2023-03-10
6202,개발자도 궁금한 IT 인프라,"<정송화>,<김영선>,<전성민> 공저",제이펍,전자책,9791188621 ,IT/프로그래밍,2023-03-10
6203,코어 이더리움 프로그래밍,"<박재현>,<오재훈>,<박혜영> 공저",제이펍,전자책,9791188621 ,IT/프로그래밍,2023-03-10
6204,법정스님 인생응원가,<정찬주> 저,다연,전자책,9791187962 ,시/에세이,2023-03-10
6205,고수의 보고법,<박종필> 저,옥당,전자책,9791189936 ,자기계발,2023-03-10
6206,우먼월드,<아민더 달리왈> 저/<홍한별> 역,롤러코스터,전자책,9791196874 ,정치/사회,2023-03-10
6207,"성서, 인류의 영원한 고전","<아네테 그로스본가르트>,<요하네스 잘츠베델> 편/<이승희> 역",21세기북스,전자책,9788950985 ,인문/역사,2023-03-10
6208,"나는 나, 엄마는 엄마",<가토 이쓰코> 저/<송은애> 역,한국경제신문사(한경비피),전자책,9788947597 ,시/에세이,2023-03-10
6209,마음이 하찮니,<조민영> 저,청림Life,전자책,9791188700 ,인문/역사,2023-03-10
6210,탈세의 세계사,<오무라 오지로> 저/<진효미> 역,더봄,전자책,9791188522 ,인문/역사,2023-03-10
6211,"팀 개발을 위한 Git, GitHub 시작하기","<정호영>,<진유림> 공저",한빛미디어,전자책,9791162248 ,IT/프로그래밍,2023-03-10
6212,왜 나는 매일 아이에게 미안할까,<김아연(틈틈이)> 저,한빛라이프,전자책,9791188007 ,가정/생활/요리,2023-03-10
6213,내가 왜 계속 살아야 합니까,<윌 듀런트> 저/<신소희> 역,유유,전자책,9791160892 ,인문/역사,2023-03-10
6214,바디 : 우리 몸 안내서,<빌 브라이슨> 저/<이한음> 역,까치(까치글방),전자책,9788972917 ,과학/공학,2023-03-10
6215,결혼 고발,<사월날씨> 저,arte(아르테),전자책,9788950985 ,시/에세이,2023-03-10
6216,"초등 1학년, 수학을 잡아야 공부가 잡힌다 (개정증보판)",<송재환> 저,위즈덤하우스,전자책,9791190427 ,가정/생활/요리,2023-03-10
6217,혜민 스님의 따뜻한 응원,<혜민> 저,수오서재,전자책,9791190382 ,시/에세이,2023-03-10
6218,사랑의 목격,<최유수> 저,허밍버드,전자책,9788968332 ,시/에세이,2023-03-10
6219,각성,<케이트 쇼팽> 저/<한애경> 역,열린책들,전자책,9788932966 ,소설,2023-03-10
6220,통장에 돈이 쌓이는 초저금리 재테크,<조재영> 저,중앙북스(books),전자책,9788927810 ,경제경영,2023-03-10
6221,사라지지 않는 여름 1,<에밀리 M. 댄포스> 저/<송섬별> 역,다산책방,전자책,9791130628 ,소설,2023-03-10
6222,사라지지 않는 여름 2,<에밀리 M. 댄포스> 저/<송섬별> 역,다산책방,전자책,9791130628 ,소설,2023-03-10
6223,칼로리컷 다이어트 레시피,<이정미(라엘라)> 저,싸이프레스,전자책,9791160320 ,가정/생활/요리,2023-03-10
6224,권학봉의 포토샵 라이트룸 클래식 CC 사진보정 강의,<권학봉> 저,황금부엉이,전자책,9788960309 ,IT/프로그래밍,2023-03-10
6225,은밀한 몸,<옐 아들러> 저/<카트야 슈피처> 그림/<배명자> 역,북레시피,전자책,9791188140 ,건강/의학,2023-03-10
6226,작은 불씨는 어디에나,<실레스트 잉> 저/<이미영> 역,나무의철학,전자책,9791158511 ,소설,2023-03-10
6227,자연식물식 다이어트 30일 챌린지,<오공삼(오영세)> 저,21세기북스,전자책,9788950986 ,건강/의학,2023-03-10
6228,통합하고 통찰하는 통통한 과학책 1,<정인경> 저,사계절,전자책,9791160945 ,과학/공학,2023-03-10
6229,브라운 신부의 순진,<길버트 키스 체스터턴> 저/<이상원> 역,열린책들,전자책,9788932966 ,소설,2023-03-10
6230,만년의 집,<강상중> 저/<노수경> 역,사계절,전자책,9791160945 ,시/에세이,2023-03-10
6231,7가지 부의 불변의 법칙,<데이브 램지> 저/<고영훈> 역,다산북스,전자책,9791130628 ,경제경영,2023-03-10
6232,우리는 언제나 늑대였다,<애비 웜백> 저/<이민경> 역,다산북스,전자책,9791130628 ,자기계발,2023-03-10
6233,연애동의 연애 불변의 법칙,<연애동> 저,빌리버튼,전자책,9791188545 ,자기계발,2023-03-10
6234,예술적 상상력,<오종우> 저,어크로스,전자책,9791190030 ,인문/역사,2023-03-10
6235,"땡스 갓, 잇츠 프라이데이",<심너울> 저,안전가옥,전자책,9791190174 ,소설,2023-03-10
6236,나는 혼자일 때 더 잘한다,<모라 애런스-밀리> 저/<김미정> 역,알에이치코리아(RHK),전자책,9788925587 ,자기계발,2023-03-10
6237,아이주도 이유식 (개정판),"<질 래플리>,<트레이시 머켓> 저/<정수진>,<이진선> 역",한빛라이프,전자책,9791188007 ,가정/생활/요리,2023-03-10
6238,처음 리더가 된 당신에게,<박태현> 저,중앙북스(books),전자책,9788927810 ,경제경영,2023-03-10
6239,호랑공주의 우아하고 파괴적인 성인식,<홍지운> 저,안전가옥,전자책,9791190174 ,소설,2023-03-10
6240,디지털 헬스케어,<최윤섭> 저,클라우드나인,전자책,9791189430 ,경제경영,2023-03-10
6241,코어 자바스크립트,<정재남> 저,위키북스,전자책,9791158391 ,IT/프로그래밍,2023-03-10
6242,20대 남자,"<천관율>,<정한울> 공저",시사IN북(시사인북),전자책,9788994973 ,정치/사회,2023-03-10
6243,"아무튼, 순정만화",<이마루> 저,코난북스,전자책,9791160892 ,시/에세이,2023-03-10
6244,나의 소울넘버,<한민경> 저,스윙밴드,전자책,9791186661 ,인문/역사,2023-03-10
6245,잘 노는 아이의 잠재력,<유은희> 저,로그인,전자책,9791160576 ,가정/생활/요리,2023-03-10
6246,진주의 키토 도시락,<진주> 저,윈타임즈,전자책,9791188471 ,가정/생활/요리,2023-03-10
6247,네 가지 질문,"<바이런 케이티>,<스티븐 미첼> 공저/<김윤> 역",침묵의향기,전자책,9788989590 ,자기계발,2023-03-10
6248,트라이브즈 Tribes,<세스 고딘> 저/<유하늘> 역,시목,전자책,9791190224 ,경제경영,2023-03-10
6249,작은 아씨들 무비 아트북,<지나 매킨타이어> 저/<윌슨 웨브> 사진,알에이치코리아(RHK),전자책,9788925587 ,예술/대중문화,2023-03-10
6250,렉시콘,<맥스 배리> 저/<최용준> 역,열린책들,전자책,9788932967 ,소설,2023-03-10
6251,오늘도 맛있는 연주네 식탁,<정연주> 저,싸이프레스,전자책,9791160320 ,가정/생활/요리,2023-03-10
6252,주식투자자 관점에서 재무제표 행간을 읽어라,<김대욱> 저,스마트비즈니스,전자책,9791163430 ,경제경영,2023-03-10
6253,하루 5분 공부 각오,<한재우> 저,21세기북스,전자책,9788950986 ,자기계발,2023-03-10
6254,[단독] 민감한 사람을 위한 감정 수업,<캐린 홀> 저/<신솔잎> 역,빌리버튼,전자책,9791188545 ,인문/역사,2023-03-10
6255,사물들,<조르주 페렉> 저/<김명숙> 역,펭귄클래식코리아,전자책,9788901239 ,소설,2023-03-10
6256,"서른하나, 간호사가 되었습니다",<푸른(배윤경)> 저,반니라이프,전자책,9791190467 ,시/에세이,2023-03-10
6257,왜 호모 사피엔스만 살아남았을까?,<이한용> 저,채륜서,전자책,9791185401 ,인문/역사,2023-03-10
6258,나는 왜 친구와 있어도 불편할까?,<에노모토 히로아키> 저/<조경자> 역,상상출판,전자책,9791189856 ,자기계발,2023-03-10
6259,보이는 경제학 안 보이는 경제학,<헨리 해즐릿> 저/<김동균> 역,디케이제이에스,전자책,9791195977 ,경제경영,2023-03-10
6260,살인자의 쇼핑몰,<강지영> 저,자음과모음,전자책,9788954442 ,소설,2023-03-10
6261,인스타그램 마케팅,<임헌수> 저,라온북,전자책,9791189089 ,경제경영,2023-03-10
6262,난생 처음 주식 투자,<이재웅> 저,라온북,전자책,9791189089 ,경제경영,2023-03-10
6263,"생초보, 인스타그램 하루 만에 끝장내기",<김서현> 저,라온북,전자책,9791189089 ,경제경영,2023-03-10
6264,사고 싶은 컬러 팔리는 컬러,<이호정> 저,라온북,전자책,9791189089 ,경제경영,2023-03-10
6265,왜 그 병원에만 환자가 몰릴까?,<이재우> 저,라온북,전자책,9791189089 ,경제경영,2023-03-10
6266,국세청이 당신에게 알려주지 않는 세금의 진실 2020,<류성현> 저,리더스북,전자책,9788901240 ,경제경영,2023-03-10
6267,나의 비거니즘 만화,<보선> 저,푸른숲,전자책,9791156758 ,시/에세이,2023-03-10
6268,하루 10분 명문 낭독 영어 스피킹 100,<조이스 박> 저,로그인,전자책,9791160576 ,국어/외국어,2023-03-10
6269,시의 온도,<이덕무> 저/<한정주> 편역,다산초당,전자책,9791130628 ,인문/역사,2023-03-10
6270,직장인의 돈 공부,<박철> 저,가나출판사,전자책,9788957360 ,경제경영,2023-03-10
6271,모두를 위한 성평등 공부,"<서울특별시 여성정책담당관> 기획/<이나영> 편/<이나영>,<최윤정>,<안재희>,<한채윤>,<김소라>,<김수아> 저",프로젝트P,전자책,9788957360 ,정치/사회,2023-03-10
6272,로메리고 주식회사,<최영> 저,광화문글방,전자책,9791163641 ,소설,2023-03-10
6273,대지의 슬픔,<에리크 뷔야르> 저/<이재룡> 역,열린책들,전자책,9788932967 ,소설,2023-03-10
6274,부의 해부학,<라이너 지텔만> 저/<김나연> 역,토네이도,전자책,9791158511 ,자기계발,2023-03-10
6275,최강의 야채수프 2 실천편,"<마에다 히로시>,<후루사와 야스코> 저/<정지영> 역",문예춘추사,전자책,9788976044 ,건강/의학,2023-03-10
6276,작은 가게 성공 매뉴얼,<조성민> 저,라온북,전자책,9791190233 ,경제경영,2023-03-10
6277,돈버는 스마트스토어 마케팅,"<방선영>,<김윤섭> 공저",정보문화사,전자책,9788956748 ,경제경영,2023-03-10
6278,"쓰기의 공식, 프렙!",<임재춘> 저,반니,전자책,9791190467 ,자기계발,2023-03-10
6279,아리스토텔레스 수사학(그리스어 원전 완역본),<아리스토텔레스> 저/<박문재> 역,현대지성,전자책,9791190398 ,인문/역사,2023-03-10
6280,따라만해도 성공 보장 20가지 인테리어 법칙,<아라이 시마> 저/<박승희> 역,즐거운상상,전자책,9791155361 ,가정/생활/요리,2023-03-10
6281,IT 개발자의 영어 필살기,<니시노 류타로> 저/<최재원> 역,책만,전자책,9791189909 ,IT/프로그래밍,2023-03-10
6282,리부트,"<제리 콜로나> 저/<이수인>,<엄윤미> 공역",어크로스,전자책,9791190030 ,경제경영,2023-03-10
6283,로지컬 씽킹의 기술,<HR 인스티튜트> 저/<현창혁> 역,비즈니스북스,전자책,9791162541 ,자기계발,2023-03-10
6284,이 한 줄의 가사,<이주엽> 저,열린책들,전자책,9788932967 ,시/에세이,2023-03-10
6285,[단독] 나는 질 때마다 이기는 법을 배웠다,<김민식> 저,푸른숲,전자책,9791156758 ,정치/사회,2023-03-10
6286,"아무튼, 하루키",<이지수> 저,제철소,전자책,9791160892 ,시/에세이,2023-03-10
6287,어쩌다 간호사,<간호사 요> 저,알에이치코리아(RHK),전자책,9788925588 ,시/에세이,2023-03-10
6288,김수미의 시방상담소,<김수미> 저,알에이치코리아(RHK),전자책,9788925588 ,시/에세이,2023-03-10
6289,니 마음대로 사세요,<박이철> 저,특별한서재,전자책,9791188912 ,자기계발,2023-03-10
6290,슛뚜의 감성 브이로그,<슛뚜> 저,싸이프레스,전자책,9791160320 ,IT/프로그래밍,2023-03-10
6291,모닝 루틴,<쓰카모토 료> 저/<장은주> 역,위즈덤하우스,전자책,9791190630 ,자기계발,2023-03-10
6292,괴물 나무꾼,<쿠라이 마유스케> 저/<구수영> 역,위즈덤하우스,전자책,9791190630 ,소설,2023-03-10
6293,스무살에 알았더라면 좋았을 것들,<티나 실리그> 저/<이수경> 역,웅진지식하우스,전자책,9788901240 ,자기계발,2023-03-10
6294,프로이트의 의자,<정도언> 저,지와인,전자책,9791196969 ,인문/역사,2023-03-10
6295,습관의 말들,<김은경> 저,유유,전자책,9791160892 ,시/에세이,2023-03-10
6296,정리의 기술,<곤도 마리에> 저/<홍성민> 역,웅진지식하우스,전자책,9788901239 ,자기계발,2023-03-10
6297,맛있는 디자인 프리미어 프로&애프터 이펙트 CC 2020,"<김덕영>,<심수진>,<윤성우>,<이수정> 공저",한빛미디어,전자책,9791162248 ,IT/프로그래밍,2023-03-10
6298,맛있는 디자인 포토샵&일러스트레이터 CC 2020,"<빨간고래(박정아)>,<윤이사라(포완카)> 공저",한빛미디어,전자책,9791162248 ,IT/프로그래밍,2023-03-10
6299,영어는 잘하고 싶은데 열심히 하고 싶진 않아,<문덕> 저/<스노우캣> 그림,한빛라이프,전자책,9791188007 ,국어/외국어,2023-03-10
6300,불안과 잘 지내는 법,"<크리스 코트먼>,<해롤드 시니츠키>,<로리-앤 오코너> 저/<곽성혜> 역",유노북스,전자책,9791189279 ,인문/역사,2023-03-10
6301,앞서가는 조직은 왜 관계에 충실한가,<랜디 로스> 저/<김정혜> 역,현대지성,전자책,9791190398 ,경제경영,2023-03-10
6302,[단독] 인생은 언제나 조금씩 어긋난다,<박애희> 저,수카,전자책,9791130628 ,시/에세이,2023-03-10
6303,우리가 이 도시의 주인공은 아닐지라도,<박찬용> 저,웅진지식하우스,전자책,9788901240 ,시/에세이,2023-03-10
6304,증거의 오류,<하워드 S. 베커> 저/<서정아> 역,책세상,전자책,9791159314 ,정치/사회,2023-03-10
6305,허허 동의보감 합본,"<허영만> 글그림/<박석준>,<오수석>,<황인태> 감수",시루,전자책,9788998480 ,건강/의학,2023-03-10
6306,쓰레기책,<이동학> 저,오도스,전자책,9791196852 ,정치/사회,2023-03-10
6307,유래카 영어 어원 사전,<차승현> 저,도서출판 유래카,전자책,9791196980 ,국어/외국어,2023-03-10
6308,나는 내가 좋은 엄마인 줄 알았습니다,<앤절린 밀러> 저/<이미애> 역,윌북(willbook),전자책,9791155812 ,인문/역사,2023-03-10
6309,인사이드 아웃,<강성춘> 저,21세기북스,전자책,9788950987 ,경제경영,2023-03-10
6310,곁에 두고 읽는 인생 문장,<김환영> 저,중앙북스(books),전자책,9788927810 ,자기계발,2023-03-10
6311,PyQt5 Tutorial - 파이썬으로 만드는 나만의 GUI 프로그램,<김민휘> 저,유페이퍼,전자책,9791165224 ,IT/프로그래밍,2023-03-10
6312,인생이 마법처럼 풀리는 만다라 명상,<정연우(빅토리아)> 저,라온북,전자책,9791190233 ,자기계발,2023-03-10
6313,[단독] 쓸모 있는 몸을 만드는 다리찢기 스트레칭,"<김성종>,<백민지> 저",북스고,전자책,9791189612 ,건강/의학,2023-03-10
6314,친밀한 성범죄자,<안병헌> 저,슬로디미디어,전자책,9791188977 ,정치/사회,2023-03-10
6315,김지은입니다,<김지은> 저,봄알람,전자책,9791160892 ,정치/사회,2023-03-10
6316,새벽 세 시의 몸들에게,"<생애문화연구소 옥희살롱> 기획/<메이> 편/<김영옥>,<메이>,<이지은>,<전희경> 저",봄날의책,전자책,9791186372 ,정치/사회,2023-03-10
6317,"경제시장 흐름을 읽는 눈, 경제기사 똑똑하게 읽기",<강준형> 저,다온북스,전자책,9791190149 ,경제경영,2023-03-10
6318,고등 영어 단어 끝 고단끝,<John(현승원)> 저,리딧(쓰리제이북스),전자책,9791189541 ,국어/외국어,2023-03-10
6319,끌어안음,<타라 브랙> 저/<추선희> 역,불광출판사,전자책,9788974797 ,인문/역사,2023-03-10
6320,직장인을 위한 틈새 경매,<신동휴> 저,라온북,전자책,9791190233 ,경제경영,2023-03-10
6321,사춘기 아이 때문에 힘들어하는 엄마들에게,<이우경> 저,메이트북스,전자책,9791160027 ,가정/생활/요리,2023-03-10
6322,2020~2021 업계지도,<한국비즈니스정보> 저,어바웃어북,전자책,9791187150 ,경제경영,2023-03-10
6323,[단독] 이러다 죽겠다 싶어서 운동을 시작했습니다,<고영> 저,카시오페아,전자책,9791188674 ,시/에세이,2023-03-10
6324,"[단독] 하루 5분, 엄마의 언어 자극",<장재진> 저,카시오페아,전자책,9791188674 ,가정/생활/요리,2023-03-10
6325,초보 프리랜서 번역가 일기,"<김민주>,< 박현아> 저",세나북스,전자책,9791187316 ,정치/사회,2023-03-10
6326,유럽의 죽음,<더글러스 머리> 저/<유강은> 역,열린책들,전자책,9788932967 ,정치/사회,2023-03-10
6327,편집가가 하는 일,<피터 지나> 편/<조너선 카프> 등저,열린책들,전자책,9788932967 ,인문/역사,2023-03-10
6328,새로운 대중의 탄생,"<군터 게바우어>,<스벤 뤼커> 저/<염정용> 역",21세기북스,전자책,9788950987 ,정치/사회,2023-03-10
6329,맛있는 디자인 애프터 이펙트 CC 2020,<이수정> 저,한빛미디어,전자책,9791162248 ,IT/프로그래밍,2023-03-10
6330,맛있는 디자인 포토샵 CC 2020,"<윤이사라>,<김신애> 공저",한빛미디어,전자책,9791162248 ,IT/프로그래밍,2023-03-10
6331,맛있는 디자인 프리미어 프로 CC 2020,"<김덕영>,<심수진>,<윤성우> 공저",한빛미디어,전자책,9791162248 ,IT/프로그래밍,2023-03-10
6332,맛있는 디자인 일러스트레이터 CC 2020,<빨간고래(박정아)> 저,한빛미디어,전자책,9791162248 ,IT/프로그래밍,2023-03-10
6333,오준석의 플러터 생존 코딩,<오준석> 저,한빛미디어,전자책,9791162247 ,IT/프로그래밍,2023-03-10
6334,처음 배우는 플러터,<유동환> 저,한빛미디어,전자책,9791162247 ,IT/프로그래밍,2023-03-10
6335,아마존 뱅크가 온다,<다나카 미치아키> 저/<류두진> 역,21세기북스,전자책,9788950987 ,경제경영,2023-03-10
6336,펭수의 시대,<김용섭> 저,비즈니스북스,전자책,9791162541 ,경제경영,2023-03-10
6337,"생식, 내 작은 육식동물들을 위한 만찬",<코스믹라테> 저,마들렌북,전자책,9791190101 ,여행/취미,2023-03-10
6338,100가지 물건으로 다시 쓰는 여성 세계사,"<매기 앤드루스>,<재니스 로마스> 저/<홍승원> 역",웅진지식하우스,전자책,9788901240 ,인문/역사,2023-03-10
6339,이상하게 쉬운주식,<이상우> 저,이상미디랩,전자책,9791196524 ,경제경영,2023-03-10
6340,주식 차트 절대비기 300선!,<이상우> 저,이상미디랩,전자책,9791196524 ,경제경영,2023-03-10
6341,주식 유튜버 이상우의 주식투자 끝장내기,<이상우> 저,이상미디랩,전자책,9791196524 ,경제경영,2023-03-10
6342,"서툴지만, 잘 살고 싶다는 마음",<이정현> 저,허밍버드,전자책,9788968332 ,시/에세이,2023-03-10
6343,유튜브 지금 시작하시나요?,<이시한> 저,미래의창,전자책,9788959896 ,경제경영,2023-03-10
6344,청년팔이 사회,<김선기> 저,오월의봄,전자책,9791190422 ,정치/사회,2023-03-10
6345,이코노믹 센스,<박정호> 저,청림출판,전자책,9788935213 ,경제경영,2023-03-10
6346,"님아, 그 선을 넘지 마오",<박식빵> 저/<채린> 그림,북로그컴퍼니,전자책,9791190224 ,시/에세이,2023-03-10
6347,노벰버 로드,<루 버니> 저/<박영인> 역,네버모어,전자책,9791190784 ,소설,2023-03-10
6348,오래전 멀리 사라져버린,<루 버니> 저/<박영인> 역,네버모어,전자책,9791190784 ,소설,2023-03-10
6349,"아무튼, 메모",<정혜윤> 저,위고,전자책,9791160892 ,시/에세이,2023-03-10
6350,[단독] 정신과 박티팔 씨의 엉뚱하지만 도움이 되는 인간 관찰의 기술,<박티팔> 저,웨일북,전자책,9791190313 ,시/에세이,2023-03-10
6351,데일 카네기 인간관계론 & 자기관리론,<데일 카네기> 저/<이문필> 역,베이직북스,전자책,9791163400 ,자기계발,2023-03-10
6352,영어독서가 취미입니다,<권대익> 저,반니라이프,전자책,9791190467 ,자기계발,2023-03-10
6353,코로나19 우리가 알아야 할 사실들,<타일러 J. 모리슨> 저/<홍유진> 역,열린책들,전자책,9788932967 ,건강/의학,2023-03-10
6354,[단독] 육아가 한 편의 시라면 좋겠지만,<전지민> 저,비타북스(VITABOOKS),전자책,9791158463 ,가정/생활/요리,2023-03-10
6355,정책의 배신,<윤희숙> 저,21세기북스,전자책,9788950987 ,정치/사회,2023-03-10
6356,딩크족 다이어리,<곰토> 저,지식과감성#,전자책,9791165520 ,시/에세이,2023-03-10
6357,내일 아침에는 눈을 뜰 수 없겠지만,<캐스린 매닉스> 저/<홍지영> 역,사계절,전자책,9791160945 ,인문/역사,2023-03-10
6358,도덕경제학,"<새뮤얼 보울스> 저/<박용진>,<전용범>,<최정규> 공역",흐름출판,전자책,9788965963 ,경제경영,2023-03-10
6359,먹을 때마다 나는 우울해진다,<애니타 존스턴> 저/<노진선> 역,심플라이프,전자책,9791186757 ,인문/역사,2023-03-10
6360,이제 나를 위해 헤어져요,<조인섭> 저/<박은선> 그림,위즈덤하우스,전자책,9791190786 ,시/에세이,2023-03-10
6361,시간과 장의사,<이묵돌> 저,냉수,전자책,9791189680 ,소설,2023-03-10
6362,유리로 된 아이,<미하엘 빈터호프> 저/<한윤진> 역,쌤앤파커스,전자책,9791165340 ,가정/생활/요리,2023-03-10
6363,인스타그램 마케팅 잘하는 사람은 이렇게 합니다,<정진수> 저,나비의활주로,전자책,9791188230 ,경제경영,2023-03-10
6364,[단독] 나는 내가 우울한 사람인 줄 알았습니다,<뜬금> 글그림,빌리버튼,전자책,9791188545 ,시/에세이,2023-03-10
6365,돈의 철학,<임석민> 저,다산북스,전자책,9791130629 ,경제경영,2023-03-10
6366,AI시대 사람의 조건 휴탈리티,<박정열> 저,한국경제신문사(한경비피),전자책,9788947597 ,경제경영,2023-03-10
6367,귀찮지만 행복해 볼까,<권남희> 저,상상출판,전자책,9791189856 ,시/에세이,2023-03-10
6368,4차 산업혁명 주식투자 인사이트,<장우진> 저,끌리는책,전자책,9791187059 ,경제경영,2023-03-10
6369,어른의 일,<손혜진> 저,가나출판사,전자책,9788957360 ,시/에세이,2023-03-10
6370,돈 되는 방구석 1인 창업,<박서인> 저,SISO,전자책,9791189533 ,경제경영,2023-03-10
6371,5일의 기적 당독소 다이어트,"<박명규>,<김혜연> 공저",라온북,전자책,9791190233 ,건강/의학,2023-03-10
6372,제발 지갑 열지 마,<권종영> 저,21세기북스,전자책,9788950987 ,경제경영,2023-03-10
6373,나는 ( *** ) 팀장이다,"<박진한>,<유경철>,<나영주>,<정경희>,<서인수>,<박해룡>,<백신영>,<김우재>,<이재형> 공저",플랜비디자인,전자책,9791189580 ,경제경영,2023-03-10
6374,견디는 힘,<스테르담(송창현)> 저,빌리버튼,전자책,9791188545 ,자기계발,2023-03-10
6375,블랙헤드 홈케어,<이은미> 저,북스고,전자책,9791189612 ,건강/의학,2023-03-10
6376,끝없는 살인,<니시자와 야스히코> 저,아프로스미디어,전자책,9791189770 ,소설,2023-03-10
6377,비웃는 숙녀,<나카야마 시치리> 저/<문지원> 역,블루홀6,전자책,9791189571 ,소설,2023-03-10
6378,"우리 아이 첫 영어, 저는 코칭합니다",<이혜선> 저,로그인,전자책,9791160576 ,가정/생활/요리,2023-03-10
6379,말투를 바꿨더니 아이가 공부를 시작합니다,"<정재영>,<이서진> 공저",알에이치코리아(RHK),전자책,9788925588 ,가정/생활/요리,2023-03-10
6380,"지리학, 인간과 공간을 말하다",<박승규> 저,책세상,전자책,9791159314 ,인문/역사,2023-03-10
6381,"칵테일, 러브, 좀비",<조예은> 저,안전가옥,전자책,9791190174 ,소설,2023-03-10
6382,의자의 배신,<바이바 크레건리드> 저/<고현석> 역/<박한선> 해제,arte(아르테),전자책,9788950987 ,인문/역사,2023-03-10
6383,일단 21일만 운동해보기로 했습니다,<고민수> 저,위즈덤하우스,전자책,9791190786 ,건강/의학,2023-03-10
6384,내향 육아,<이연진> 저,위즈덤하우스,전자책,9791190786 ,가정/생활/요리,2023-03-10
6385,우리는 달에 가기로 했다,<리처드 와이즈먼> 저/<박선령> 역,리더스북,전자책,9788901242 ,자기계발,2023-03-10
6386,돈이 되는 글쓰기의 모든 것,<송숙희> 저,책밥,전자책,9791190641 ,자기계발,2023-03-10
6387,나는 디지털노마드맘으로 살기로 했다,<김민선> 저,파이프라인,전자책,9791196984 ,경제경영,2023-03-10
6388,지금 시작하는 생각 인문학,<이화선> 저,비즈니스북스,전자책,9791162541 ,인문/역사,2023-03-10
6389,체간 리셋 다이어트 시즌 2,<사쿠마 겐이치> 저/<이선정> 역,북라이프,전자책,9791188850 ,건강/의학,2023-03-10
6390,철학으로 휴식하라,<안광복> 저,사계절,전자책,9791160945 ,인문/역사,2023-03-10
6391,하타요가,<이태영> 저,여래,전자책,9791186189 ,건강/의학,2023-03-10
6392,밥상의 말,<목수정> 저,책밥상,전자책,9791106457 ,인문/역사,2023-03-10
6393,유튜브 7초에 승부하라,"<팀 스테이플스>,<조시 영> 공저/<이윤진> 역",매일경제신문사,전자책,9791164840 ,경제경영,2023-03-10
6394,좌절의 기술,<윌리엄 B. 어빈> 저/<석기용> 역,어크로스,전자책,9791190030 ,인문/역사,2023-03-10
6395,난생처음 킥복싱,<황보름> 저,티라미수 더북,전자책,9791160577 ,시/에세이,2023-03-10
6396,초등 국어 뿌리 공부법,<민성원> 저,다산에듀,전자책,9791130629 ,가정/생활/요리,2023-03-10
6397,오늘 조금 더 비건,<초식마녀> 저,채륜서,전자책,9791185401 ,가정/생활/요리,2023-03-10
6398,다소 곤란한 감정,<김신식> 저,프시케의숲,전자책,9791189336 ,인문/역사,2023-03-10
6399,나는 1주일에 4시간 일하고 1000만 원 번다,<신태순> 저,라온북,전자책,9791190233 ,자기계발,2023-03-10
6400,여행의 미래,<김다영> 저,미래의창,전자책,9788959896 ,경제경영,2023-03-10
6401,2020 사업하기 전에 세무부터 공부해라,<김진> 저,지와수,전자책,9788997947 ,경제경영,2023-03-10
6402,돈 버는 취미 사진,<이석현> 저,라온북,전자책,9791190233 ,경제경영,2023-03-10
6403,말의 원칙,<카민 갤로> 저/<김태훈> 역,알에이치코리아(RHK),전자책,9788925588 ,자기계발,2023-03-10
6404,오늘도 집순이로 알차게 살았습니다,<삼각커피> 저,카시오페아,전자책,9791190776 ,시/에세이,2023-03-10
6405,숫자가 만만해지는 책,<브라이언 W. 커니핸> 저/<양병찬> 역,어크로스,전자책,9791190030 ,과학/공학,2023-03-10
6406,시그니처 signature,<이항심> 저,다산북스,전자책,9791130629 ,자기계발,2023-03-10
6407,책 읽고 글쓰기,<나민애> 저,서울문화사,전자책,9791164380 ,인문/역사,2023-03-10
6408,내 아이 자산관리 바이블,<고미숙> 저,블루무스,전자책,9791196848 ,경제경영,2023-03-10
6409,밍구스 식판 유아 반찬 140,<김민정(밍구)> 저,싸이프레스,전자책,9791160320 ,가정/생활/요리,2023-03-10
6410,교실이 없는 시대가 온다,"<존 카우치>,<제이슨 타운> 저/<김영선> 역",어크로스,전자책,9791190030 ,정치/사회,2023-03-10
6411,차이나는 클라스 국제정치 편,<JTBC [차이나는 클라스] 제작팀> 저,중앙북스(books),전자책,9788927811 ,정치/사회,2023-03-10
6412,"연애할 기운은 없는데, 사랑하고 싶어요",<최미정> 저,팜파스,전자책,9791170263 ,자기계발,2023-03-10
6413,뷔페처럼 골라서 투자하는 해외 ETF 백과사전,<김태현> 저,스마트비즈니스,전자책,9791163430 ,경제경영,2023-03-10
6414,하루 800칼로리 초고속 다이어트,<마이클 모슬리> 저/<정미화> 역,위즈덤하우스,전자책,9791190786 ,건강/의학,2023-03-10
6415,좋아하는 마음이 우릴 구할 거야,<정지혜> 저/<애슝> 그림,휴머니스트,전자책,9791160803 ,시/에세이,2023-03-10
6416,밀레니얼 슈퍼리치,<하선영> 저,비에이블,전자책,9791165341 ,경제경영,2023-03-10
6417,EBS 세상의 모든 법칙,<세상의 모든 법칙 제작팀> 저,서울문화사,전자책,9791164380 ,인문/역사,2023-03-10
6418,가족의 세계,<조영은> 저,메이트북스,전자책,9791160027 ,인문/역사,2023-03-10
6419,내 남자 사용법,<스티브 하비> 저,북아지트,전자책,9791187310 ,자기계발,2023-03-10
6420,무조건 돈이 되는 공부를 하라,<이승준> 저,나비의활주로,전자책,9791188230 ,경제경영,2023-03-10
6421,일주일은 금요일부터 시작하라,<우스이 유키> 저/<정재혁> 역,꼼지락,전자책,9788954442 ,자기계발,2023-03-10
6422,엄마는 이제 졸업할게,<사이바라 리에코> 저/<고경옥> 역,해의시간,전자책,9791159314 ,시/에세이,2023-03-10
6423,"종교, 과학에 말을 걸다",<김호경> 저,책세상,전자책,9791159314 ,인문/역사,2023-03-10
6424,[단독] 번아웃 레시피,<이누카이 쓰나> 저/<김보화> 역,벤치워머스,전자책,9791156758 ,가정/생활/요리,2023-03-10
6425,결정적 토익 스피킹 심화,<김소라> 저,Pub.365,전자책,9791190101 ,국어/외국어,2023-03-10
6426,우리는 비 온 뒤를 걷는다,<이효근> 저,알에이치코리아(RHK),전자책,9788925588 ,시/에세이,2023-03-10
6427,카구야 프로젝트,<원샨> 저/<정세경> 역,아작,전자책,9791165507 ,소설,2023-03-10
6428,붉은 열대어,<김나영> 저,고즈넉이엔티,전자책,9791163160 ,소설,2023-03-10
6429,캐리어,<김혜빈> 저,고즈넉이엔티,전자책,9791163161 ,소설,2023-03-10
6430,현장검증,<이종관> 저,고즈넉이엔티,전자책,9791163161 ,소설,2023-03-10
6431,빨간 모자,<김지연> 저,고즈넉이엔티,전자책,9791163161 ,소설,2023-03-10
6432,거의 모든 것의 역사 (개역판),<빌 브라이슨> 저/<이덕환> 역,까치(까치글방),전자책,9788972917 ,과학/공학,2023-03-10
6433,내 문제가 아닌데 내가 죽겠습니다,<유드 세메리아> 저/<이선민> 역,생각의길,전자책,9788965136 ,인문/역사,2023-03-10
6434,한 권으로 끝내는 노션 NOTION,"<피터 킴>,<이석현> 공저",애드앤미디어,전자책,9791196626 ,IT/프로그래밍,2023-03-10
6435,래더,<벤 티글러> 저/<김유미> 역,중앙북스(books),전자책,9788927811 ,자기계발,2023-03-10
6436,내 생애 첫 회계 공부,<유양훈> 저,원앤원북스,전자책,9791170430 ,경제경영,2023-03-10
6437,삶이 버거운 당신에게 달리기를 권합니다,<마쓰우라 야타로> 저/<김지연> 역,가나출판사,전자책,9788957360 ,시/에세이,2023-03-10
6438,절반만 먹어야 두 배 오래 산다,<후나세 슌스케> 저/<오시연> 역,보누스,전자책,9788964944 ,건강/의학,2023-03-10
6439,10인 이하 회사를 경영하는 법,<이시노 세이이치> 저/<김상헌> 역,페이퍼로드,전자책,9791190475 ,경제경영,2023-03-10
6440,파이낸셜 프리덤,<그랜트 사바티어> 저/<박선령> 역/<지철원> 감수,반니,전자책,9791190467 ,경제경영,2023-03-10
6441,"안녕, 드뷔시",<나카야마 시치리> 저/<이정민> 역,블루홀6,전자책,9791189571 ,소설,2023-03-10
6442,"잘 자요, 라흐마니노프",<나카야마 시치리> 저/<이정민> 역,블루홀6,전자책,9791189571 ,소설,2023-03-10
6443,언제까지나 쇼팽,<나카야마 시치리> 저/<이연승> 역,블루홀6,전자책,9791189571 ,소설,2023-03-10
6444,"안녕, 드뷔시 전주곡",<나카야마 시치리> 저/<문지원> 역,블루홀6,전자책,9791189571 ,소설,2023-03-10
6445,표정 없는 검사,<나카야마 시치리> 저/<이연승> 역,블루홀6,전자책,9791189571 ,소설,2023-03-10
6446,지적 리딩을 위한 워드 파워 30일,"<노먼 루이스>,<윌프레드 펑크> 공저/<강주헌> 역",윌북(willbook),전자책,9791155812 ,국어/외국어,2023-03-10
6447,충실한 마음,<델핀 드 비강> 저/<윤석헌> 역,레모출판사,전자책,9791196595 ,소설,2023-03-10
6448,내 권리는 희생하고 싶지 않습니다,<김지윤> 저,알에이치코리아(RHK),전자책,9788925588 ,정치/사회,2023-03-10
6449,무조건 이기는 부동산 경매 수업,<신종승> 저,원앤원북스,전자책,9791170430 ,경제경영,2023-03-10
6450,토익 스텝 567,<토익 스텝 567> 저,다락원,전자책,9788927758 ,국어/외국어,2023-03-10
6451,NEW 일본어 상용한자 기초 마스터 1026,"<한선희>,<이이호시 카즈야> 공저",다락원,전자책,9788927758 ,국어/외국어,2023-03-10
6452,나이 든 나와 살아가는 법,<사토 신이치> 저/<노경아> 역,지금이책,전자책,9791188554 ,인문/역사,2023-03-10
6453,시작부터 꼬이던 대화가 심리학을 만나고 술술 풀리기 시작했다,<나이토 요시히토> 저/<김주영> 역,빈티지하우스,전자책,9791189249 ,자기계발,2023-03-10
6454,이상하고 자유로운 할머니가 되고 싶어,<무루(박서영)> 저,어크로스,전자책,9791190030 ,시/에세이,2023-03-10
6455,팀장 감정 수업,<피터 브레그먼> 저/<구세희> 역,청림출판,전자책,9788935213 ,경제경영,2023-03-10
6456,불과 글,<조르조 아감벤> 저/<윤병언> 역,책세상,전자책,9791159315 ,인문/역사,2023-03-10
6457,쓸모없는 지식의 쓸모,"<에이브러햄 플렉스너>,<로버르트 데이크흐라프> 공저/<김아림> 역",책세상,전자책,9791159314 ,과학/공학,2023-03-10
6458,우아한 방어,<맷 릭텔> 저/<홍경탁> 역,북라이프,전자책,9791188850 ,과학/공학,2023-03-10
6459,벤저민 그레이엄의 현명한 투자자,<벤저민 그레이엄> 저/<제이슨 츠바이크> 논평/<김수진> 역,국일증권경제연구소,전자책,9788957825 ,경제경영,2023-03-10
6460,오늘도 약을 먹었습니다,<박한슬> 저,북트리거,전자책,9791189799 ,과학/공학,2023-03-10
6461,사랑하는 사람과 저녁 식탁에서 죽음을 이야기합시다,<마이클 헵> 저/<박정은> 역,을유문화사,전자책,9788932421 ,인문/역사,2023-03-10
6462,중·고등학교 과학토론 완전정복,"<박재용>,<정기영> 공저",MID 엠아이디,전자책,9791190116 ,과학/공학,2023-03-10
6463,작지만 강력한 초등 습관의 재발견,"<김수현>,<한기석> 저",메이트북스,전자책,9791160027 ,가정/생활/요리,2023-03-10
6464,돈 걱정 없이 살고 싶다는 사람들에게,<박미향> 저,메이트북스,전자책,9791160027 ,경제경영,2023-03-10
6465,미국주식 스몰캡 인사이드 2021,<안석훈> 등저,예문,전자책,9788956593 ,경제경영,2023-03-10
6466,세상의 모든 수학,<에르베 레닝> 저/<이정은> 역/<김성숙> 감수,다산사이언스,전자책,9791130629 ,과학/공학,2023-03-10
6467,"[단독] 더 사랑하면 결혼하고, 덜 사랑하면 동거하나요?",<정만춘> 저,웨일북,전자책,9791190313 ,시/에세이,2023-03-10
6468,"코로나 19, 동향과 전망","<김석현>,<김양희>,<김유빈>,<박성원>,<안병진>,<유철규>,<이상영>,<이일영>,<전병유> 저",커뮤니케이션북스,전자책,9791128884 ,정치/사회,2023-03-10
6469,용기의 정치학,<슬라보예 지젝> 저/<박준형> 역/<이택광> 감수,다산초당,전자책,9791130630 ,인문/역사,2023-03-10
6470,먹히는 자에 대한 예의,<김태권> 저,한겨레출판,전자책,9791160403 ,인문/역사,2023-03-10
6471,"이런 질문, 해도 되나요?","<심에스더>,<최은경> 저",오마이북,전자책,9788997780 ,가정/생활/요리,2023-03-10
6472,내가 빛나는 순간,<파울로 코엘료> 저/<윤예지> 그림/<박태옥> 역,자음과모음,전자책,9788954442 ,시/에세이,2023-03-10
6473,대중을 사로잡는 장르별 플롯,<마루야마 무쿠> 저/<송경원> 역,지금이책,전자책,9791188554 ,인문/역사,2023-03-10
6474,부동산 절세 완전정복,<이승현> 저,한국경제신문사(한경비피),전자책,9788947597 ,경제경영,2023-03-10
6475,내가 사랑한 공간들,<윤광준> 저,을유문화사,전자책,9788932421 ,인문/역사,2023-03-10
6476,포스트 코로나 시대 재테크 긴급 진단,<문일호> 저,매일경제신문사,전자책,9791164841 ,경제경영,2023-03-10
6477,앤드류 루미스 기초 드로잉,<앤드류 루미스> 저/<조은형> 역,미디어샘,전자책,9788968571 ,예술/대중문화,2023-03-10
6478,밀수,<이산화> 저,안전가옥,전자책,9791190174 ,소설,2023-03-10
6479,낯익은 타인을 대하는 법,<정민지> 저,빌리버튼,전자책,9791188545 ,시/에세이,2023-03-10
6480,어려웠던 경제가 이렇게 쉬울 줄이야,<가미키 헤이스케> 저/<이성희> 역/<김종선> 감수,팬덤북스,전자책,9791161691 ,경제경영,2023-03-10
6481,세상에 무해한 사람이 되고 싶어,<허유정> 저,뜻밖,전자책,9791190473 ,시/에세이,2023-03-10
6482,"공부, 이래도 안되면 포기하세요",<이지훈> 저,위즈덤하우스,전자책,9791190630 ,자기계발,2023-03-10
6483,페미니즘 앞에 선 그대에게,<강남순> 저,한길사,전자책,9788935673 ,정치/사회,2023-03-10
6484,육아 고민? 기질 육아가 답이다!,<최은정> 저,소울하우스,전자책,9791188915 ,가정/생활/요리,2023-03-10
6485,"어른을 위한 친절한 지식 교과서 1 사회, 과학, 수학, 국어","<김정화>,<김혜경> 저/<나수은> 그림",소울하우스,전자책,9791188915 ,인문/역사,2023-03-10
6486,[단독] 오늘도 화내고 말았습니다,<박윤미> 저,한빛라이프,전자책,9791190846 ,가정/생활/요리,2023-03-10
6487,[단독] 이스탄불 이스탄불,<부르한 쇤메즈> 저/<고현석> 역,황소자리,전자책,9791185093 ,소설,2023-03-10
6488,초등 감정 수업,<조우관> 저,유노라이프,전자책,9791196997 ,가정/생활/요리,2023-03-10
6489,[단독] 대치동 독서법,"<박노성>,<여성오> 공저",일상과이상,전자책,9788998453 ,가정/생활/요리,2023-03-10
6490,염증에 걸린 마음,<에드워드 불모어> 저/<정지인> 역,심심,전자책,9791156758 ,인문/역사,2023-03-10
6491,밥상머리의 작은 기적 (리커버),<SBS 스페셜제작팀> 저,리더스북,전자책,9788901242 ,가정/생활/요리,2023-03-10
6492,반일 종족주의와의 투쟁,<이영훈> 등저,미래사,전자책,9788970873 ,인문/역사,2023-03-10
6493,인공지능 시대 1등 해외주식에 투자하라!,<한태봉> 저,클라우드나인,전자책,9791189430 ,경제경영,2023-03-10
6494,알고리즘 도감,"<이시다 모리테루>,<미야자키 쇼이치> 공저/<김완섭> 역",제이펍,전자책,9791190665 ,IT/프로그래밍,2023-03-10
6495,단단한 머신러닝,<조우쯔화> 저/<김태헌> 역,제이펍,전자책,9791190665 ,IT/프로그래밍,2023-03-10
6496,잘 팔리는 캐릭터굿즈 만들기,<이지연> 저,보누스,전자책,9788964944 ,여행/취미,2023-03-10
6497,2020 신문으로 공부하는 말랑말랑 시사상식 경제ㆍ경영,<시사상식연구소> 편저,시대고시기획 시대교육,전자책,9791125472 ,경제경영,2023-03-10
6498,보글리쉬,<이승범> 저,메이드마인드,전자책,9791197039 ,국어/외국어,2023-03-10
6499,올빼미 눈의 여자,<박해로> 저,네오픽션,전자책,9788954442 ,소설,2023-03-10
6500,만화 재무제표 모르면 주식투자 절대로 하지마라 (상),<사경인> 원저/<베가북스 편집팀> 편,베가북스,전자책,9791190242 ,경제경영,2023-03-10
6501,밀리터리 세계사 1 고대편,<이세환> 저/<정기문> 감수,일라시온,전자책,9791190238 ,인문/역사,2023-03-10
6502,바랍니다 나이 들어도 나를 잊기 않기를 : 물리치료사가 바라본 엉뚱하고 따뜻한 치매 세상 이야기,<조상미> 저,이담북스(이담Books),전자책,9788926895 ,시/에세이,2023-03-10
6503,이래 봬도 카페 사장입니다만 : 바들바들 도전하는 카페 창업의 모든 것,<김경희> 저,이담북스(이담Books),전자책,9788926896 ,경제경영,2023-03-10
6504,경계선 지능을 가진 아이들 : 느린 학습자와 발맞춰 걷기 (개정판),"<박찬선>,<장세희> 공저",이담북스(이담Books),전자책,9788926886 ,정치/사회,2023-03-10
6505,[단독] 나의 다정하고 무례한 엄마,<이남옥> 저,라이프앤페이지,전자책,9791197024 ,인문/역사,2023-03-10
6506,1인 기업을 한다는 것,<이치엔 가쓰히코> 저/<박재영> 역,센시오,전자책,9791190356 ,경제경영,2023-03-10
6507,제네시스박의 부동산 절세 (최신 개정판),<제네시스박> 저,황금부엉이,전자책,9788960309 ,경제경영,2023-03-10
6508,[단독] 잘해주고 욕먹는 당신에게,<오시마 노부요리> 저/<이건우> 역,푸른숲,전자책,9791156758 ,자기계발,2023-03-10
6509,얼굴과 손 드로잉,<앤드류 루미스> 저/<이나영> 역,미디어샘,전자책,9788968571 ,예술/대중문화,2023-03-10
6510,시바리나의 발레일기,<임이랑> 저,시대인,전자책,9791125474 ,여행/취미,2023-03-10
6511,인생 유니티 교과서,"<이영호>,<이영훈>,<김태환>,<김현진>,<박원석>,<박현상>,< 탁광욱> 공저",성안당,전자책,9788931596 ,IT/프로그래밍,2023-03-10
6512,아들러 심리학 입문,<알프레드 아들러> 저/<김문성> 역,스타북스,전자책,9791157955 ,인문/역사,2023-03-10
6513,돈지랄의 기쁨과 슬픔,<신예희> 저,드렁큰에디터,전자책,9791197035 ,시/에세이,2023-03-10
6514,"코로나19, 한국 교육의 잠을 깨우다","<강대중>,<김경애>,<박승원>,<이영> 등저",지식공작소,전자책,9791128884 ,정치/사회,2023-03-10
6515,응원하고픈 당신에게 드리는 한마디,<한토막> 저,한토막,전자책,9791197079 ,시/에세이,2023-03-10
6516,"[단독] 서른세 살 직장인, 회사 대신 절에 갔습니다",<신민정> 저,북로그컴퍼니,전자책,9791190224 ,시/에세이,2023-03-10
6517,사랑받는 아빠는 소통법이 다르다,<신우석> 저,서사원,전자책,9791190179 ,가정/생활/요리,2023-03-10
6518,[단독] 부동산 폭등장이 온다,<이현철> 저,알에이치코리아(RHK),전자책,9788925583 ,경제경영,2023-03-10
6519,인생에 한 번은 유대인처럼,<자오모·자오레이> 저/<김정자> 역,BOOKULOVE,전자책,9791185392 ,자기계발,2023-03-10
6520,코로나와 4차 산업혁명이 만든 뉴노멀,<이종찬> 저,북랩,전자책,9791165392 ,경제경영,2023-03-10
6521,우지은의 힐링 보이스,<우지은> 저,더블유북스,전자책,9791197028 ,자기계발,2023-03-10
6522,"여행, 길 위의 철학","<마리아 베테티니>,<스테파노 포지> 편저/<천지은> 역",책세상,전자책,9791159315 ,인문/역사,2023-03-10
6523,만화 재무제표 모르면 주식투자 절대로 하지마라 (하),<사경인> 원저/<베가북스 편집팀> 편/<지애린> 그림,베가북스,전자책,9791190242 ,경제경영,2023-03-10
6524,당신이 집에서 논다는 거짓말,<정아은> 저,천년의상상,전자책,9791190413 ,정치/사회,2023-03-10
6525,"아무튼, 여름",<김신회> 저,제철소,전자책,9791160892 ,시/에세이,2023-03-10
6526,컵 이야기,<박성우> 저/<김소라> 그림,오티움,전자책,9791130630 ,소설,2023-03-10
6527,[단독] 집안일이 귀찮아서 미니멀리스트가 되기로 했다,<에린남> 저,상상출판,전자책,9791189856 ,시/에세이,2023-03-10
6528,[단독] 기적의 5분 영단어,<주경일(엉클잭)> 저,비에이블,전자책,9791197035 ,국어/외국어,2023-03-10
6529,사게 만드는 법칙,<혼마 다쓰헤이> 저/<최예은> 역,매일경제신문사,전자책,9791164841 ,경제경영,2023-03-10
6530,오늘도 쾌변,<박준형> 저,웅진지식하우스,전자책,9788901243 ,시/에세이,2023-03-10
6531,[단독] 달 너머로 달리는 말,<김훈> 저,파람북,전자책,9791190052 ,소설,2023-03-10
6532,[단독] 시간여행TV의 주식투자 전략,<시간여행TV> 저,시간여행티비주식회사,전자책,9791197043 ,경제경영,2023-03-10
6533,엄마는 죽을 때 무슨 색 옷을 입고 싶어?,<신소린> 저,해의시간,전자책,9791159315 ,시/에세이,2023-03-10
6534,인생에 한 번은 읽어야 할 논어,<공자> 저/<최상용> 역,일상과이상,전자책,9788998453 ,인문/역사,2023-03-10
6535,"당신 아들, 문제없어요",<이성종> 저,가나출판사,전자책,9788957361 ,가정/생활/요리,2023-03-10
6536,[단독] 내일은 모르겠고 하루만 열심히 살아봅니다,<최현송>,팜파스,전자책,9791170263 ,시/에세이,2023-03-10
6537,[단독] 그동안 나는 너무 많이 참아왔다,"<강현식(누다심)>,<최은혜> 저",생각의길,전자책,9788965136 ,인문/역사,2023-03-10
6538,악마가 사랑한 여인,<마리 에머리> 저/<가톨릭다이제스트> 역,흰물결,전자책,9788992961 ,소설,2023-03-10
6539,[단독] 맛있게 살 빠지는 고단백 저탄수화물 다이어트 레시피,<미니 박지우> 저,비에이블,전자책,9791190931 ,가정/생활/요리,2023-03-10
6540,"다 괜찮아요, 천국이 말했다",<미치 앨봄> 저/<공경희> 역,살림출판사,전자책,9788952241 ,소설,2023-03-10
6541,기분이 태도가 되지 않게,<레몬심리> 저/<박영란> 역,갤리온,전자책,9788901243 ,자기계발,2023-03-10
6542,줌 & 영상 편집,<앤미디어> 저,성안당,전자책,9788931596 ,경제경영,2023-03-10
6543,"[단독] 코로나 시대, 부의 흥망성쇠",<하나은행 하나금융경영연구소> 저,시목,전자책,9791190224 ,경제경영,2023-03-10
6544,위로해주려는데 왜 자꾸 웃음이 나올까,<티파니 와트 스미스> 저/<이영아> 역,다산초당,전자책,9791130630 ,인문/역사,2023-03-10
6545,[단독] 아프다고 말해도 괜찮아요,<한경미> 저,북레시피,전자책,9791190489 ,시/에세이,2023-03-10
6546,[단독] 스토너 초판본,<존 윌리엄스> 저/<김승욱> 역,알에이치코리아(RHK),전자책,9788925587 ,소설,2023-03-10
6547,내가 힘들었다는 너에게,<신소영> 저/<봉지> 그림,웅진지식하우스,전자책,9788901243 ,시/에세이,2023-03-10
6548,[단독] 어떻게 살아야할지 막막할 때 읽는 철학책,<오수민> 저,카시오페아,전자책,9791190776 ,인문/역사,2023-03-10
6549,[단독] 아파트 인테리어 교과서,<주부의벗사> 편/<박승희> 역,즐거운상상,전자책,9791155361 ,가정/생활/요리,2023-03-10
6550,엄마는 되지 않기로 했습니다,<최지은> 저,한겨레출판,전자책,9791160403 ,시/에세이,2023-03-10
6551,1%의 글쓰기,<니시오카 잇세이> 저/<김소영> 역,생각정거장,전자책,9791164841 ,인문/역사,2023-03-10
6552,생애최초주택구입 표류기,<강병진> 저,북라이프,전자책,9791188850 ,시/에세이,2023-03-10
6553,내 인생의 첫 주식 공부,<백영> 저,메이트북스,전자책,9791160027 ,경제경영,2023-03-10
6554,[단독] 읽기만 하면 내 것이 되는 1페이지 한국사 365,<심용환> 저,비에이블,전자책,9791190931 ,인문/역사,2023-03-10
6555,어디선가 베토벤,<나카야마 시치리> 저/<이연승> 역,블루홀6,전자책,9791189571 ,소설,2023-03-10
6556,유튜버들,<크리스 스토클-워커> 저/<엄창호> 역,미래의창,전자책,9788959896 ,경제경영,2023-03-10
6557,배민다움,<홍성태> 저,북스톤,전자책,9791187289 ,경제경영,2023-03-10
6558,리더라면 정조처럼,<김준혁> 저,더봄,전자책,9791188522 ,인문/역사,2023-03-10
6559,차이나 플랫폼이 온다,<윤재웅> 저,미래의창,전자책,9788959896 ,경제경영,2023-03-10
6560,1분 설명력,<사이토 다카시> 저/<장은주> 역,한국경제신문사(한경비피),전자책,9788947597 ,자기계발,2023-03-10
6561,부업왕 엄마의 방구석 돈 공부,<안선우> 저,카시오페아,전자책,9791190776 ,자기계발,2023-03-10
6562,잠들기 전 철학 한 줄,<이화수> 저,카시오페아,전자책,9791190776 ,시/에세이,2023-03-10
6563,부를 부르는 평판,<문성후> 저,한국경제신문사(한경비피),전자책,9788947597 ,자기계발,2023-03-10
6564,잠든 사이 월급 버는 미국 주식 투자,<인베스테인먼트> 저,베가북스,전자책,9791190242 ,경제경영,2023-03-10
6565,토끼랑 산다,<이순지> 저,클,전자책,9791190555 ,시/에세이,2023-03-10
6566,눈맞춤 육아법,"<김효선>,<김미미> 공저",넥스트북스,전자책,9791169739 ,가정/생활/요리,2023-03-10
6567,파놉티콘,<제러미 벤담> 저/<신건수> 역,책세상,전자책,9791159315 ,정치/사회,2023-03-10
6568,나는 고발한다,<에밀 졸라> 저/<유기환> 역,책세상,전자책,9791159315 ,인문/역사,2023-03-10
6569,감정도 설계가 된다,<브렌다 쇼샤나> 저/<김우종> 역,빌리버튼,전자책,9791188545 ,인문/역사,2023-03-10
6570,현업 기획자 도그냥이 알려주는 서비스 기획 스쿨,<이미준> 저,초록비책공방,전자책,9791186358 ,경제경영,2023-03-10
6571,나는 나를 사랑한다,<이숙명> 저,북로망스,전자책,9791197037 ,시/에세이,2023-03-10
6572,보수의 몰락,"<김종훈>,<육덕수> 저",미래사,전자책,9788970873 ,정치/사회,2023-03-10
6573,하버드 비즈니스 강의,<하버드 공개 강의 연구회> 저,북아지트,전자책,9791187310 ,경제경영,2023-03-10
6574,내 방의 작은 식물은 언제나 나보다 큽니다,<| 카멜북스> 저,카멜북스,전자책,9788998599 ,시/에세이,2023-03-10
6575,전국일주 가이드북 : 2020-2021 최신개정판,"<유철상>,<김충식>,<신지영>,<신지혜> 공저",상상출판,전자책,9791189856 ,여행/취미,2023-03-10
6576,절대 후회하지 않을 슬기로운 주말여행,<최석재> 저,상상출판,전자책,9791190938 ,여행/취미,2023-03-10
6577,아이여행 가이드북 : 2020-2021 최신개정판,<권다현> 저,상상출판,전자책,9791190938 ,여행/취미,2023-03-10
6578,읽고 나면 입이 근질근질해지는 한국사,<정훈이> 저,생각의길,전자책,9788965135 ,인문/역사,2023-03-10
6579,개발자의 글쓰기,<김철수> 저,위키북스,전자책,9791158392 ,IT/프로그래밍,2023-03-10
6580,공감이 이끄는 조직,"<메건 댈러커미나>,<미셸 매퀘이드> 저/<문수혜> 역/<오승민> 감수",다산북스,전자책,9791130630 ,경제경영,2023-03-10
6581,내 안의 차별주의자,<라우라 비스뵈크> 저/<장혜경> 역,심플라이프,전자책,9791186757 ,정치/사회,2023-03-10
6582,창조력 코드,<마커스 드 사토이> 저/<박유진> 역,북라이프,전자책,9791188850 ,과학/공학,2023-03-10
6583,내 마음을 돌보는 시간,<김혜령> 저,가나출판사,전자책,9788957361 ,인문/역사,2023-03-10
6584,주말엔 옷장 정리,<이문연> 저/<김래현> 그림,휴머니스트,전자책,9791160804 ,가정/생활/요리,2023-03-10
6585,김미경의 리부트,<김미경> 저,웅진지식하우스,전자책,9788901243 ,자기계발,2023-03-10
6586,내 인생을 완성하는 것들,<라이언 패트릭 핸리> 저/<안종희> 역,위즈덤하우스,전자책,9791190908 ,인문/역사,2023-03-10
6587,오티움,<문요한> 저,위즈덤하우스,전자책,9791190908 ,인문/역사,2023-03-10
6588,사소한 기원,<앤 레키> 저/<신해경> 역,아작,전자책,9791165508 ,소설,2023-03-10
6589,코리안빌리의 인생이 바뀌는 영어,<공성재> 저,PAGODA Books,전자책,9788962816 ,국어/외국어,2023-03-10
6590,플레인 센스,<김동현> 저,웨일북,전자책,9791190313 ,인문/역사,2023-03-10
6591,디 아더 피플,<C. J. 튜더> 저/<이은선> 역,다산책방,전자책,9791130630 ,소설,2023-03-10
6592,인생 문장,<권경자> 저,원앤원북스,전자책,9791170431 ,자기계발,2023-03-10
6593,어퍼컷 좀 날려도 되겠습니까,<설재인> 저,웨일북,전자책,9791190313 ,시/에세이,2023-03-10
6594,숨고 싶은 사람들을 위하여,<김봉철> 저,웨일북,전자책,9791190313 ,시/에세이,2023-03-10
6595,선을 넘는 사람들에게 뱉어주고 싶은 속마음,<김신영> 저,웨일북,전자책,9791190313 ,시/에세이,2023-03-10
6596,서른 넘어 찾아온 다섯 가지 기회,<김현중> 저,웨일북,전자책,9791190313 ,자기계발,2023-03-10
6597,"50대, 관계에서 비워야 할 것들",<미즈시마 히로코> 저/<유미진> 역,시그마북스,전자책,9791190257 ,자기계발,2023-03-10
6598,나는 장례식장 직원입니다,<다스슝> 저/<오하나> 역,마시멜로,전자책,9788947597 ,시/에세이,2023-03-10
6599,"한잔 술, 한국의 맛",<이현주> 저,소담출판사,전자책,9791160271 ,인문/역사,2023-03-10
6600,마음대로 안 되는 게 인생이라면,"<이근후>,<이서원> 저",샘터,전자책,9788946473 ,인문/역사,2023-03-10
6601,현명한 투자자 1,<벤저민 그레이엄> 저/<이건> 역,국일증권경제연구소,전자책,9788957825 ,경제경영,2023-03-10
6602,현명한 투자자 2 해제,<신진오> 저,국일증권경제연구소,전자책,9788957825 ,경제경영,2023-03-10
6603,성공 확률 높은 단기 주식 투자 공식,<김영민> 저,유페이퍼,전자책,9791165229 ,경제경영,2023-03-10
6604,근육이 튼튼한 여자가 되고 싶어,<이정연> 저,웅진지식하우스,전자책,9788901244 ,시/에세이,2023-03-10
6605,나는 왜 네 말이 힘들까,<박재연> 저,한빛라이프,전자책,9791190846 ,인문/역사,2023-03-10
6606,지식 편의점 : 생각하는 인간 편,<이시한> 저,흐름출판,전자책,9788965963 ,인문/역사,2023-03-10
6607,아이패드 감성 드로잉,<박별라> 저,북스고,전자책,9791189612 ,예술/대중문화,2023-03-10
6608,미운 네 살 이야기 육아,<이나훈> 저,로그인,전자책,9791160578 ,가정/생활/요리,2023-03-10
6609,30개 도시로 읽는 세계사,<조 지무쇼> 편/<최미숙> 역/<진노 마사후미> 감수,다산초당,전자책,9791130630 ,인문/역사,2023-03-10
6610,이제부터는 오를 곳만 오른다,<빠숑(김학렬)> 저,페이지2,전자책,9791196831 ,경제경영,2023-03-10
6611,"흙수저 루저, 부동산 경매로 금수저 되다",<김상준> 저,매일경제신문사,전자책,9791164841 ,경제경영,2023-03-10
6612,나이 듦과 죽음에 대하여,<미셸 에켐 드 몽테뉴> 저/<고봉만> 편역,책세상,전자책,9791159315 ,인문/역사,2023-03-10
6613,두 번째 지구는 없다,<타일러 라쉬> 저/<이영란> 감수,알에이치코리아(RHK),전자책,9788925588 ,정치/사회,2023-03-10
6614,"육아의 모든 순간, 필요한 건 철학이었다","<이지애>,<박현주>,<이영주>,<손아영>,<이소연> 공저",알에이치코리아(RHK),전자책,9788925587 ,가정/생활/요리,2023-03-10
6615,다시 태어나도 경찰,<이대우> 저,위즈덤하우스,전자책,9791190908 ,시/에세이,2023-03-10
6616,당신의 살을 빼 드립니다,<가키야 미우> 저/<이소담> 역,지금이책,전자책,9791188554 ,소설,2023-03-10
6617,초등 매일 습관의 힘,"<이은경>,<노정미 등저 > 저",황금부엉이,전자책,9788960309 ,가정/생활/요리,2023-03-10
6618,인생주식 10가지 황금법칙,<피터 세일런> 저/<김상우> 역,부크온,전자책,9788994491 ,경제경영,2023-03-10
6619,그래서 어떻게 하면 집중할 수 있습니까?,<니시오카 잇세이> 저/<강다영> 역,매일경제신문사,전자책,9791164841 ,자기계발,2023-03-10
6620,오늘도 인생을 찍습니다,<MJ KIM> 저,북스톤,전자책,9791187289 ,자기계발,2023-03-10
6621,나는 앉아서 다이어트한다,<박서영> 저,비타북스(VITABOOKS),전자책,9791158463 ,건강/의학,2023-03-10
6622,조성희의 마인드 파워로 영어 먹어버리기,<조성희> 저,클라우드나인,전자책,9791189430 ,자기계발,2023-03-10
6623,1년 안에 AI 빅데이터 전문가가 되는 법,<서대호> 저,반니,전자책,9791190467 ,자기계발,2023-03-10
6624,우리가 절대 알 수 없는 것들에 대해,<마커스 드 사토이> 저/<박병철> 역,반니,전자책,9791190467 ,과학/공학,2023-03-10
6625,어떻게 말해야할지 막막한 나에게 딱 맞는 스피치 스타일,<임유정> 저,원앤원북스,전자책,9791170430 ,자기계발,2023-03-10
6626,말로 때린 상처가 더 아프다,<계윤정> 저,스몰빅에듀,전자책,9791187165 ,가정/생활/요리,2023-03-10
6627,그 순간 최선을 다했던 사람은 나였다,<김희영> 저,문학공방,전자책,9791196557 ,시/에세이,2023-03-10
6628,박경리의 말,<김연숙> 저,천년의상상,전자책,9791190413 ,인문/역사,2023-03-10
6629,한 문장으로 말하라,<나쓰요 립슈츠 > 저/<황미숙> 역,비즈니스북스,전자책,9791162541 ,자기계발,2023-03-10
6630,내가 너의 첫문장이었을 때,"<김민섭>,<김혼비>,<남궁인>,<문보영>,<오은>,<이은정>,<정지우> 공저",웅진지식하우스,전자책,9788901243 ,시/에세이,2023-03-10
6631,왜 트럼프는 트위터를 좋아할까,"<신용균>,<김현정> 저",새빛,전자책,9788992454 ,경제경영,2023-03-10
6632,반짝이는 일을 미루지 말아요,<여행자 MAY> 저,알에이치코리아(RHK),전자책,9788925587 ,시/에세이,2023-03-10
6633,하룻밤 경영학,<이원희> 저,책과나무,전자책,9791157769 ,경제경영,2023-03-10
6634,길에서 쉬다,<김산환> 저,꿈의지도,전자책,9791189469 ,여행/취미,2023-03-10
6635,쿠팡 셀러 되기,<김재환> 저,라온북,전자책,9791190820 ,경제경영,2023-03-10
6636,더 플러스,<조성희> 저,유영,전자책,9791130630 ,자기계발,2023-03-10
6637,서른 살 백만장자,"<크리스티 선>,<브라이스 렁> 저/<이경남> 역",알에이치코리아(RHK),전자책,9788925500 ,경제경영,2023-03-10
6638,골목식당 전쟁,<조현기> 저,스마트북스,전자책,9791190238 ,경제경영,2023-03-10
6639,이토록 친밀한 배신자,<마사 스타우트> 저/<이원천> 역,사계절,전자책,9791160945 ,인문/역사,2023-03-10
6640,Daring to Speak 영어 거침없이 말하기,<존 박> 저,도서출판 코칭,전자책,9791190223 ,국어/외국어,2023-03-10
6641,"사랑하되, 애쓰지 말 것",<김은희> 저,젤리판다,전자책,9791190510 ,시/에세이,2023-03-10
6642,소설처럼 아름다운 클래식 이야기,<이채훈> 저,혜다,전자책,9791196719 ,예술/대중문화,2023-03-10
6643,노 브랜드 시대의 브랜드 전략,<김병규> 저,미래의창,전자책,9788959896 ,경제경영,2023-03-10
6644,"유튜브, 이젠 나도! 유튜버",<전은재> 저,성안당,전자책,9788931596 ,IT/프로그래밍,2023-03-10
6645,이젠 나도! 영상 편집,<전은재> 저,성안당,전자책,9788931596 ,IT/프로그래밍,2023-03-10
6646,"팔리는 작가가 되겠어, 계속 쓰는 삶을 위해",<이주윤> 저,드렁큰에디터,전자책,9791190931 ,시/에세이,2023-03-10
6647,"인문학 에세이, 철학 역사학 문학",<탁양현> 저,e퍼플,전자책,9791165692 ,인문/역사,2023-03-10
6648,내가 바라는 나로 살고 싶다,<브라이언 리틀> 저/<강이수> 역,생각정거장,전자책,9791164841 ,인문/역사,2023-03-10
6649,나의 글로 세상을 1밀리미터라도 바꿀 수 있다면,<메리 파이퍼> 저/<김정희> 역,티라미수 더북,전자책,9791160577 ,인문/역사,2023-03-10
6650,마음이 움직이는 순간들,<댄 애리얼리> 저/<강수희> 역,생각정거장,전자책,9791164841 ,인문/역사,2023-03-10
6651,딸은 엄마의 감정을 먹고 자란다,<박우란> 저,유노라이프,전자책,9791196997 ,인문/역사,2023-03-10
6652,축구를 하며 생각한 것들,<손흥민> 저,브레인스토어(BRAINstore),전자책,9788984355 ,시/에세이,2023-03-10
6653,세계 경제가 만만해지는 책,<랜디 찰스 에핑> 저/<이가영> 역,어크로스,전자책,9791190030 ,경제경영,2023-03-10
6654,1화뿐일지 몰라도 아직 끝은 아니야,<김봉석> 저,한겨레출판,전자책,9791160404 ,시/에세이,2023-03-10
6655,삐삐언니는 조울의 사막을 건넜어,<이주현> 저,한겨레출판,전자책,9791160404 ,시/에세이,2023-03-10
6656,가위눌림,<한스 하인츠 에바스> 저,놀e북;깔,전자책,9791195884 ,소설,2023-03-10
6657,"세균, 두 얼굴의 룸메이트","<마르쿠스 에거트>,<프랑크 타데우스> 공저/<이덕임> 역",책밥,전자책,9791190641 ,과학/공학,2023-03-10
6658,더 킹 : 영원의 군주 1,<김수연> 저/<김은숙> 원저,알에이치코리아(RHK),전자책,9788925587 ,소설,2023-03-10
6659,더 킹 : 영원의 군주 2,<김수연> 저/<김은숙> 원저,알에이치코리아(RHK),전자책,9788925588 ,소설,2023-03-10
6660,"맛창 식당, 이유 있는 성공의 비밀",<이경태> 저,천그루숲,전자책,9791188348 ,경제경영,2023-03-10
6661,나는 아이디어 하나로 사업을 시작했다,<박유연> 저,원앤원북스,전자책,9791170431 ,경제경영,2023-03-10
6662,우리는 맞고 너희는 틀렸다,<마이클 린치> 저/<성원> 역,메디치미디어,전자책,9791157068 ,정치/사회,2023-03-10
6663,하루 한 장 임신 출산 데일리북,"<김문영>,<김수연>,<한유정> 공저",이덴슬리벨(EAT&SLEEPWELL),전자책,9791190642 ,가정/생활/요리,2023-03-10
6664,신종 바이러스의 습격,<김우주> 저,반니,전자책,9791190467 ,과학/공학,2023-03-10
6665,아빠와 50년째 살고 있습니다만,<이유진> 저,예미,전자책,9791189877 ,시/에세이,2023-03-10
6666,우리는 얼마나 깨끗한가,<한네 튀겔> 저/<배명자> 역,반니,전자책,9791190467 ,과학/공학,2023-03-10
6667,인류에게 필요한 11가지 약 이야기,<정승규> 저,반니,전자책,9791190467 ,인문/역사,2023-03-10
6668,슬픔은 병일지도 몰라,<이수연> 저,반니라이프,전자책,9791190467 ,시/에세이,2023-03-10
6669,의사의 듣기와 말하기,"<정숙향>,<임소라> 저",청년의사,전자책,9788991232 ,자기계발,2023-03-10
6670,기록의 쓸모,<이승희> 저,북스톤,전자책,9791187289 ,경제경영,2023-03-10
6671,OTT 플랫폼 대전쟁,<고명석> 저,새빛,전자책,9788992454 ,경제경영,2023-03-10
6672,생각의 말들,<장석훈> 저,유유,전자책,9791160892 ,시/에세이,2023-03-10
6673,"오늘 하루도 걱정 없이, 영어",<피유진> 저,서사원,전자책,9791190179 ,국어/외국어,2023-03-10
6674,가정간편식,<이미경> 저,상상출판,전자책,9791190938 ,가정/생활/요리,2023-03-10
6675,파이썬 증권 데이터 분석,<김황후> 저,한빛미디어,전자책,9791162247 ,IT/프로그래밍,2023-03-10
6676,그 책의 더운 표지가 좋았다,<이솔로몬> 저,목소리,전자책,9791197112 ,시/에세이,2023-03-10
6677,50부터는 물건은 뺄셈 마음은 덧셈,<이노우에 가즈코> 저/<김진연> 역,센시오,전자책,9791190356 ,자기계발,2023-03-10
6678,[단독] 이것이 인공지능이다,<김명락> 저,슬로디미디어,전자책,9791188977 ,경제경영,2023-03-10
6679,불안 장애가 있긴 하지만 퇴사는 안 할 건데요,<한 대리> 저,위즈덤하우스,전자책,9791190908 ,시/에세이,2023-03-10
6680,인생을 혼자 살아갈 너에게,<다쓰미 나기사> 저/<김윤정> 역,놀,전자책,9791130630 ,시/에세이,2023-03-10
6681,제3의 부의 원칙,<대니얼 크로스비> 저/<조성숙> 역,청림출판,전자책,9788935213 ,경제경영,2023-03-10
6682,후나토미가의 참극,<아오이 유> 저/<이현진> 역,이상,전자책,9791158931 ,소설,2023-03-10
6683,어쩌다 카페 사장,<이세잎> 저,마인드빌딩,전자책,9791190015 ,시/에세이,2023-03-10
6684,부의 대이동,<오건영> 저,페이지2,전자책,9791190977 ,경제경영,2023-03-10
6685,[단독] 청소년을 위한 친절한 세계사,<헨드릭 빌렘 반 룬> 저/<박일귀> 역,문예춘추사,전자책,9788976044 ,인문/역사,2023-03-10
6686,[단독] 오늘부터의 세계,<안희경> 저/<제러미 리프킨> 외 인터뷰,메디치미디어,전자책,9791157068 ,정치/사회,2023-03-10
6687,얼어 죽어도 아이스 아메리카노,<이솜> 저,필름,전자책,9791188469 ,시/에세이,2023-03-10
6688,[단독] 우리 아기는 지금 무슨 생각을 할까?,<려원기> 글그림,빈티지하우스,전자책,9791189249 ,가정/생활/요리,2023-03-10
6689,"안녕, 앤",<버지 윌슨> 저/<나선숙> 역,더모던,전자책,9791164453 ,소설,2023-03-10
6690,아이 엠 미디어 I AM MEDIA,<하대석> 저,혜화동,전자책,9791190049 ,자기계발,2023-03-10
6691,"블로그, 시작했다, 평생직업이 생겼다.",<혜자포터LN> 저,선비북스,전자책,9791197014 ,경제경영,2023-03-10
6692,어떤 몸으로 나이 들 것인가,"<제임스 디니콜란토니오>,<제이슨 펑> 공저/<이문영> 역",라이팅하우스,전자책,9788998075 ,건강/의학,2023-03-10
6693,"지금, 행복하고 싶어",<이소연(쏘이)> 저,중앙북스(books),전자책,9788927811 ,여행/취미,2023-03-10
6694,훈련이 잘못됐습니다,<알렉스> 저,페이스메이커,전자책,9791170431 ,여행/취미,2023-03-10
6695,마음챙김으로 우울을 지나는 법,"<마크 윌리엄스>,<존 티즈데일>,<진델 시걸>,<존 카밧진> 저/<장지혜>,<이재석> 역",마음친구,전자책,9791196797 ,인문/역사,2023-03-10
6696,부의 시작,<사쿠라가와 신이치> 저/<하진수> 역,마인더브,전자책,9791189953 ,자기계발,2023-03-10
6697,이사,<마리 유키코> 저/<김은모> 역,작가정신,전자책,9791160261 ,소설,2023-03-10
6698,네코지마 하우스의 소동,<와카타케 나나미> 저/<서혜영> 역,작가정신,전자책,9791160261 ,소설,2023-03-10
6699,1일 1명상 1평온,<디아> 저,카시오페아,전자책,9791190776 ,자기계발,2023-03-10
6700,다행히도 죽지 않았습니다,<김예지> 글그림,성안당,전자책,9788931596 ,시/에세이,2023-03-10
6701,보이지 않는 여자들,<캐럴라인 크리아도 페레스> 저/<황가한> 역,웅진지식하우스,전자책,9788901243 ,정치/사회,2023-03-10
6702,마음의 오류들,<에릭 캔델> 저,알에이치코리아(RHK),전자책,9788925500 ,과학/공학,2023-03-10
6703,무조건 당신 편,<한창수> 저,알에이치코리아(RHK),전자책,9788925511 ,인문/역사,2023-03-10
6704,아직도 내 아이를 모른다,"<대니얼 J. 시겔>,<티나 페인 브라이슨> 공저/<김아영> 역/<김영훈> 감수",알에이치코리아(RHK),전자책,9788925588 ,가정/생활/요리,2023-03-10
6705,허영만의 주식 타짜,<허영만> 글그림,가디언,전자책,9791189159 ,경제경영,2023-03-10
6706,허영만의 주식투자 36계,<허영만> 글그림,가디언,전자책,9791189159 ,경제경영,2023-03-10
6707,우당탕탕 엄마의 캠핑카,<조송이> 저,가디언,전자책,9791189159 ,가정/생활/요리,2023-03-10
6708,감정 회복력,"<리제 반 서스테렌>,<스테이시 콜리노> 저/<김미정> 역",유노북스,전자책,9791190826 ,자기계발,2023-03-10
6709,고수의 몸 이야기,<한근태> 저,미래의창,전자책,9788959896 ,자기계발,2023-03-10
6710,단순하게 말했더니 인정받기 시작했다,<사이토 다카시> 저/<장은정> 역,BOOKULOVE,전자책,9791190906 ,자기계발,2023-03-10
6711,집은 결코 혼자가 아니다,<롭 던> 저/<홍주연> 역,까치(까치글방),전자책,9788972917 ,과학/공학,2023-03-10
6712,슈퍼인텔리전스,<닉 보스트롬> 저/<조성진> 역,까치(까치글방),전자책,9788972917 ,과학/공학,2023-03-10
6713,슈퍼 씽킹,"<가브리엘 와인버그>,<로런 매캔> 공저/<김효정> 역",까치(까치글방),전자책,9788972917 ,경제경영,2023-03-10
6714,아빠 잠깐 병원 다녀올게,<김성탁> 저,좋은땅,전자책,9791165366 ,시/에세이,2023-03-10
6715,[단독] 어쩌다 정신과 의사,<김지용> 저,심심,전자책,9791156758 ,인문/역사,2023-03-10
6716,집에 있는데도 집에 가고 싶어,<권라빈> 저/<정오> 그림,스튜디오오드리,전자책,9791197023 ,시/에세이,2023-03-10
6717,만사오케이의 돈되는 천만원 소액토지,<신동기> 저,잇콘,전자책,9791190877 ,경제경영,2023-03-10
6718,수학으로 생각하는 힘,<키트 예이츠> 저/<이충호> 역,웅진지식하우스,전자책,9788901244 ,과학/공학,2023-03-10
6719,우리는 코다입니다,"<이길보라>,<이현화>,<황지성> 공저",교양인,전자책,9791187064 ,시/에세이,2023-03-10
6720,셰어하우스,<베스 올리리> 저/<문은실> 역,살림출판사,전자책,9788952241 ,소설,2023-03-10
6721,당신의 특별한 우울,<린다 개스크> 저/<홍한결> 역,윌북(willbook),전자책,9791155812 ,시/에세이,2023-03-10
6722,무너진 아파트의 아이들,<정명섭> 글/<이예숙> 그림,리틀씨앤톡,전자책,9788960986 ,유아,2023-03-10
6723,불 꺼진 아파트의 아이들,<정명섭> 글/<이예숙> 그림,리틀씨앤톡,전자책,9788960984 ,유아,2023-03-10
6724,다시 비웃는 숙녀,<나카야마 시치리> 저/<문지원> 역,블루홀6,전자책,9791189571 ,소설,2023-03-10
6725,블루 카벙클,<코난 도일> 저,(도)MKDAYS,전자책,9791190759 ,소설,2023-03-10
6726,성공을 부르는 리더의 3가지 법칙,"<라스무스 호가드>,<재클린 카터> 저/<마음력연구소> 역",한국경제신문사(한경비피),전자책,9788947597 ,경제경영,2023-03-10
6727,가진 것이 없다면 운으로 승부하라,<시바무라 에미코> 저/<선우수민> 역,라이스메이커,전자책,9791190906 ,자기계발,2023-03-10
6728,"요가, 몸으로 신화를 그리다",<클레망틴 에르피쿰> 저/<류은소라> 역,미래의창,전자책,9788959896 ,인문/역사,2023-03-10
6729,나는 왜 나를 피곤하게 하는가,<권준수> 저,올림,전자책,9791162620 ,인문/역사,2023-03-10
6730,고전 추리 · 범죄소설 100선,<마틴 에드워즈> 저/<성소희> 역,시그마북스,전자책,9791190257 ,소설,2023-03-10
6731,나는 매일매일 부자로 산다,"<닉 할릭>,<개릿 군더슨> 저/<박성웅> 역",시크릿하우스,전자책,9791190259 ,경제경영,2023-03-10
6732,누가 봐도 연애소설,<이기호> 저,위즈덤하우스,전자책,9791190908 ,소설,2023-03-10
6733,세상의 모든 시간,<토마스 기르스트> 저/<이덕임> 역,을유문화사,전자책,9788932422 ,인문/역사,2023-03-10
6734,나는 오늘도 콘텐츠를 팝니다,<이필성> 저,위즈덤하우스,전자책,9791190908 ,경제경영,2023-03-10
6735,먹어서 병을 이기는 법,<윌리엄 리> 저/<신동숙> 역/<김남규> 감수,흐름출판,전자책,9788965963 ,건강/의학,2023-03-10
6736,"코로나19, 자본주의의 모순이 낳은 재난","<마이크 데이비스>,<알렉스 캘리니코스>,<마이클 로버츠>,<우석균> 등저/<장호종> 편",책갈피,전자책,9788979661 ,정치/사회,2023-03-10
6737,우리는 다시 연결되어야 한다,<비벡 H. 머시> 저/<이주영> 역,한국경제신문사(한경비피),전자책,9788947597 ,인문/역사,2023-03-10
6738,야행성 인간을 위한 지적 생산술,<사이토 다카시> 저/<김윤희> 역,쌤앤파커스,전자책,9791165342 ,자기계발,2023-03-10
6739,아비투스,<도리스 메르틴> 저/<배명자> 역,다산초당,전자책,9791130631 ,인문/역사,2023-03-10
6740,그 환자,<재스퍼 드윗> 저/<서은원> 역,시월이일,전자책,9791196756 ,소설,2023-03-10
6741,나의 프랑스식 샐러드,<이선혜> 저,브.레드,전자책,9791190920 ,가정/생활/요리,2023-03-10
6742,미래의 서점,<『제일재경주간』 미래예상도 취재팀> 저/<<조은> 역,유유,전자책,9791160892 ,인문/역사,2023-03-10
6743,N잡하는 허대리의 월급 독립 스쿨,<N잡하는 허대리> 저,토네이도,전자책,9791158511 ,경제경영,2023-03-10
6744,내가 좋은 날보다 싫은 날이 많았습니다,<변지영> 저,비에이블,전자책,9791190931 ,인문/역사,2023-03-10
6745,공부는 절대 나를 배신하지 않는다,<송영준> 저,메이븐,전자책,9791190538 ,청소년,2023-03-10
6746,스마일 닥터 정찬우 원장의 인상클리닉,"<정찬우>,<문혜영> 저",클라우드나인,전자책,9791189430 ,자기계발,2023-03-10
6747,사회가치경영의 실천 전략,<김재구> 등저,클라우드나인,전자책,9791189430 ,경제경영,2023-03-10
6748,그 거울은 거짓말을 한다,<야쿠마루 가쿠> 저/<김성미> 역,북플라자,전자책,9791190157 ,소설,2023-03-10
6749,책으로 시작하는 부동산 공부,<레비앙> 저,더스(더디퍼런스),전자책,9791161252 ,경제경영,2023-03-10
6750,장래희망은 이기적인 년,"<캐런 킬거리프>,<조지아 허드스타크> 저/<오일문> 역",놀,전자책,9791130631 ,시/에세이,2023-03-10
6751,집에서 외식하기,<박선희> 저,중앙북스(books),전자책,9788927811 ,가정/생활/요리,2023-03-10
6752,코로나19 자가격리 14일 노트,<박선미> 저,e퍼플,전자책,9791165692 ,시/에세이,2023-03-10
6753,포스트 한일경제전쟁,<문준선> 저,스마트북스,전자책,9791190238 ,경제경영,2023-03-10
6754,1일 3분 1공시,<김수헌> 저,어바웃어북,전자책,9791187150 ,경제경영,2023-03-10
6755,살고 싶다는 농담,<허지웅> 저,웅진지식하우스,전자책,9788901244 ,시/에세이,2023-03-10
6756,슈퍼리치 영업의 기술,<심길후> 저,나비의활주로,전자책,9791190865 ,경제경영,2023-03-10
6757,언어의 역사,<데이비드 크리스털> 저/<서순승> 역,소소의책,전자책,9791188941 ,인문/역사,2023-03-10
6758,포에버 데이 원,"<램 차란>,<줄리아 양> 저/<고영훈> 역/<박남규> 감수",매일경제신문사,전자책,9791164841 ,경제경영,2023-03-10
6759,어떤 물질의 사랑,<천선란> 저,아작,전자책,9791165508 ,소설,2023-03-10
6760,내 몸에 딱 맞는 교정 운동으로 바르게 설 수 있다,<온도니> 저,북스고,전자책,9791189612 ,건강/의학,2023-03-10
6761,커리어 대작전,"<박선미>,<오카무라 마사코> 공저",북스톤,전자책,9791187289 ,경제경영,2023-03-10
6762,[단독] 언택트 비즈니스,<박경수> 저,포르체,전자책,9791197141 ,경제경영,2023-03-10
6763,투자의 모험,<스티븐 슈워츠먼> 저/<이경식> 역,비즈니스북스,전자책,9791162541 ,경제경영,2023-03-10
6764,신도 주사위 놀이를 한다,<이언 스튜어트> 저/<장영재> 역,북라이프,전자책,9791188850 ,과학/공학,2023-03-10
6765,목회자를 한 번쯤 꿈꾸는 이들에게,<황유섭> 저,유페이퍼,전자책,9791166121 ,종교,2023-03-10
6766,언어의 뇌과학,<알베르트 코스타> 저/<김유경> 역,현대지성,전자책,9791190994 ,인문/역사,2023-03-10
6767,내 아이들에게 주는 선물,<짐 로저스> 저/<이은주> 역,이레미디어,전자책,9791188279 ,자기계발,2023-03-10
6768,창업가의 생각노트,<박지영> 저,가나출판사,전자책,9788957361 ,경제경영,2023-03-10
6769,드라마 속 대사 한마디가 가슴을 후벼팔 때가 있다,<정덕현> 저,가나출판사,전자책,9788957361 ,시/에세이,2023-03-10
6770,우아한 가난의 시대,<김지선> 저,언유주얼(an usual),전자책,9791163641 ,시/에세이,2023-03-10
6771,"여자 마흔, 버려야 할 것과 시작해야 할 것",<정교영> 저,포르체,전자책,9791197124 ,자기계발,2023-03-10
6772,부의 역발상,<켄 러스크> 저/<김지현> 역,유노북스,전자책,9791190826 ,경제경영,2023-03-10
6773,살인범은 그곳에 있다,<시미즈 기요시> 저/<문승준> 역,내친구의서재,전자책,9791197103 ,정치/사회,2023-03-10
6774,조용한 무더위,<와카타케 나나미> 저/<문승준> 역,내친구의서재,전자책,9791196184 ,소설,2023-03-10
6775,녹슨 도르래,<와카타케 나나미> 저/<문승준> 역,내친구의서재,전자책,9791196184 ,소설,2023-03-10
6776,그리고 아무도 죽지 않았다,<시라이 도모유키> 저/<구수영> 역,내친구의서재,전자책,9791197103 ,소설,2023-03-10
6777,더 시스템 THE SYSTEM,<스콧 애덤스> 저/<김인수> 역,베리북,전자책,9791188102 ,자기계발,2023-03-10
6778,남의 마음을 흔드는 건 다 카피다,<이원흥> 저,좋은습관연구소,전자책,9791196861 ,경제경영,2023-03-10
6779,짧고 굵게 일합니다,"<곤도 마리에>,<스콧 소넨샤인> 저/<이미정> 역",리더스북,전자책,9788901244 ,자기계발,2023-03-10
6780,아이를 위한 돈의 감각,베스 코블리너,다산에듀,전자책,1130631990 ,가정/생활/요리,2023-03-10
6781,피자의 힘,김자연,푸른사상,전자책,1130813878 ,아동,2023-03-10
6782,걸어 다니는 어원 사전,마크 포사이스,윌북,전자책,1155813103 ,인문/역사,2023-03-10
6783,세계 옛이야기 혹부리 할아버지가 들려주신대. 1: 아메리카 유럽 편,신현배,형설아이,전자책,1156632730 ,아동,2023-03-10
6784,세계 옛이야기 혹부리 할아버지가 들려주신대. 2: 아시아 + 아프리카 편,신현배,형설아이,전자책,1156632765 ,아동,2023-03-10
6785,바이든과 오바마,스티븐 리빙스턴,메디치미디어,전자책,1157062105 ,정치/사회,2023-03-10
6786,"세상에 대하여 우리가 더 잘 알아야 할 교양. 83: 물, 아직도 부족할까?",필립 스틸,내인생의책,전자책,1157236332 ,아동,2023-03-10
6787,"세상에 대하여 우리가 더 잘 알아야 할 교양. 84: 석유, 고갈될까?",필립 스틸,내인생의책,전자책,1157236367 ,아동,2023-03-10
6788,오늘 또 토요일?,김경숙,작가정신,전자책,1160268282 ,아동,2023-03-10
6789,빨간 얼굴 질루와 부끄럼쟁이 물고기,질 티보,작가정신,전자책,1160268312 ,아동,2023-03-10
6790,괭이갈매기도 모르는 독도 이야기,박지환,한겨레아이들,전자책,1160402019 ,아동,2023-03-10
6791,신기한 방귀가루,요 네스뵈,사계절,전자책,1160944946 ,아동,2023-03-10
6792,신기한 비누 거품,요 네스뵈,사계절,전자책,1160945101 ,아동,2023-03-10
6793,겁이 많은 티라노사우루스,프랜 브로매지,풀빛,전자책,1161721843 ,유아,2023-03-10
6794,항상 급한 벨로키랍토르,프랜 브로매지,풀빛,전자책,1161721851 ,유아,2023-03-10
6795,참견하기 좋아하는 브라키오사우루스,캐서린 비치,풀빛,전자책,116172186X,유아,2023-03-10
6796,엉뚱한 생각만 하는 디플로도쿠스,프랜 브로매지,풀빛,전자책,1161721878 ,유아,2023-03-10
6797,잠들지 못하는 이구아노돈,캐서린 비치,풀빛,전자책,1161721886 ,유아,2023-03-10
6798,자기밖에 모르는 플라테오사우루스,캐서린 비치,풀빛,전자책,1161721894 ,유아,2023-03-10
6799,친구가 보고 싶은 스테고사우루스,캐서린 비치,풀빛,전자책,1161721908 ,유아,2023-03-10
6800,꼬리 곤봉이 싫은 안킬로사우루스,프랜 브로매지,풀빛,전자책,1161721916 ,유아,2023-03-10
6801,이가 너무 아픈 알로사우루스,캐서린 비치,풀빛,전자책,1161721924 ,유아,2023-03-10
6802,친구가 없는 스피노사우루스,캐서린 비치,풀빛,전자책,1161721932 ,유아,2023-03-10
6803,알을 주운 프시타코사우루스,캐서린 비치,풀빛,전자책,1161721940 ,유아,2023-03-10
6804,"궁금해요, 이순신",안선모,풀빛,전자책,1161722610 ,아동,2023-03-10
6805,유튜브 쫌 아는 10대,금준경,풀빛,전자책,1161727434 ,아동,2023-03-10
6806,완벽한 반려동물을 찾습니다,조경희,나무생각,전자책,1162181141 ,아동,2023-03-10
6807,모바일 미래보고서 2021,커넥팅랩,비즈니스북스,전자책,1162541687 ,경제경영,2023-03-10
6808,세계미래보고서 2021(포스트 코로나 특별판),박영숙,비즈니스북스,전자책,1162541725 ,경제경영,2023-03-10
6809,지구의 보이지 않는 곳을 들여다보았더니,데즈카 아케미,책속물고기,전자책,1163270539 ,아동,2023-03-10
6810,안젤라의 달 청소,남소영,하움출판사,전자책,1164406876 ,아동,2023-03-10
6811,널 잊지 않을게,A. F. 해럴드,가람어린이,전자책,1165180081 ,아동,2023-03-10
6812,은빛 숲의 선물,김동석,지식과감성,전자책,1165523418 ,아동,2023-03-10
6813,우리가 좋아하는 커피 공간,박지안,미호,전자책,116579215X,가정/생활/요리,2023-03-10
6814,대바늘 손뜨개,부티크사 편집부,미호,전자책,1165792168 ,여행/취미,2023-03-10
6815,스마트맨,박서영,북극곰,전자책,1165880245 ,아동,2023-03-10
6816,발표! 토론! 남 앞에서 말하는 게 제일 싫어!,박현숙,팜파스,전자책,1170262198 ,아동,2023-03-10
6817,SNS 스타 송편이가 유기견이 되었다!,박현지,팜파스,전자책,1170263429 ,아동,2023-03-10
6818,출동! 우리 반 디지털 성범죄 수사대,박선희,팜파스,전자책,117026347X,아동,2023-03-10
6819,아름다운 아이 줄리안 이야기,R. J. 팔라시오,책과콩나무,전자책,1186490039 ,아동,2023-03-10
6820,민화 이야기,양연주,문학의숲,전자책,1187904260 ,아동,2023-03-10
6821,파라오 쿠푸와 마법사 제디,강주현,정인출판사,전자책,1188239120 ,아동,2023-03-10
6822,고여사의 매일 반찬,고귀원,티나,전자책,1188417215 ,가정/생활/요리,2023-03-10
6823,아이를 위한 하루 한 줄 인문학: 유럽 문화예술 편,김종원,청림라이프,전자책,1188700693 ,가정/생활/요리,2023-03-10
6824,야구공으로 변한 외계인,조희원,고래가숨쉬는도서관,전자책,1189239027 ,아동,2023-03-10
6825,학교가 살아났다!,윤일호,고래가숨쉬는도서관,전자책,1189239116 ,아동,2023-03-10
6826,"온택트, 어떻게 가르칠 것인가?",이수진,비비투(VIVI2),전자책,1189303337 ,인문/역사,2023-03-10
6827,수학 요괴전. 1,최수일 (정보),비아에듀,전자책,1189426927 ,아동,2023-03-10
6828,수학 요괴전. 2,최수일 (정보),비아에듀,전자책,1189426935 ,아동,2023-03-10
6829,난민 이야기,수잔 섀들리히,니케주니어,전자책,1189722011 ,아동,2023-03-10
6830,내 청약통장 사용설명서,눈을떠요,세이지,전자책,1189797062 ,경제경영,2023-03-10
6831,우리 반 과일장수,서울재동초등학교 어린이,고래책빵,전자책,1189879166 ,아동,2023-03-10
6832,맑음이와 여우 할머니,윤여림,천개의바람,전자책,119007737X,아동,2023-03-10
6833,다행이다 엄마가 내 엄마라서,이보라,다연,전자책,1190456230 ,시/에세이,2023-03-10
6834,사연 많은 귀여운 환자들을 돌보고 있습니다,김야옹,뜻밖,전자책,1190473321 ,시/에세이,2023-03-10
6835,십 년 가게. 1,히로시마 레이코,위즈덤하우스,전자책,1190630672 ,아동,2023-03-10
6836,십 년 가게. 2,히로시마 레이코,위즈덤하우스,전자책,1190786605 ,아동,2023-03-10
6837,화 잘 내는 좋은 엄마,장성욱,라온북,전자책,1190820625 ,가정/생활/요리,2023-03-10
6838,십 년 가게. 3,히로시마 레이코,위즈덤하우스,전자책,1190908700 ,아동,2023-03-10
6839,수학 요괴전. 3,이한율,비아에듀,전자책,1191019047 ,아동,2023-03-10
6840,리스토어,황지영,인플루엔셜,전자책,1191056163 ,경제경영,2023-03-10
6841,양꼬치 사총사의 지옥 대탐험,이은하,북드림아이,전자책,1197022023 ,아동,2023-03-10
6842,서울 아파트 지도,이재범(핑크팬더),리더스북,전자책,8901241382 ,경제경영,2023-03-10
6843,더 킹: 영원의 군주. 1,김은숙 (극본),알에이치코리아,전자책,8925536870 ,소설,2023-03-10
6844,더 킹 영원의 군주. 2,김은숙 (극본),알에이치코리아,전자책,8925536897 ,소설,2023-03-10
6845,스파이 스쿨. 2,스튜어트 깁스,주니어RHK,전자책,8925589958 ,아동,2023-03-10
6846,I AM(아이엠) 유튜버,김승민,주니어RHK,전자책,8925589966 ,아동,2023-03-10
6847,스파이 스쿨. 1,스튜어트 깁스,주니어RHK,전자책,8925598795 ,아동,2023-03-10
6848,대한민국 자연휴양림 가이드,이준휘,중앙북스,전자책,8927811569 ,여행/취미,2023-03-10
6849,"할매, 밥 됩니까",노중훈,중앙북스,전자책,8927811593 ,여행/취미,2023-03-10
6850,차이나는 클라스: 의학. 과학 편,JTBC <차이나는 클라스> 제작진,중앙북스,전자책,8927811690 ,인문/역사,2023-03-10
6851,사이코지만 괜찮아. 1,조용,호우야,전자책,8931589840 ,예술/대중문화,2023-03-10
6852,사이코지만 괜찮아. 2,조용,호우야,전자책,8931589859 ,예술/대중문화,2023-03-10
6853,맛남의 광장,SBS 만남의 광장 제작진,호우야,전자책,8931590326 ,가정/생활/요리,2023-03-10
6854,하우스 오브 드림,리즈 로젠버그,아르테(arte),전자책,8950987570 ,소설,2023-03-10
6855,세균들도 궁금해할 이상하고 재미있는 우리 몸 이야기 93,이와야 게이스케,아울북,전자책,8950989603 ,아동,2023-03-10
6856,하루 3분 세계사,김동섭,시공사,전자책,8952779207 ,인문/역사,2023-03-10
6857,변기에 빠진 세계사,이영숙,자음과모음,전자책,895444282X,청소년,2023-03-10
6858,제11회 젊은작가상 수상작품집(2020),강화길,문학동네,전자책,8954673953 ,소설,2023-03-10
6859,심쿵!,최은영,크레용하우스,전자책,8955476620 ,아동,2023-03-10
6860,트렌드 코리아 2021,김난도,미래의창,전자책,8959896837 ,경제경영,2023-03-10
6861,라이프 트렌드 2021,김용섭,부키,전자책,8960518069 ,경제경영,2023-03-10
6862,뭐든지 로봇 다요,임어진,리틀씨앤톡,전자책,8960986372 ,아동,2023-03-10
6863,우리 반 퓰리처,김하은,리틀씨앤톡,전자책,8960986402 ,아동,2023-03-10
6864,나의 작고 커다란 아빠,마리 칸스타 욘센,책빛,전자책,8962193124 ,아동,2023-03-10
6865,울보 꼬마,이마무라 아시코,책빛,전자책,8962193132 ,아동,2023-03-10
6866,행복한 장례식,맷 제임스,책빛,전자책,8962193140 ,아동,2023-03-10
6867,구수한 이야기,박영만,사파리,전자책,8962249472 ,아동,2023-03-10
6868,금니 아니고 똥니?,안수민,위즈덤하우스,전자책,8962472201 ,아동,2023-03-10
6869,비누 인간,방미진,위즈덤하우스,전자책,896247221X,아동,2023-03-10
6870,신발 신은 강아지,고상미,위즈덤하우스,전자책,8962477297 ,아동,2023-03-10
6871,한글이 우수할 수밖에 없는 열두 가지 이유,노은주,단비어린이,전자책,8963011771 ,아동,2023-03-10
6872,줌을 알려줌,줌 유격대,비전코리아,전자책,8963221709 ,IT/프로그래밍,2023-03-10
6873,"안녕, 베트남",심진규,양철북,전자책,8963722791 ,아동,2023-03-10
6874,"10대, 인생을 바꾸는 진로 수업",김은희,미다스북스,전자책,8966376657 ,청소년,2023-03-10
6875,"떴다, 초원 빌라",이나영,개암나무,전자책,8968305536 ,아동,2023-03-10
6876,나는 돌로 만든 달력 첨성대입니다,한영미,개암나무,전자책,8968305765 ,아동,2023-03-10
6877,진주의 한 그릇 키토식,진주,경향BP,전자책,8969524053 ,가정/생활/요리,2023-03-10
6878,고전 읽기 독서법,임성훈,리드리드출판,전자책,8972773409 ,자기계발,2023-03-10
6879,우물 파는 아이들,린다 수 박,개암나무,전자책,8992844743 ,아동,2023-03-10
6880,논리팝: 생각을 키워주는 만화,김태용,한경사,전자책,8993292256 ,아동,2023-03-10
6881,바다에서 살아남기,코믹컴,코믹컴,전자책,8994110550 ,아동,2023-03-10
6882,가시아이,원주영,동글동글,전자책,D201027400,아동,2023-03-10
6883,자연을 먹어요! 봄,<오진희> 글/<백명식> 그림,내인생의책,전자책,9788997980 ,아동,2023-03-10
6884,탤리캣과 마법의 수학 나라 2,"<배소미 글>,< 손진주 그림> 저",참돌,전자책,9788997592 ,아동,2023-03-10
6885,군중심리,<귀스타브 르 봉> 저/<이재형> 역,문예출판사,전자책,9788931009 ,정치/사회,2023-03-10
6886,시간의 규칙을 찾아서 - 수학으로 통하는 과학 3,<과학주머니> 저,자음과모음,전자책,9791190000000 ,아동,2023-03-10
6887,각도로 밝혀라 빛! - 수학으로 통하는 과학 2,<강선화> 저,자음과모음,전자책,9791190000000 ,아동,2023-03-10
6888,혀는 맛만 볼까? - 인체과학 그림책,<백명식> 저,내인생의책,전자책,9791160000000 ,아동,2023-03-10
6889,날 좀 내버려 둬,<양인자 외 8인> 저,푸른책들,전자책,9788960000000 ,유아,2023-03-10
6890,꽃으로도 때리지 말라,<김혜자> 저,열림원,전자책,9788970000000 ,시/에세이,2023-03-10
6891,뼈 속까지 들여다본 돼지,<백명식> 저,내인생의책,전자책,9791160000000 ,유아,2023-03-10
6892,인생의 차이를 만드는 독서법 본깨적,<박상배> 저,위즈덤하우스,전자책,9791160000000 ,자기계발,2023-03-10
6893,부자들의 생각법,<하노 벡> 저/<배명자> 역,갤리온,전자책,9788900000000 ,자기계발,2023-03-10
6894,기브 앤 테이크,<애덤 그랜트> 저/<윤태준> 역,생각연구소,전자책,9788962607 ,자기계발,2023-03-10
6895,경영학 콘서트,<장영재> 저,비즈니스북스,전자책,9789000000000 ,경제경영,2023-03-10
6896,듀이,"<비키 마이런>,<브렛 위터> 공저/<임은하> 그림/<신혜경> 역",웅진주니어,전자책,없음,소설,2023-03-10
6897,확률로 유전의 비밀을 풀어라! - 수학으로 통하는 과학 5,<강호진> 글/<최은영> 그림,자음과모음,전자책,9788954430 ,아동,2023-03-10
6898,진화심리학,<데이비드 버스> 저,웅진씽크빅,전자책,9788900000000 ,인문/역사,2023-03-10
6899,피터 드러커의 자기경영노트,<피터 드러커> 저/<이재규> 역,한국경제신문사(한경비피),전자책,9788950000000 ,경제경영,2023-03-10
6900,백석 평전,<안도현> 저,다산책방,전자책,9791130603 ,인문/역사,2023-03-10
6901,파피용,<베르나르 베르베르> 저/<뫼비우스> 그림/<전미연> 역,열린책들,전자책,9788932962 ,소설,2023-03-10
6902,타나토노트 2,<베르나르 베르베르> 저/<이세욱> 역,열린책들,전자책,9788932962 ,소설,2023-03-10
6903,타나토노트 1,<베르나르 베르베르> 저/<이세욱> 역,열린책들,전자책,9788932962 ,소설,2023-03-10
6904,천사들의 제국 (하),<베르나르 베르베르> 저/<이세욱> 역,열린책들,전자책,9788932962 ,소설,2023-03-10
6905,천사들의 제국 (상),<베르나르 베르베르> 저/<이세욱> 역,열린책들,전자책,9788932962 ,소설,2023-03-10
6906,뇌 2,<베르나르 베르베르> 저/<이세욱> 역,열린책들,전자책,9788932962 ,소설,2023-03-10
6907,뇌 1,<베르나르 베르베르> 저/<이세욱> 역,열린책들,전자책,9788932962 ,소설,2023-03-10
6908,장미의 이름 (하),<움베르토 에코> 저,열린책들,전자책,9788932961 ,소설,2023-03-10
6909,장미의 이름 (상),<움베르트 에코> 저/<이윤기> 역,열린책들,전자책,9788932961 ,소설,2023-03-10
6910,밤하늘에 숨은 도형을 찾아라 - 수학으로 통하는 과학 6,<서원호/최은영> 저,(주)자음과모음,전자책,9788954430 ,아동,2023-03-10
6911,하루 5분 엄마 목소리,<정홍> 저/<김승연> 그림,예담friend,전자책,9788991731 ,가정/생활/요리,2023-03-10
6912,셈을 할 줄 아는 까막눈이 여자,<요나스 요나손> 저/<임호경> 역,열린책들,전자책,9788932962 ,소설,2023-03-10
6913,세상의 바보들에게 웃으면서 화내는 방법,<움베르토 에코> 저/<이세욱> 역,열린책들,전자책,9788932962 ,인문/역사,2023-03-10
6914,달의 궁전,<폴 오스터> 저/<황보석> 역,열린책들,전자책,9788932963 ,소설,2023-03-10
6915,플라톤의 대화편 (개정판),<플라톤> 저/<최명관> 역,창,전자책,9788974531 ,인문/역사,2023-03-10
6916,알을 주워온 돼지 - 돼지학교 과학 15,"<백명식> 글,그림/<권오길> 감수",내인생의책,전자책,9791157230 ,아동,2023-03-10
6917,툴툴 마녀는 수학을 싫어해!,<김정신> 글/<김준영> 그림,진선아이,전자책,9788972218 ,아동,2023-03-10
6918,경제기사의 바다에 빠져라,<최진기> 저,스마트북스,전자책,9788996634 ,경제경영,2023-03-10
6919,인문의 바다에 빠져라,<최진기> 저,스마트북스,전자책,9788996634 ,인문/역사,2023-03-10
6920,놓치고 싶지 않은 나의 꿈 나의 인생 1,<나폴레온 힐> 저/<권혁철> 역,국일미디어,전자책,9788974255 ,자기계발,2023-03-10
6921,감자꽃,<권태응> 저,푸른책들,전자책,9788961704 ,유아,2023-03-10
6922,까막눈이 산석의 글공부,<김주현> 글/<원유미> 그림,개암나무,전자책,9788968300 ,유아,2023-03-10
6923,빨간 얼굴 질루와 부끄럼쟁이 물고기,<질 티보> 저/<이정주> 역,어린이작가정신,전자책,9788972888 ,유아,2023-03-10
6924,가문비나무의 노래,<마틴 슐레스케 저/도나타 벤더스 사진/유영미 역> 저,니케북스,전자책,9788990000000 ,시/에세이,2023-03-10
6925,여행의 기술,<알랭 드 보통> 저,청미래,전자책,9788986836 ,여행/취미,2023-03-10
6926,초희의 글방 동무,<장성자> 글/<최정인> 그림,개암나무,전자책,9788968301 ,유아,2023-03-10
6927,대화의 신,<래리 킹 저/강서일 역> 저,위즈덤하우스,전자책,9788960867 ,자기계발,2023-03-10
6928,흑산,<김훈> 저,학고재,전자책,9788956252 ,소설,2023-03-10
6929,옆집 아이는 로봇,"<한주형> 글, 그림",책과콩나무,전자책,9788994077 ,유아,2023-03-10
6930,핑거스미스,<세라 워터스> 저/<최용준> 역,열린책들,전자책,9788932963 ,소설,2023-03-10
6931,존재의 세 가지 거짓말,<아고타 크리스토프> 저/<용경식> 역,까치(까치글방),전자책,9788972915 ,소설,2023-03-10
6932,허즈번드 시크릿,<리안 모리아티> 저/<김소정 > 역,마시멜로,전자책,9788947591 ,소설,2023-03-10
6933,"생각하는 힘, 노자인문학",<최진석> 저,위즈덤하우스,전자책,9788960868 ,인문/역사,2023-03-10
6934,음식의 언어,<댄 주래프스키> 저/<김병화> 역,어크로스,전자책,9788997379 ,인문/역사,2023-03-10
6935,사라진 스푼,<샘 킨> 저/<이충호> 역,해나무,전자책,9788956050 ,과학/공학,2023-03-10
6936,스캇 펙의 거짓의 사람들,<스캇 펙 저/윤종석 역> 저,비전과리더십,전자책,9791186245 ,인문/역사,2023-03-10
6937,동물 이름 수수께끼,"<김양진 글>,< 종이비행기 그림> 저",루덴스,전자책,9791155520 ,아동,2023-03-10
6938,EBS 다큐프라임 자본주의,<EBS 자본주의 제작팀> 저/<EBS MEDIA> 기획,가나출판사,전자책,9788957367 ,경제경영,2023-03-10
6939,경영의 모험,<존 브룩스> 저/<이충호> 역/<이동기> 감수,쌤앤파커스,전자책,9788965702 ,경제경영,2023-03-10
6940,"세종 대왕, 세계 최고의 문자를 발명하다",<이은서> 글/<김지연> 그림,보물창고,전자책,978896000000 ,아동,2023-03-10
6941,"정약용, 실학으로 500권의 책을 쓰다",<박지숙> 글/<양상용> 그림,보물창고,전자책,9788961704 ,아동,2023-03-10
6942,달라도 너무 다른 수학책,<알렉스 프리스 외> 저,내인생의책,전자책,9791157231 ,아동,2023-03-10
6943,해결사가 된 돼지,<백명식> 글그림/<이정> 감수,내인생의책,전자책,9791157231 ,아동,2023-03-10
6944,인권 논쟁 - 역지사지 생생 토론 대회 07,<이기규> 글/<박종호> 그림,풀빛,전자책,9788974743 ,아동,2023-03-10
6945,우리 조상들은 얼마나 책을 좋아했을까?,<마술연필> 글/<김미은> 그림,보물창고,전자책,9788961705 ,아동,2023-03-10
6946,우리 동네 이야기,<정두리> 글/<임수진> 외 그림,푸른책들,전자책,9788957985 ,유아,2023-03-10
6947,꽃가지를 흔들 듯이,<정완영> 글/<김수연> 그림,보물창고,전자책,9788961705 ,유아,2023-03-10
6948,미쳐야 공부다,<강성태> 저,다산에듀,전자책,9791130605 ,청소년,2023-03-10
6949,계산 천재가 된 돼지,<백명식> 글그림/<이정> 감수,내인생의책,전자책,9791157231 ,아동,2023-03-10
6950,과학혁명의 구조,"<토머스 S. 쿤> 저/<김명자>,<홍성욱> 공역",까치(까치글방),전자책,9788972915 ,과학/공학,2023-03-10
6951,역사란 무엇인가,<E.H.카> 저/<김택현> 역,까치(까치글방),전자책,9788972915 ,인문/역사,2023-03-10
6952,동물의 대이동,<김황 글/백남원 그림> 저,논장,전자책,9788984142 ,아동,2023-03-10
6953,멈춰! 교통 안전을 지켜,"<노루궁뎅이 창작교실> 글/<김보경>,<엄수지> 그림",노루궁뎅이,전자책,없음,유아,2023-03-10
6954,1cm+ 일센티 플러스,<김은주> 저/<양현정> 그림,허밍버드,전자책,없음,시/에세이,2023-03-10
6955,사업의 철학,<마이클 거버> 저/<이제용> 역,라이팅하우스,전자책,9788998075 ,자기계발,2023-03-10
6956,"돈, 일하게 하라",<박영옥> 저,프레너미,전자책,9791195612 ,경제경영,2023-03-10
6957,글쓰기 왕 랄프,<애비 핸슨> 글그림/<이미영> 역,내인생의책,전자책,9791157232 ,유아,2023-03-10
6958,스토리텔링 7단계,<마루야마 무쿠> 저/<한은미> 역,토트출판사,전자책,없음,인문/역사,2023-03-10
6959,축적의 시간,<서울대학교 공과대학> 저,지식노마드,전자책,9788993322 ,경제경영,2023-03-10
6960,체르노빌의 목소리,<스베틀라나 알렉시예비치> 저/<김은혜> 역,새잎,전자책,9791185600 ,정치/사회,2023-03-10
6961,"오늘, 행복을 쓰다",<김정민> 저,북로그컴퍼니,전자책,9788994197 ,시/에세이,2023-03-10
6962,우주목수를 이긴 돼지,<백명식> 글그림/<이정> 감수,내인생의책,전자책,9791157232 ,아동,2023-03-10
6963,생각이 커지는 수학 퍼즐,<샘 로이드> 저,바이킹,전자책,9788964942 ,아동,2023-03-10
6964,주작의 다섯 날개,<김지오> 글,푸른책들,전자책,9788957985 ,유아,2023-03-10
6965,새벽에 혼자 읽는 주역인문학 - 기초 원리 편,<김승호> 저,다산북스,전자책,9791130606 ,인문/역사,2023-03-10
6966,동사의 맛,<김정선> 저,유유,전자책,9791185221 ,국어/외국어,2023-03-10
6967,워런 버핏의 주주 서한,<워런 버핏> 저/<로렌스 커닝햄> 편/<신진오> 감수/<이건> 역,서울문화사,전자책,9788926396 ,경제경영,2023-03-10
6968,큰살림이 보이는 나라의 경제 - 열 살부터 술술 읽는 경제 3,"<윌리엄 화이트헤드>,<게리 베일리>,<펠리시아 로> 글/<마크 비치> 그림/<김규태> 역",개암나무,전자책,9788968302 ,아동,2023-03-10
6969,나는 왜 영양제를 처방하는 의사가 되었나,<여에스더> 저,메디치미디어,전자책,9791157066 ,건강/의학,2023-03-10
6970,올백점 초등학교 - 책콩 어린이 35,<권타오> 글/<김주경> 그림,책과콩나무,전자책,9791186490 ,유아,2023-03-10
6971,워렌 버핏의 재무제표 활용법,"<메리 버핏>,<데이비드 클라크> 공저/<김상우> 역",부크홀릭,전자책,9788994491 ,경제경영,2023-03-10
6972,인체극장,<마리스 윅스> 저/<이재경> 역,반니,전자책,9791185435 ,청소년,2023-03-10
6973,꺼꾸리의 어린이 안전 백과,"<정주일>,<길선영>,<김민지>,<김수정>,<김정희>,<박민선>,<박찬희>,<석수점>,<엄진숙>,<이지선> 저",글타래,전자책,9791186746 ,아동,2023-03-10
6974,마당을 나온 암탉,<황선미> 글/<김환영> 그림,사계절,전자책,9788971968 ,유아,2023-03-10
6975,세상물정의 사회학,<노명우> 저,사계절,전자책,9791160000000 ,정치/사회,2023-03-10
6976,어느 외계인의 인류학 보고서,<이경덕> 저,사계절,전자책,9788958288 ,인문/역사,2023-03-10
6977,지금은 없는 이야기,<최규석> 저,사계절,전자책,9788958288 ,단행본만화,2023-03-10
6978,너에게 하고 싶은 말,<김수민> 저/<정마린> 그림,쌤앤파커스,전자책,9788965703 ,시/에세이,2023-03-10
6979,틀리지 않는 법,<조던 엘렌버그> 저/<김명남> 역,열린책들,전자책,9788932964 ,과학/공학,2023-03-10
6980,"일곱 발, 열아홉 발",<김해우> 글,푸른책들,전자책,9788957985 ,유아,2023-03-10
6981,"뛰어라, 점프! - 동화는 내 친구 76",<하신하> 글 /<안은진> 그림,논장,전자책,9788984142 ,유아,2023-03-10
6982,행복의 조건,<조지 베일런트> 저/<이덕남> 역/<이시형> 감수,프런티어,전자책,9788947593 ,인문/역사,2023-03-10
6983,"논어, 사람의 길을 열다",<배병삼> 저,사계절,전자책,9788958287 ,인문/역사,2023-03-10
6984,글쓰기의 최전선,<은유> 저,메멘토,전자책,9788998614 ,인문/역사,2023-03-10
6985,스트레칭이면 충분하다,<박서희> 저,리스컴,전자책,9791156160 ,건강/의학,2023-03-10
6986,헬스의 정석 : 근력운동편,<수피> 저,한문화,전자책,9788956992 ,여행/취미,2023-03-10
6987,불안의 서,<페르난두 페소아> 저/<배수아> 역,봄날의책,전자책,9791185221 ,시/에세이,2023-03-10
6988,나무 위의 물고기 - 책콩 어린이 38,<린다 멀랠리 헌트> 글/<강나은> 역,책과콩나무,전자책,9791186490 ,유아,2023-03-10
6989,연애소설 읽는 노인,<루이스 세풀베다> 저/<정창> 역,열린책들,전자책,9788932964 ,소설,2023-03-10
6990,사각형 아저씨와 원 아줌마가 만나면? - 살림어린이 그림책 35,<멜리사 피구아> 글그림/<임세은> 역,살림어린이,전자책,9788952233 ,유아,2023-03-10
6991,열일곱 살의 털,<김해원> 저,사계절,전자책,없음,청소년,2023-03-10
6992,아들 때문에 미쳐버릴 것 같은 엄마들에게,<최민준> 저,살림출판사,전자책,9788952237 ,가정/생활/요리,2023-03-10
6993,한 스푼의 시간,<구병모> 저,예담,전자책,9788959130 ,소설,2023-03-10
6994,왜 나는 너를 사랑하는가,<알랭 드 보통> 저/<정영목> 역,청미래,전자책,9788986836 ,소설,2023-03-10
6995,아름다운 아이 줄리안 이야기 - 책콩 어린이 36,<R. J. 팔라시오> 글/<천미나> 역,책과콩나무,전자책,9791186490 ,유아,2023-03-10
6996,학교에 간 공룡 앨리사우루스 - 콩닥콩닥 05,<리처드 토리> 글그림/<천미나> 역,책과콩나무,전자책,9791186490 ,유아,2023-03-10
6997,어쩌면 저기 저 나무에만 둥지를 틀었을까,<이정환> 글/<강나래> 외 그림,푸른책들,전자책,9788957985 ,유아,2023-03-10
6998,뻥튀기는 속상해,<한상순> 저/<임수진> 그림,푸른책들,전자책,9788957985 ,유아,2023-03-10
6999,손자병법,<손자> 저/<김원중> 역,휴머니스트,전자책,9788958623 ,인문/역사,2023-03-10
7000,안중근 재판정 참관기,<김흥식> 편,서해문집,전자책,9788974837 ,인문/역사,2023-03-10
7001,징비록,<유성룡(류성룡)> 저/<김흥식> 역,서해문집,전자책,9788974837 ,인문/역사,2023-03-10
7002,거인 부벨라와 지렁이 친구,<조 프리드먼> 글/<샘 차일즈> 그림/<지혜연> 역,주니어RHK,전자책,9788925582 ,유아,2023-03-10
7003,빵점 아빠 백점 엄마,<이정인> 외 글,푸른책들,전자책,9788957985 ,유아,2023-03-10
7004,생명을 살리는 윤리적 소비,<정원각> 외 글/<이상미> 그림,상수리,전자책,없음,아동,2023-03-10
7005,차트의 기술 (개정판),<김정환> 저,이레미디어,전자책,9791186588 ,경제경영,2023-03-10
7006,나도 저작권이 있어요!,<김기태> 글/<이홍기> 그림,상수리,전자책,9791155713 ,아동,2023-03-10
7007,밑바닥부터 시작하는 딥러닝,<사이토 고키> 저/<개앞맵시(이복연)> 역,한빛미디어,전자책,9788968483 ,IT/프로그래밍,2023-03-10
7008,밤의 과학,<발레리 기두> 글/<엘렌 라이칵> 그림/<박나리> 역,책속물고기,전자책,9791186670 ,유아,2023-03-10
7009,소에게 친절하세요,<베아트리체 마시니> 글/<빅토리아 파키니> 그림/<김현주> 역,책속물고기,전자책,9791186670 ,아동,2023-03-10
7010,"그해, 역사가 바뀌다",<주경철> 저,21세기북스,전자책,9788950969 ,인문/역사,2023-03-10
7011,페트병 온실,<시그문드 브라우어> 글/<박민희> 그림/<이경희> 역,책속물고기,전자책,9788994621 ,유아,2023-03-10
7012,"과자, 내 아이를 해치는 달콤한 유혹",안병수,국일미디어,전자책,9788974253 ,가정/생활/요리,2023-03-10
7013,왕으로 산다는 것,<신병주> 저,매일경제신문사,전자책,9791155425 ,인문/역사,2023-03-10
7014,어느 날 학교에서 왕기철이 - 동화는 내 친구 84,<백하나> 글/<한지선> 그림,논장,전자책,9788984142 ,유아,2023-03-10
7015,나를 보는 당신을 바라보았다,<김혜리> 저,어크로스,전자책,9791160560 ,시/에세이,2023-03-10
7016,대한민국 부동산 투자,<김학렬(빠숑) 저> 저,알에이치코리아,전자책,9788925583 ,경제경영,2023-03-10
7017,나를 찾아줘,<길리언 플린> 저/<강선재> 역,푸른숲,전자책,9788971848 ,소설,2023-03-10
7018,1그램의 용기,<한비야> 저,푸른숲,전자책,9791156755 ,시/에세이,2023-03-10
7019,아! 깜짝 놀라는 소리,"<신형건> 글/<강나래>,<김지현> 그림",푸른책들,전자책,9788957985 ,유아,2023-03-10
7020,별을 사랑하는 아이들아,<윤동주> 글/<신형건> 편저/<조경주> 그림,푸른책들,전자책,9788957985 ,유아,2023-03-10
7021,피터 드러커의 최고의 질문,<피터 드러커> 등저/<유정식> 역,다산북스,전자책,9791130612 ,경제경영,2023-03-10
7022,산새알 물새알,<박목월> 글/<양상용> 그림,푸른책들,전자책,9788957985 ,유아,2023-03-10
7023,정희진처럼 읽기,<정희진> 저,교양인,전자책,9791187064 ,인문/역사,2023-03-10
7024,철학자와 늑대,<마크 롤랜즈> 저/<강수희> 역,추수밭,전자책,9791155400 ,시/에세이,2023-03-10
7025,딱 한마디 과학사 - 천개의 지식 02,<정창훈> 글/<이희은> 그림,천개의바람,전자책,9791187287 ,아동,2023-03-10
7026,하루 5분 탈무드 태교 동화,<정홍 글 / 애슝 그림 > 저,예담프렌드,전자책,9791186117 ,가정/생활/요리,2023-03-10
7027,행운을 찾아서,<세르히오 라이를라> 글/<아나 G. 라르티테기> 그림/<남진희> 역,살림출판사,전자책,9788952236 ,유아,2023-03-10
7028,동생을 반품해 드립니다! - 살림 5·6학년 창작 동화 19,<한영미> 글/<김다정> 그림,살림어린이,전자책,9788952236 ,유아,2023-03-10
7029,"그날, 고양이가 내게로 왔다",<김중미> 저,낮은산,전자책,9791155250 ,청소년,2023-03-10
7030,축적의 길,<이정동> 저,지식노마드,전자책,9791187481 ,경제경영,2023-03-10
7031,생태 통로,<김황> 글/<안은진>그림,논장,전자책,9788984142 ,아동,2023-03-10
7032,아날로그의 반격,<데이비드 색스> 저,어크로스,전자책,9791160560 ,경제경영,2023-03-10
7033,기하 왕국의 규칙에 담긴 비밀,<김주창> 글/<방상호> 그림,자음과모음,전자책,9791188274 ,아동,2023-03-10
7034,죄수 운동법,<폴 웨이드> 저/<정미화> 역,비타북스(VITABOOKS),전자책,9791158461 ,건강/의학,2023-03-10
7035,칠드런 액트,<이언 매큐언> 저,한겨레출판,전자책,9791160400 ,소설,2023-03-10
7036,꿀떡을 꿀떡 - 바람그림책 58,<윤여림> 글/<오승민> 그림,천개의바람,전자책,9791187287 ,유아,2023-03-10
7037,초과수익 바이블,"<프레더릭 반하버비크> 저/<이건>,<서태준> 공역/<신진오> 감수",에프엔미디어,전자책,9791195887 ,경제경영,2023-03-10
7038,투자 천재 또봉이 - 부자가 되는 어린이 경제 동화 02,<박종기> 글/<김미은> 그림,알에이치코리아(RHK),전자책,9788925584 ,아동,2023-03-10
7039,새로 쓴 원숭이도 이해하는 자본론,<임승수> 저,시대의창,전자책,9788959406 ,정치/사회,2023-03-10
7040,모래시계 외 - 세계 미스터리 걸작선 2,"<로버트 바, E. P. 버틀러>,<로드 던세이니>,<헤스케스 프리처드>,<K. O. 프리처드>,<아서 모리슨>,<바로네스 오르치>,<M. M. 보",코너스톤(도서),전자책,9791187011 ,소설,2023-03-10
7041,살인자 외 - 세계 미스터리 걸작선 1,<어니스트 헤밍웨이> 등저/<신예용> 역/<박광규> 해설,코너스톤(도서),전자책,9791187011 ,소설,2023-03-10
7042,지혜로운 교사는 어떻게 말하는가,"<칙 무어만>,<낸시 웨버> 공저/<윤미나> 역",한문화,전자책,9788956993 ,인문/역사,2023-03-10
7043,박씨전,<전국국어교사모임> 기획/<장재화> 글/<임양> 그림,휴머니스트,전자책,9791160800 ,청소년,2023-03-10
7044,1인 가구 살림법,<공아연> 저,로고폴리스,전자책,9791186499 ,가정/생활/요리,2023-03-10
7045,힐빌리의 노래,<J. D. 밴스> 저/<김보람> 역,흐름출판,전자책,9788965962 ,시/에세이,2023-03-10
7046,생각이 나서,황경신,소담출판사,전자책,9788973816 ,시/에세이,2023-03-10
7047,스눕,<샘 고슬링> 저/<김선아> 역/<황상민> 감수,한국경제신문사(한경비피),전자책,9788947527 ,자기계발,2023-03-10
7048,문화유산을 지키는 사람들,<이정화> 글/<송진욱> 그림/<심준용> 감수,책속물고기,전자책,9791186670 ,유아,2023-03-10
7049,진실을 보는 눈,<바브 로젠스톡> 글/<제라드 드부아> 그림/<김배경> 역,책속물고기,전자책,9791186670 ,아동,2023-03-10
7050,"수상한 고물상, 행복을 팝니다",<이서윤> 저,행복한나무,전자책,9788993460 ,청소년,2023-03-10
7051,할 수 있다! 퀀트 투자,<강환국 저/신진오 감수> 저,에프엔미디어,전자책,9791195887 ,경제경영,2023-03-10
7052,세계 지도는 어떻게 완성되었을까?,<조지프 제이콥스> 글/<김곰> 그림/<김희정> 역,행성B아이들,전자책,9791187525 ,아동,2023-03-10
7053,삶의 정도,윤석철 저,위즈덤하우스,전자책,9788960864 ,경제경영,2023-03-10
7054,막스와 마르셀,<알리스 메테니에> 글그림/<나선희> 역,책빛,전자책,9788962192 ,유아,2023-03-10
7055,대량살상수학무기,<캐시 오닐> 저/<김정혜> 역,흐름출판,전자책,9788965962 ,정치/사회,2023-03-10
7056,거울 앞에서 너무 많은 시간을 보냈다,<러네이 엥겔른> 저/<김문주> 역,웅진지식하우스,전자책,9788901220 ,인문/역사,2023-03-10
7057,콩가면 선생님이 또 웃었다? - 바람 어린이책 09,<윤여림> 글/<김유대> 그림,천개의바람,전자책,9791187287 ,유아,2023-03-10
7058,인생의 절반쯤 왔을 때 깨닫게 되는 것들,"<리처드 J. 라이더>,<데이비드 A. 샤피로> 공저/<김정홍> 역",위즈덤하우스,전자책,9788960864 ,자기계발,2023-03-10
7059,"취향을 설계하는 곳, 츠타야",<마스다 무네아키> 저/<장은주> 역,위즈덤하우스,전자책,9791162201 ,경제경영,2023-03-10
7060,난중일기,<이순신> 저/<송찬섭> 편역,서해문집,전자책,9788974838 ,인문/역사,2023-03-10
7061,심리학이 서른살에게 답하다,<김혜남> 저,걷는나무,전자책,9788901093 ,인문/역사,2023-03-10
7062,모든 것이 되는 법,<에밀리 와프닉> 저,웅진지식하우스,전자책,9788901221 ,자기계발,2023-03-10
7063,맏이,<토어 세이들러> 글/<조원희> 그림/<권자심> 역,논장,전자책,9788984143 ,청소년,2023-03-10
7064,내 마음을 읽어주는 그림책,<김영아> 저,사우,전자책,9791187332 ,인문/역사,2023-03-10
7065,한권으로 읽는 셰익스피어 4대비극·5대희극,<셰익스피어> 저/<셰익스피어연구회> 역,아름다운날,전자책,9791186809 ,소설,2023-03-10
7066,꿀 독에 빠진 여우,<안선모> 저/<김미은> 그림,보물창고,전자책,9788961706 ,유아,2023-03-10
7067,시간의 탄생,<알렉산더 데만트> 저/<이덕임> 역,북라이프,전자책,9791185459 ,인문/역사,2023-03-10
7068,"정약용과 발명 특공대, 정조대왕의 특명에 도전하라!","<김평원> 글/<김미선>,<위현서> 그림",다산사이언스,전자책,9791130615 ,아동,2023-03-10
7069,문장의 온도,<이덕무> 저,다산초당,전자책,9791130615 ,인문/역사,2023-03-10
7070,지식 e and,<EBS 지식채널ⓔ> 저,북하우스,전자책,9788956057 ,인문/역사,2023-03-10
7071,인공지능 시대가 두려운 사람들에게,<리처드 왓슨> 저/<방진이> 역,원더박스,전자책,9789000000000 ,정치/사회,2023-03-10
7072,GMO,<김훈기> 글/<서영> 그림,풀빛,전자책,9791160000000 ,아동,2023-03-10
7073,환경 정의,<장성익> 글/<이광익> 그림,풀빛,전자책,9791160000000 ,아동,2023-03-10
7074,네 칸 명작 동화집 - 모두를 위한 그림책 04,<로익 곰> 글/<나선희>역,책빛,전자책,9788962192 ,유아,2023-03-10
7075,소비의 역사,<설혜심> 저,휴머니스트,전자책,9791160801 ,인문/역사,2023-03-10
7076,불평등이 문제다,<김윤태> 저,휴머니스트,전자책,9791160801 ,정치/사회,2023-03-10
7077,예언자,<칼릴 지브란> 저/<류시화> 역,무소의뿔,전자책,9791186686 ,시/에세이,2023-03-10
7078,잃어버린 아이 이야기,<엘레나 페란테> 저/<김지우> 역,한길사,전자책,9788935672 ,소설,2023-03-10
7079,한 시간만 그 방에,<요나스 칼손> 저/<윤미연> 역,푸른숲,전자책,9791156757 ,소설,2023-03-10
7080,미술관에 간 수학자,<이광연> 저,어바웃어북,전자책,9791187150 ,과학/공학,2023-03-10
7081,"함수, 통계, 기하에 관한 최소한의 수학지식",<염지현> 저/<최수일> 감수/<EBS 미디어> 기획/<EBSMath 제작팀> 원작,가나출판사,전자책,9788957369 ,과학/공학,2023-03-10
7082,"헷갈려, 과학!",<어린이과학동아 편집부> 글,가나출판사,전자책,9788957369 ,아동,2023-03-10
7083,수와 문자에 관한 최소한의 수학지식,<염지현> 저/<최수일> 감수/<EBS 미디어> 기획/<EBSMath 제작팀> 원작,가나출판사,전자책,9788957369 ,과학/공학,2023-03-10
7084,부부 같이 사는 게 기적입니다,<김용태> 저,덴스토리(DENSTORY),전자책,9791185716 ,가정/생활/요리,2023-03-10
7085,저도 과학은 어렵습니다만,<이정모> 저,바틀비,전자책,9791196250 ,과학/공학,2023-03-10
7086,결국 해내는 사람들의 원칙 (개정판),"<앨런 피즈>,<바바라 피즈> 공저/<이재경> 역",반니,전자책,9791187980 ,자기계발,2023-03-10
7087,카피 공부,<핼 스테빈스> 저/<이지연> 역,윌북(willbook),전자책,9791155811 ,자기계발,2023-03-10
7088,흔들리지 않는 돈의 법칙,<토니 로빈스> 저/<박슬라> 역/<정철진> 감수,알에이치코리아(RHK),전자책,9788925585 ,경제경영,2023-03-10
7089,엄마가 늘 여기 있을게,<권경인> 저,북하우스,전자책,9788956059 ,가정/생활/요리,2023-03-10
7090,헝거,<록산 게이> 저/<노지양> 역,사이행성,전자책,9791188835 ,시/에세이,2023-03-10
7091,히트 리프레시,<사티아 나델라> 저/<빌 게이츠> 서문/<최윤희> 역,흐름출판,전자책,9788965962 ,경제경영,2023-03-10
7092,세계 종교의 역사,<리처드 할러웨이> 저/<이용주> 역,소소의책,전자책,9791188941 ,종교,2023-03-10
7093,나의 슬기로운 감정생활,<이동환> 저,비즈니스북스,전자책,9791162540 ,자기계발,2023-03-10
7094,처음 읽는 여성 세계사,"<케르스틴 뤼커>,<우테 댄셸> 저/<장혜경> 역",어크로스,전자책,9791160560 ,인문/역사,2023-03-10
7095,생각하는 올림픽 교과서,<한국방정환재단> 기획/<스포츠문화연구소> 외 글/<김대중> 그림,천개의바람,전자책,9791187287 ,아동,2023-03-10
7096,엄마의 독서,<정아은> 저,한겨레출판,전자책,9791160401 ,인문/역사,2023-03-10
7097,"좋은 산문의 길, 스타일",<F. L. 루카스> 저/<이은경> 역,메멘토,전자책,9788998614 ,인문/역사,2023-03-10
7098,그 쇳물 쓰지 마라,<제페토> 저,수오서재,전자책,9791187498 ,시/에세이,2023-03-10
7099,아무도 문밖에서 기다리지 않았다,<매슈 설리번> 저/<유소영> 역,나무옆의자,전자책,9791161570 ,소설,2023-03-10
7100,나는 행복한 불량품입니다,<임승수> 저,서해문집,전자책,9788974839 ,인문/역사,2023-03-10
7101,할머니와 수상한 그림자,<황선미> 글/<노인경> 그림/<이보연> 상담,스콜라,전자책,9788962479 ,유아,2023-03-10
7102,양육가설,<주디스 리치 해리스> 저/<최수근> 역/<황상민> 감수,이김,전자책,9791196283 ,인문/역사,2023-03-10
7103,사흘 그리고 한 인생,<피에르 르메트르> 저/<임호경> 역,열린책들,전자책,9788932965 ,소설,2023-03-10
7104,재즈 잇 업 jazz it up,<남무성> 저,서해문집,전자책,9788974839 ,예술/대중문화,2023-03-10
7105,중국을 빚어낸 여섯 도읍지 이야기,<이유진> 저,메디치미디어,전자책,9791157067 ,인문/역사,2023-03-10
7106,스마트폰을 떨어뜨렸을 뿐인데,<시가 아키라> 저/<김성미> 역,북플라자,전자책,9788998274 ,소설,2023-03-10
7107,셰익스피어,<황광수> 저,arte(아르테),전자책,9788950975 ,인문/역사,2023-03-10
7108,니체,<이진우> 저,arte(아르테),전자책,9788950975 ,인문/역사,2023-03-10
7109,클림트,<전원경> 저,arte(아르테),전자책,9788950975 ,인문/역사,2023-03-10
7110,내가 죽어야 하는 밤,<제바스티안 피체크 > 저/<배명자> 역,위즈덤하우스,전자책,9791162205 ,소설,2023-03-10
7111,살며 사랑하며 배우며 (개정판),<레오 버스카글리아> 저/<이은선> 역,홍익출판사,전자책,9788970656 ,자기계발,2023-03-10
7112,알츠하이머의 종말,<데일 브레드슨> 저/<박준형> 역/<서유헌> 감수,토네이도,전자책,9791158510 ,건강/의학,2023-03-10
7113,미술관에 간 화학자,<전창림> 저,어바웃어북,전자책,9788997382 ,과학/공학,2023-03-10
7114,정해진 미래,<조영태> 저,북스톤,전자책,9791187289 ,경제경영,2023-03-10
7115,세상에서 가장 큰 나무,<제이슨 친> 글그림/<윤정숙> 역,봄의정원,전자책,9791187154 ,유아,2023-03-10
7116,밤의 소리를 들어 봐,<에밀리 랜드> 저/<안지원> 역,봄의정원,전자책,9791187154 ,유아,2023-03-10
7117,우리 할머니 김복자,<서미경> 글그림,봄의정원,전자책,9791187154 ,유아,2023-03-10
7118,숲 사용 설명서,<페터 볼레벤> 저/<장혜경> 역,위즈덤하우스,전자책,9791162204 ,인문/역사,2023-03-10
7119,프로테스탄트 윤리와 자본주의 정신 (완역본),<막스 베버> 저/<박문재> 역,현대지성,전자책,9791187142 ,인문/역사,2023-03-10
7120,오늘 뭐 먹지?,<권여선> 저,한겨레출판,전자책,9791160401 ,시/에세이,2023-03-10
7121,"아무튼, 계속",<김교석> 저,위고,전자책,9791160891 ,시/에세이,2023-03-10
7122,"아무튼, 피트니스",<류은숙> 저,코난북스,전자책,9791160890 ,시/에세이,2023-03-10
7123,맨디블 가족,<라이오넬 슈라이버> 저/<박아람> 역,알에이치코리아(RHK),전자책,9788925585 ,소설,2023-03-10
7124,크리스퍼가 온다,"<제니퍼 다우드나>,<새뮤얼 스턴버그> 저/<김보은> 역",프시케의숲,전자책,9791196155 ,과학/공학,2023-03-10
7125,혼자 있기 좋은 방,<우지현> 저,위즈덤하우스,전자책,9791162205 ,시/에세이,2023-03-10
7126,1등에게 박수 치는 게 왜 놀랄 일일까? - 질문하는 사회 01,<오찬호> 글/<신병근> 그림,나무를심는사람들,전자책,9791186361 ,청소년,2023-03-10
7127,"강물아, 흘러 흘러 어디로 가니?",<신현수> 글/<심가인> 그림,논장,전자책,9788984143 ,유아,2023-03-10
7128,우리 엄마는 내가 지킨다 - 살림 1·2학년 창작 동화 07,<박현숙> 글/<신민재> 그림,살림출판사,전자책,9788952238 ,유아,2023-03-10
7129,소설처럼 아름다운 수학 이야기 (최신 개정증보판),<김정희> 저,혜다,전자책,9791186219 ,과학/공학,2023-03-10
7130,어떻게 일할 것인가,<아툴 가완디> 저/<곽미경> 역,웅진지식하우스,전자책,9788901225 ,인문/역사,2023-03-10
7131,왜 유독 그 가게만 잘될까,<현성운> 저,다산북스,전자책,9791130617 ,경제경영,2023-03-10
7132,칼리의 프랑스 학교 이야기,<목수정> 저,생각정원,전자책,9791188388 ,가정/생활/요리,2023-03-10
7133,도시는 왜 불평등한가,<리처드 플로리다> 저,매일경제신문사,전자책,9791155428 ,경제경영,2023-03-10
7134,우산 속 둘이서,"<장승련> 저/<임수진>,<김지현> 그림",푸른책들,전자책,9788957985 ,유아,2023-03-10
7135,우리 속에 울이 있다,<박방희> 글/<김미화> 그림,푸른책들,전자책,9788957985 ,유아,2023-03-10
7136,완전 소화,<류은경> 저,다산라이프,전자책,9791130617 ,건강/의학,2023-03-10
7137,말과 마음 사이,<이서원> 저,샘터,전자책,9788946472 ,시/에세이,2023-03-10
7138,열일곱 살의 인생론,<안광복> 저,사계절,전자책,9791160942 ,청소년,2023-03-10
7139,더 나은 논쟁을 할 권리,"김은실>,<권김현영>,<김신현경>,<김주희>,<김애라>,<민가영>,<서정애>,<이해응>,<정희진> 공저/<김은실> 편저",휴머니스트,전자책,9791160801 ,인문/역사,2023-03-10
7140,우리 빌라에는 이상한 사람들이 산다,<한영미> 글/<김완진> 그림,어린이작가정신,전자책,9791160267 ,유아,2023-03-10
7141,하이 아웃풋 매니지먼트,<앤드루 S. 그로브> 저/<유정식> 역,청림출판,전자책,9788935212 ,경제경영,2023-03-10
7142,정조처럼 소통하라,<정창권> 저,사우,전자책,9791187332 ,인문/역사,2023-03-10
7143,손자병법,<손자> 저/<김광수> 역,책세상,전자책,9791159311 ,정치/사회,2023-03-10
7144,"몰입, 두 번째 이야기",<황농문> 저,랜덤하우스코리아,전자책,9788925542 ,자기계발,2023-03-10
7145,인간 불평등 기원론 (개정판),"<장 자크 루소> 저/<주경복>,<고봉만> 공역",책세상,전자책,9791159312 ,인문/역사,2023-03-10
7146,물리가 쉬워지는 미적분,<나가노 히로유키> 저/<위정훈> 역/<김범준> 감수,비전코리아,전자책,9791157713 ,과학/공학,2023-03-10
7147,아무도 원하지 않은,<이르사 시구르다르도티르> 저/<박진희> 역,황소자리,전자책,9791185093 ,소설,2023-03-10
7148,배우고 생각하고 연결하고,<박형주> 저,해나무,전자책,9788956059 ,인문/역사,2023-03-10
7149,한국인은 왜 이렇게 먹을까?,<주영하> 저,휴머니스트,전자책,9791160801 ,인문/역사,2023-03-10
7150,우리 동네 만화방 - 이야기 별사탕 01,<송언> 글/<강화경> 그림,키다리,전자책,9791157850 ,유아,2023-03-10
7151,물차 오는 날 - 이야기 별사탕 02,<박혜숙> 글/<허구> 그림,키다리,전자책,9791157850 ,유아,2023-03-10
7152,"막동아, 한강에 배 띄어라 - 키다리그림책 52",<박수현> 저,키다리,전자책,9791157852 ,유아,2023-03-10
7153,어느 독일인의 삶,<브룬힐데 폼젤> 저/<토레 D. 한젠> 편/<박종대> 역,열린책들,전자책,9788932966 ,인문/역사,2023-03-10
7154,조선을 품은 대문 - 처음부터 제대로 배우는 한국사 그림책 12,<신현경> 글/<한태희> 그림,개암나무,전자책,9788968304 ,아동,2023-03-10
7155,어둠이 오기 전에,<사이먼 피츠모리스> 저,흐름출판,전자책,9788965962 ,시/에세이,2023-03-10
7156,다이어트 학교,<김혜정> 저,자음과모음,전자책,9788954427 ,청소년,2023-03-10
7157,초고령사회 일본에서 길을 찾다,<김웅철> 저,페이퍼로드,전자책,9791188982 ,정치/사회,2023-03-10
7158,생각이 켜진 집 - 책콩 그림책 49,<리샤르 마르니에> 글/<오드 모렐> 그림/<박선주> 역,책과콩나무,전자책,9791186490 ,유아,2023-03-10
7159,페소아,<김한민> 저,arte(아르테),전자책,9788950977 ,인문/역사,2023-03-10
7160,나는 대한민국 경찰 공무원이다,<나상미> 저,함께,전자책,9788975047 ,시/에세이,2023-03-10
7161,예민함 내려놓기,<오카다 다카시> 저/<홍성민> 역,어크로스,전자책,9791160560 ,인문/역사,2023-03-10
7162,평양의 시간은 서울의 시간과 함께 흐른다,<진천규> 저,타커스,전자책,9788998658 ,정치/사회,2023-03-10
7163,안나 까레니나 (상) - 열린책들 세계문학 236,<레프 똘스또이> 저/<이명현> 역,열린책들,전자책,9788932966 ,소설,2023-03-10
7164,안나 까레니나 (하) - 열린책들 세계문학 237,<레프 똘스또이> 저/<이명현> 역,열린책들,전자책,9788932966 ,소설,2023-03-10
7165,이쁘게 말하는 당신이 좋다,<임영주> 저,메이트북스,전자책,9791160026 ,자기계발,2023-03-10
7166,"나, 참 쓸모 있는 인간",<김연숙> 저,천년의상상,전자책,9791185811 ,인문/역사,2023-03-10
7167,동화 쓰는 법,<이현> 저,유유,전자책,9791160891 ,인문/역사,2023-03-10
7168,"얘들아, 연필시랑 놀자!",<연필시 동인> 글/<임수진> 그림,푸른책들,전자책,9788957986 ,유아,2023-03-10
7169,나는 정말 너를 사랑하는 걸까,<김혜남> 저,갤리온,전자책,9788901074 ,시/에세이,2023-03-10
7170,"수학, 인문으로 수를 읽다",<이광연> 저,한국문학사,전자책,9788987527 ,인문/역사,2023-03-10
7171,메르타 할머니의 우아한 강도 인생,<카타리나 잉엘만순드베리> 저/<정장진> 역,열린책들,전자책,9788932966 ,소설,2023-03-10
7172,1945,<마이클 돕스> 저/<홍희범> 역,모던아카이브,전자책,9791187056 ,인문/역사,2023-03-10
7173,논어,<공자> 저/<소준섭> 역,현대지성,전자책,9791187142 ,인문/역사,2023-03-10
7174,나의 외국어 학습기,<김태완> 저,메멘토,전자책,9788998614 ,인문/역사,2023-03-10
7175,아기 성장 보고서,<EBS 아기성장보고서 제작팀> 저,예담friend,전자책,9788959133 ,가정/생활/요리,2023-03-10
7176,헤밍웨이,<백민석> 저,arte(아르테),전자책,9788950978 ,소설,2023-03-10
7177,딸꾹,<김고은> 글그림,북극곰,전자책,9791189164 ,유아,2023-03-10
7178,결혼과 육아의 사회학,<오찬호> 저,휴머니스트,전자책,9791160801 ,정치/사회,2023-03-10
7179,지지 않는다는 말 (개정판),<김연수> 저,마음의숲,전자책,9791162850 ,시/에세이,2023-03-10
7180,속임수의 심리학,<김영헌> 저,웅진지식하우스,전자책,9788901227 ,인문/역사,2023-03-10
7181,"토닥토닥, 숲길","<박여진> 글,<백홍기> 사진",예문아카이브(예문사),전자책,9791163860 ,여행/취미,2023-03-10
7182,감정은 어떻게 만들어지는가?,<리사 펠드먼 배럿> 저/<최호영> 역,생각연구소,전자책,9791188096 ,인문/역사,2023-03-10
7183,용돈교육의 마법,<김영옥> 저,예문아카이브(예문사),전자책,9791163860 ,가정/생활/요리,2023-03-10
7184,공부가 쉬워지는 초등독서법,<김민아> 저,카시오페아,전자책,9791188674 ,가정/생활/요리,2023-03-10
7185,애도일기(리커버 에디션),<롤랑 바르트> 저/<김진영> 역,걷는나무,전자책,9788901228 ,시/에세이,2023-03-10
7186,오늘 내가 살아갈 이유,<위지안> 저/<이현아> 역,예담,전자책,9788959136 ,시/에세이,2023-03-10
7187,보고 듣고 말하는 호락호락 한국사 6 : 조선 시대 2 - 초등 한국사 토론왕 시리즈 06,<문원림> 글/<김규준> 그림/<이익주> 감수,뭉치,전자책,9791163630 ,아동,2023-03-10
7188,보고 듣고 말하는 호락호락 한국사 7 : 근현대 - 초등 한국사 토론왕 시리즈 07,<문원림> 글/<이진호> 그림/<이익주> 감수,뭉치,전자책,9791163630 ,아동,2023-03-10
7189,원주율로 떠나는 오디세우스의 수학 모험 : 원주율 겉넓이 부피 - 초등 5ㆍ6학년 수학동화 05,<노영란> 글/<김창희> 그림,뭉치,전자책,9791163630 ,아동,2023-03-10
7190,로미오와 줄리엣이 첫눈에 반할 확률은? : 확률 비율 그래프 - 초등 5ㆍ6학년 수학동화 04,<김원섭> 글/<백선웅> 그림,뭉치,전자책,9791163630 ,아동,2023-03-10
7191,약수와 배수로 유령 선장을 이긴 15소년 : 약수와 배수 - 초등 5ㆍ6학년 수학동화 03,<정영훈> 글/<이진호> 그림,뭉치,전자책,9791163630 ,아동,2023-03-10
7192,입체도형으로 수학왕이 된 앨리스 : 직육면체 입체도형 - 초등 5ㆍ6학년 수학동화 02,<계영희> 글/<오정조> 그림,뭉치,전자책,9791188704 ,아동,2023-03-10
7193,비례배분으로 보물섬을 발견한 해적 실버 : 비례식과 비례배분 - 초등 5ㆍ6학년 수학동화 01,<박신식> 글/<황하석> 그림,뭉치,전자책,9791188704 ,아동,2023-03-10
7194,호두까기 인형 - 보물창고 세계명작전집,<E.T.A. 호프만> 글/<함미라> 역,보물창고,전자책,9788961706 ,유아,2023-03-10
7195,봄으로 가는 버스,<전병호> 저/<권진희> 그림,푸른책들,전자책,9788957986 ,유아,2023-03-10
7196,모차르트 - 클래식 클라우드 007,<김성현> 저,arte(아르테),전자책,9788950979 ,인문/역사,2023-03-10
7197,모든 것이 마법처럼 괜찮아질 거라고,<제딧> 저,위즈덤하우스,전자책,9791189709 ,시/에세이,2023-03-10
7198,악의 꽃,<샤를 피에르 보들레르> 저/<앙리 마티스> 편/<김인환> 역/<정장진> 해설,문예출판사,전자책,9788931011 ,시/에세이,2023-03-10
7199,작은 삶을 권하다,<조슈아 베커> 저/<이은선> 역,와이즈맵,전자책,9791189328 ,자기계발,2023-03-10
7200,여백을 번역하라,<조영학> 저,메디치미디어,전자책,9791157067 ,인문/역사,2023-03-10
7201,전환의 시대,<박노자> 저,한겨레출판,전자책,9791160402 ,정치/사회,2023-03-10
7202,우린 다르게 살기로 했다,<조현> 저,휴(休),전자책,9791160402 ,정치/사회,2023-03-10
7203,아흔일곱 번의 봄 여름 가을 겨울,<이옥남> 저,양철북,전자책,9788963722 ,시/에세이,2023-03-10
7204,닥터키친의 맛있는 당뇨 밥상,<닥터키친 식이연구소> 저,비타북스(VITABOOKS),전자책,9791158462 ,건강/의학,2023-03-10
7205,민주주의는 회사 문 앞에서 멈춘다,<우석훈> 저,한겨레출판,전자책,9791160402 ,정치/사회,2023-03-10
7206,도덕경,<노자> 저/<소준섭> 역,현대지성,전자책,9791187142 ,인문/역사,2023-03-10
7207,안녕? 나의 한글 맞춤법,<엄지인> 저,다락원,전자책,9788927756 ,국어/외국어,2023-03-10
7208,산책을 듣는 시간,<정은> 저,사계절,전자책,9791160944 ,소설,2023-03-10
7209,뽀뽀는 무슨 색일까?,<로시오 보니야> 글/<신유나> 역,옐로스톤,전자책,9791187079 ,유아,2023-03-10
7210,초등학생을 위한 개념 과학 150,<정윤선> 글/<김제도> 그림/<정주현> 감수,바이킹,전자책,9788964943 ,아동,2023-03-10
7211,참 좋은 짝,손동연 저,푸른책들,전자책,9788957986 ,유아,2023-03-10
7212,일처리가 빠른 사람들의 시간 관리 비밀,<도지 가즈야> 저/<김윤수> 역,유노북스,전자책,9791189279 ,자기계발,2023-03-10
7213,그곳에 한 아이가 있었다,<레아 필리기> 글/<이인아> 그림/<강효원> 역,어린이작가정신,전자책,9791160267 ,유아,2023-03-10
7214,삶이 내게 말을 걸어올 때,<파커 J. 파머> 저/<홍윤주> 역,한문화,전자책,9788956993 ,시/에세이,2023-03-10
7215,나의 책 읽기 수업,<송승훈> 저,나무연필,전자책,9791187890 ,인문/역사,2023-03-10
7216,안녕하세요 내 이름은 인절미예요,<절미 언니> 저,위즈덤하우스,전자책,9791189938 ,시/에세이,2023-03-10
7217,슈퍼개미의 왕초보 주식수업,<이정윤> 저,이레미디어,전자책,9791188279 ,경제경영,2023-03-10
7218,정말 하고 싶은데 너무 하기 싫어,<로먼 겔페린> 저/<황금진> 역,동양북스(동양books),전자책,9791157684 ,자기계발,2023-03-10
7219,질의 응답,"<니나 브로크만>,<엘렌 스퇴켄 달> 공저/<김명남> 역",열린책들,전자책,9788932966 ,인문/역사,2023-03-10
7220,단단한 영어공부,<김성우> 저,유유,전자책,9791160891 ,국어/외국어,2023-03-10
7221,이렇게 쉬운 통계학,<혼마루 료> 저/<안동현> 역,한빛미디어,전자책,9791162249 ,과학/공학,2023-03-10
7222,어쩐지 미술에서 뇌과학이 보인다,<에릭 캔델> 저/<이한음> 역,프시케의숲,전자책,9791189336 ,과학/공학,2023-03-10
7223,섬의 애슐리,<정세랑> 저/<한예롤> 그림,미메시스,전자책,9791155351 ,소설,2023-03-10
7224,차이나는 클라스: 고전·인류·사회 편,<JTBC [차이나는 클라스] 제작팀> 저,중앙북스(books),전자책,9788927810 ,인문/역사,2023-03-10
7225,한국요괴도감,<고성배(물고기머리)> 저,위즈덤하우스,전자책,9791189938 ,인문/역사,2023-03-10
7226,제인스빌 이야기,<에이미 골드스타인> 저/<이세영> 역,세종서적,전자책,9788984079 ,정치/사회,2023-03-10
7227,미술관에 간 심리학,<윤현희> 저,믹스커피,전자책,9791189344 ,인문/역사,2023-03-10
7228,빈센트 나의 빈센트,<정여울> 저,21세기북스,전자책,9788950980 ,시/에세이,2023-03-10
7229,선악의 저편·도덕의 계보 - 니체전집 14,<니체> 저/<김정현> 역,책세상,전자책,9791159311 ,인문/역사,2023-03-10
7230,화재의 색,<피에르 르메트르> 저/<임호경> 역,열린책들,전자책,9788932966 ,소설,2023-03-10
7231,진화한 마음,<전중환> 저,휴머니스트,전자책,9791160802 ,과학/공학,2023-03-10
7232,개념연결 만화 수학교과서 초등 3학년,"<전국수학교사모임 초등수학사전팀> 원저/<최수일>,<신동호> 글/<김석> 그림",비아에듀,전자책,9791189426 ,아동,2023-03-10
7233,개념연결 만화 수학교과서 초등 1학년,"<전국수학교사모임 초등수학사전팀> 원저/<최수일>,<김남일> 글/<김석> 그림",비아에듀,전자책,9791189426 ,아동,2023-03-10
7234,누가 시를 읽는가,"<프레드 사사키>,<돈 셰어> 공편",봄날의책,전자책,9791186372 ,인문/역사,2023-03-10
7235,마법의 연금 굴리기,<성일> 저/<김지민> 그림,에이지21,전자책,9788998342 ,경제경영,2023-03-10
7236,자존감의 여섯 기둥,<너새니얼 브랜든> 저/<김세진> 역,교양인,전자책,9791187064 ,인문/역사,2023-03-10
7237,본격 한중일 세계사 1,"<굽시니스트> 글,그림",위즈덤하우스,전자책,9791190065 ,인문/역사,2023-03-10
7238,본격 한중일 세계사 2,"<굽시니스트> 글,그림",위즈덤하우스,전자책,9791190065 ,인문/역사,2023-03-10
7239,본격 한중일 세계사 3,<굽시니스트(김선웅)> 저,위즈덤하우스,전자책,9791190065 ,인문/역사,2023-03-10
7240,본격 한중일 세계사 4,<굽시니스트(김선웅)> 저,위즈덤하우스,전자책,9791190065 ,인문/역사,2023-03-10
7241,본격 한중일 세계사 5,<굽시니스트(김선웅)> 저,위즈덤하우스,전자책,9791190065 ,인문/역사,2023-03-10
7242,현명한 부모가 꼭 알아야 할 대화법,<신의진> 저,걷는나무,전자책,9788901114 ,가정/생활/요리,2023-03-10
7243,마음에 따르지 말고 마음의 주인이 되어라,<법정> 저/<박성직> 편,책읽는섬,전자책,9791188047 ,시/에세이,2023-03-10
7244,독의 꽃,<최수철> 저,작가정신,전자책,9791160261 ,소설,2023-03-10
7245,사랑에 빠질 때 나누는 말들,<탁경은> 저,사계절,전자책,9791160944 ,소설,2023-03-10
7246,면접바이블,<면접왕이형(이준희)> 저,Alivebooks,전자책,9791196700 ,자기계발,2023-03-10
7247,큐레이터,<랜스 그란데> 저/<김새남> 역/<이정모> 감수,소소의책,전자책,9791188941 ,과학/공학,2023-03-10
7248,나는 7년 동안 세계 최고를 만났다,<알렉스 바나얀> 저/<김태훈> 역,알에이치코리아(RHK),전자책,9788925583 ,자기계발,2023-03-10
7249,스마트한 생각들,<롤프 도벨리> 저/<비르기트 랑> 그림/<두행숙> 역,걷는나무,전자책,9788901148 ,경제경영,2023-03-10
7250,명심보감,<범립본> 저/<김원중> 역,휴머니스트,전자책,9791160802 ,인문/역사,2023-03-10
7251,크러쉬 잇! SNS로 열정을 돈으로 바꿔라,<게리 바이너척> 저/<최소영> 역/<정진수> 감수,천그루숲,전자책,9791188348 ,경제경영,2023-03-10
7252,진보와 빈곤 (완역본),<헨리 조지> 저/<이종인> 역,현대지성,전자책,9791187142 ,정치/사회,2023-03-10
7253,잃어버린 임금을 찾아서,<이민경> 저,봄알람,전자책,9791160891 ,정치/사회,2023-03-10
7254,엑셀 바이블,<최준선> 저,한빛미디어,전자책,9791162248 ,IT/프로그래밍,2023-03-10
7255,깃털 도둑,<커크 월리스 존슨> 저/<박선영> 역,흐름출판,전자책,9788965963 ,시/에세이,2023-03-10
7256,장사의 신,<우노 다카시> 저,쌤앤파커스,전자책,9788965706 ,경제경영,2023-03-10
7257,삶의 무기가 되는 쓸모 있는 경제학,<이완배> 저,북트리거,전자책,9791189799 ,경제경영,2023-03-10
7258,미야옹철의 묘한 진료실,<김명철> 저,비타북스(VITABOOKS),전자책,9791158462 ,여행/취미,2023-03-10
7259,존 카밧진의 왜 마음챙김 명상인가?,<존 카밧진> 저/<엄성수> 역,불광출판사,전자책,9788974796 ,인문/역사,2023-03-10
7260,어느 주식투자자의 회상 (개정판),<에드윈 르페브르> 저/<박성환> 역,이레미디어,전자책,9791188279 ,경제경영,2023-03-10
7261,불곰의 왕초보 주식투자,"<불곰>,<박선목>,<박종관> 공저",알에이치코리아(RHK),전자책,9788925586 ,경제경영,2023-03-10
7262,터틀 트레이딩,<마이클 코벨> 저/<오인석> 역,이레미디어,전자책,9791188279 ,경제경영,2023-03-10
7263,정치적 올바름에 대하여,"<조던 피터슨>,<스티븐 프라이>,<마이클 에릭 다이슨>,<미셸 골드버그> 공저/<<조은경> 역/<임명묵> 논평",프시케의숲,전자책,9791189336 ,정치/사회,2023-03-10
7264,지극히 사적인 초능력,<장강명> 저,아작(디자인콤마),전자책,9791189015 ,소설,2023-03-10
7265,한나 아렌트의 정치 강의,<이진우> 저,휴머니스트,전자책,9791160802 ,인문/역사,2023-03-10
7266,초등 글쓰기 비밀수업,<권귀헌> 저,서사원,전자책,9791190179 ,가정/생활/요리,2023-03-10
7267,왜 아이에게 그런 말을 했을까,<정재영> 저,웨일북,전자책,9791188248 ,가정/생활/요리,2023-03-10
7268,웃는 얼굴로 구워삶는 기술,"<로버트 치알디니>,<노아 골드스타인>,<스티브 마틴> 공저/<박여진> 역",위즈덤하우스,전자책,9791190182 ,자기계발,2023-03-10
7269,독학은 어떻게 삶의 무기가 되는가,<야마구치 슈> 저/<김지영> 역,메디치미디어,전자책,9791157067 ,인문/역사,2023-03-10
7270,한 그릇 베스트 다이어트 레시피 100,<최희정> 저,비타북스(VITABOOKS),전자책,9791158462 ,가정/생활/요리,2023-03-10
7271,디자이너의 생각법; 시프트,<이상인> 저,가나출판사,전자책,9788957369 ,자기계발,2023-03-10
7272,빵 고르듯 살고 싶다,<임진아> 저,휴머니스트,전자책,9791160802 ,시/에세이,2023-03-10
7273,좋아하는 곳에 살고 있나요?,<최고요> 저,휴머니스트,전자책,9791160802 ,가정/생활/요리,2023-03-10
7274,에어프라이어 119 레시피,<문성실> 저,상상출판,전자책,9791189856 ,가정/생활/요리,2023-03-10
7275,당신들의 기준은 사양하겠습니다,<김나영> 저,와이즈맵,전자책,9791189328 ,자기계발,2023-03-10
7276,왜 칸트인가,<김상환> 저,21세기북스,전자책,9788950982 ,인문/역사,2023-03-10
7277,플라스틱 없는 삶,<윌 맥컬럼> 저/<하인해> 역,북하이브,전자책,9788928645 ,인문/역사,2023-03-10
7278,인공지능 비즈니스 트렌드,<테크니들> 저,와이즈맵,전자책,9791189328 ,경제경영,2023-03-10
7279,색다른 수학의 발견,"<안정미>,<박주호>,<양세린>,<윤성준>,<이서영> 등저",살림Friends,전자책,9788952240 ,과학/공학,2023-03-10
7280,최소한의 밥벌이,<곤도 고타로> 저/<권일영> 역/<하완> 그림/<우석훈> 해제,쌤앤파커스,전자책,9788965708 ,자기계발,2023-03-10
7281,뱀의 뇌에게 말을 걸지 마라,<마크 고울스톤> 저/<황혜숙> 역,타임비즈,전자책,9788963894 ,자기계발,2023-03-10
7282,페미니즘 탐구 생활,<게일 피트먼> 저/<박이은실> 역,사계절,전자책,9791160944 ,인문/역사,2023-03-10
7283,사장을 위한 심리학,<천서우룽> 편저/<홍민경> 역,센시오,전자책,9791196727 ,경제경영,2023-03-10
7284,사랑의 인문학,<주창윤> 저,마음의숲,전자책,9791162850 ,인문/역사,2023-03-10
7285,해러웨이 선언문,<도나 해러웨이> 저/<황희선> 역,책세상,전자책,9791159313 ,인문/역사,2023-03-10
7286,당신의 사랑은 지금 행복한가요?,<기시미 이치로> 저/<오근영> 역,책읽는수요일,전자책,9791188096 ,자기계발,2023-03-10
7287,본격 한중일 세계사 6,<굽시니스트(김선웅)> 저,위즈덤하우스,전자책,9791190305 ,단행본만화,2023-03-10
7288,이은하의 부동산 절세 오늘부터 1일,<이은하> 저,스마트북스,전자책,9791185541 ,경제경영,2023-03-10
7289,어른의 그림책,<황유진> 저,메멘토,전자책,9788998614 ,인문/역사,2023-03-10
7290,나는 초민감자입니다,<주디스 올로프> 저/<최지원> 역,라이팅하우스,전자책,9788998075 ,인문/역사,2023-03-10
7291,자소서 바이블,<면접왕 이형(이준희)> 저,얼라이브북스(alivebooks),전자책,9791196700 ,자기계발,2023-03-10
7292,"아무튼, 예능",<복길> 저,코난북스,전자책,9791160891 ,시/에세이,2023-03-10
7293,제국대학의 조센징,<정종현> 저,휴머니스트,전자책,9791160803 ,인문/역사,2023-03-10
7294,100만 클릭을 부르는 글쓰기,<신익수> 저,생각정거장,전자책,9791164840 ,인문/역사,2023-03-10
7295,질문이 답을 바꾼다,"<앤드루 소벨>,<제럴드 파나스> 공저/<안진환> 역",어크로스,전자책,9788997379 ,자기계발,2023-03-10
7296,말하기 독서법,<김소영> 저,다산에듀,전자책,9791130626 ,가정/생활/요리,2023-03-10
7297,아빠의 첫 돈 공부,<박성현> 저,알에이치코리아(RHK),전자책,9788925587 ,경제경영,2023-03-10
7298,세상은 온통 화학이야,<마이 티 응우옌 킴> 저/<배명자> 역/<김민경> 감수,한국경제신문사(한경비피),전자책,9788947596 ,과학/공학,2023-03-10
7299,한니발,<토머스 해리스> 저/<이창식> 역,나무의철학,전자책,9791158511 ,소설,2023-03-10
7300,줄리언 반스의 아주 사적인 미술 산책,<줄리언 반스> 저/<공진호> 역,다산책방,전자책,9791130626 ,시/에세이,2023-03-10
7301,시장과 가격 쫌 아는 10대,<석혜원> 글/<신병근> 그림,풀빛,전자책,9791161727 ,청소년,2023-03-10
7302,혼자의 가정식,<신미경> 저,뜻밖,전자책,9791189271 ,시/에세이,2023-03-10
7303,어려웠던 경제기사가 술술 읽힙니다,<박지수> 저,메이트북스,전자책,9791160027 ,경제경영,2023-03-10
7304,빨강 머리 앤,<루시 모드 몽고메리> 저/<고정아> 역,윌북(willbook),전자책,9791155812 ,소설,2023-03-10
7305,헬스의 정석 : 이론편 (2019 개정판),<수피> 저,한문화,전자책,9788956993 ,건강/의학,2023-03-10
7306,1일 5분 정리 수납 정돈법,<가지가야 요코> 저/<김수정> 역,즐거운상상,전자책,9791155361 ,가정/생활/요리,2023-03-10
7307,소란한 감정에 대처하는 자세,<조우관> 저,빌리버튼,전자책,9791188545 ,인문/역사,2023-03-10
7308,나의 첫 금리공부,<염상훈> 저,원앤원북스,전자책,9791170430 ,경제경영,2023-03-10
7309,아주 작은 목표의 힘,<고다마 미쓰오> 저/<정미애> 역,스몰빅라이프,전자책,9791187165 ,자기계발,2023-03-10
7310,이별의 푸가,<김진영> 저,한겨레출판,전자책,9791160403 ,시/에세이,2023-03-10
7311,지구를 살리는 기발한 물건 10,<박경화> 저,한겨레출판,전자책,9791160403 ,청소년,2023-03-10
7312,하룻밤에 읽는 한국사 (개정증보판),<최용범> 저,페이퍼로드,전자책,9791196793 ,인문/역사,2023-03-10
7313,하룻밤에 읽는 한국 근현대사 (개정판),"<최용범>,<이우형> 저",페이퍼로드,전자책,9791196793 ,인문/역사,2023-03-10
7314,아무도 들어오지 마시오,<최나미> 저,사계절,전자책,9791160945 ,청소년,2023-03-10
7315,호사카 유지의 일본 뒤집기,<호사카 유지> 저,북스코리아,전자책,9791189353 ,정치/사회,2023-03-10
7316,참 서툰 사람들,<박광수> 저,갤리온,전자책,9788901091 ,시/에세이,2023-03-10
7317,믿는 만큼 자라는 아이들,<박혜란> 저,나무를심는사람들,전자책,9791190275 ,가정/생활/요리,2023-03-10
7318,노자 도덕경,<노자> 저/<김원중> 역,휴머니스트,전자책,9791160802 ,인문/역사,2023-03-10
7319,딥러닝 레볼루션,<테런스 J. 세즈노스키> 저/<권정민> 감수/<안진환> 역,한국경제신문사(한경비피),전자책,9788947597 ,경제경영,2023-03-10
7320,편집디자인 강의 with 인디자인 (개정판),<황지완> 저,한빛미디어,전자책,9791162248 ,IT/프로그래밍,2023-03-10
7321,슬픔이여 안녕,<프랑수아즈 사강> 저/<김남주> 역,arte(아르테),전자책,9788950984 ,소설,2023-03-10
7322,아무것도 아닌 지금은 없다,<글배우> 저,쌤앤파커스,전자책,9788965705 ,시/에세이,2023-03-10
7323,신곡,<단테 알리기에리> 저/<귀스타브 도레> 그림/<서상원> 역,스타북스,전자책,9791157954 ,소설,2023-03-10
7324,아이의 공부 태도가 바뀌는 하루 한 줄 인문학,<김종원> 저,청림Life,전자책,9791188700 ,가정/생활/요리,2023-03-10
7325,질문이 멈춰지면 스스로 답이 된다,<원제> 저,불광출판사,전자책,9788974797 ,인문/역사,2023-03-10
7326,마블이 설계한 사소하고 위대한 과학,<세바스찬 알바라도> 저/<박지웅> 역,하이픈,전자책,9791190149 ,과학/공학,2023-03-10
7327,말랑말랑 동시로 시작하는 초등 인물 한국사,<금해랑> 글/<노성빈> 그림,개암나무,전자책,9788968305 ,유아,2023-03-10
7328,세상 편한 서현이네 유아식판식,<한온유> 저,베가북스,전자책,9791190242 ,가정/생활/요리,2023-03-10
7329,살 빼려고 운동하는 거 아닌데요,<신한슬> 저,휴머니스트,전자책,9791160803 ,시/에세이,2023-03-10
7330,여자는 체력,<박은지(데조로)> 저,메멘토,전자책,9788998614 ,건강/의학,2023-03-10
7331,미래학교,<EBS 미래학교 제작진> 저,그린하우스,전자책,9791190419 ,인문/역사,2023-03-10
7332,굿바이 일본,<김교수> 저,그린하우스,전자책,9791190419 ,정치/사회,2023-03-10
7333,자유의 여신상의 오른발 - 모두를 위한 그림책 22,<데이브 에거스> 글/<숀 해리스> 그림,책빛,전자책,9788962192 ,유아,2023-03-10
7334,인간의 흑역사,<톰 필립스> 저/<홍한결> 역,윌북(willbook),전자책,9791155812 ,인문/역사,2023-03-10
7335,행운에 속지 마라,<나심 니콜라스 탈레브> 저/<이건> 역/<신진오> 감수,중앙북스(books),전자책,9788927808 ,경제경영,2023-03-10
7336,딱히 육아체질은 아니지만,<박나경> 저,청림Life,전자책,9791188700 ,가정/생활/요리,2023-03-10
7337,사람은 무엇으로 사는가(외),<톨스토이> 저/<김진욱> 역,범우사,전자책,9788908032 ,소설,2023-03-10
7338,뉴서울파크 젤리장수 대학살,<조예은> 저,안전가옥,전자책,9791190174 ,소설,2023-03-10
7339,소득의 미래,<이원재> 저,어크로스,전자책,9791190030 ,경제경영,2023-03-10
7340,대전환,<앨프리드 맥코이> 저/<홍지영> 역,사계절,전자책,9791160945 ,정치/사회,2023-03-10
7341,독서모임 꾸리는 법,<원하나> 저,유유,전자책,9791160892 ,인문/역사,2023-03-10
7342,사형에 이르는 병,<구시키 리우> 저/<현정수> 역,에이치,전자책,9791189911 ,소설,2023-03-10
7343,모리스,<E. M. 포스터> 저/<고정아> 역,열린책들,전자책,9788932966 ,소설,2023-03-10
7344,다산이 말한다 인간답게 산다는 것,<다산 정약용> 저/<오세진> 역,홍익출판사,전자책,9788970657 ,인문/역사,2023-03-10
7345,사랑하는 미움들,<김사월> 저,놀,전자책,9791130627 ,시/에세이,2023-03-10
7346,문장의 일,<스탠리 피시> 저/<오수원> 역,윌북(willbook),전자책,9791155812 ,인문/역사,2023-03-10
7347,보고서 작성 실무 강의,<홍장표> 저,한빛미디어,전자책,9791162248 ,IT/프로그래밍,2023-03-10
7348,지워지고 잊혀진 여성독립군열전,<신영란> 저,초록비책공방,전자책,9791186358 ,인문/역사,2023-03-10
7349,홀로 성장하는 시대는 끝났다,<이소영> 저,더메이커,전자책,9791187809 ,자기계발,2023-03-10
7350,이익을 내는 사장들의 12가지 특징,<산조 게야> 저/<김정환> 역,센시오,전자책,9791190356 ,경제경영,2023-03-10
7351,까칠한 조땡의 파워포인트 디자인,<조현석> 저,애드앤미디어,전자책,9791196626 ,IT/프로그래밍,2023-03-10
7352,탈코르셋 : 도래한 상상,<이민경> 저,한겨레출판,전자책,9791160403 ,인문/역사,2023-03-10
7353,인공지능 쫌 아는 10대,<오승현> 저/<방상호> 그림,풀빛,전자책,9791161727 ,청소년,2023-03-10
7354,빈곤,<윤예림> 글/<정문주> 그림,풀빛,전자책,9791161721 ,아동,2023-03-10
7355,타샤의 정원,"<타샤 튜더>,<토바 마틴> 공저/<리처드 브라운> 사진/<공경희> 역",윌북(willbook),전자책,9791155811 ,시/에세이,2023-03-10
7356,워드 파워 메이드 이지 WORD POWER made easy,<노먼 루이스> 저/<강주헌> 역,윌북(willbook),전자책,9791155812 ,국어/외국어,2023-03-10
7357,추운 나라에서 돌아온 스파이,<존 르카레> 저/<김석희> 역,열린책들,전자책,9788932966 ,소설,2023-03-10
7358,리더의 용기,<브레네 브라운> 저/<강주헌> 역,갤리온,전자책,9788901239 ,경제경영,2023-03-10
7359,난 한글에 홀딱 반했어! (토토 생각날개 08),<유다정> 저,토토북,전자책,9788964960 ,아동,2023-03-10
7360,주머니 속의 고래,<이금이> 저,푸른책들,전자책,9791200000000 ,청소년,2023-03-10
7361,인생은 짧고 고양이는 귀엽지,<이용한> 저,위즈덤하우스,전자책,9791190427 ,시/에세이,2023-03-10
7362,여자 주인공만 모른다,<듀나> 저,제우미디어,전자책,9788959528 ,예술/대중문화,2023-03-10
7363,우아한 승부사,<조윤제> 저,21세기북스,전자책,9788950984 ,자기계발,2023-03-10
7364,도어,<서보 머그더> 저/<김보국> 역,프시케의숲,전자책,9791189336 ,소설,2023-03-10
7365,장애학의 도전,<김도현> 저,오월의봄,전자책,9791190422 ,정치/사회,2023-03-10
7366,내 하루도 에세이가 될까요?,<이하루> 저,상상출판,전자책,9791189856 ,시/에세이,2023-03-10
7367,오늘의 SF ＃1,"<김창규>,<김초엽>,<듀나>,<박해울> 등저",arte(아르테),전자책,9788950985 ,소설,2023-03-10
7368,월급쟁이 부자는 없다 (개정증보판),<유비(김수영)> 저,보랏빛소,전자책,9791187856 ,경제경영,2023-03-10
7369,미라클 맵,<엄남미> 저,캐스팅북스,전자책,9791196562 ,자기계발,2023-03-10
7370,미술에게 말을 걸다,<이소영> 저,카시오페아,전자책,9791188674 ,예술/대중문화,2023-03-10
7371,세계 철학사,<한스 요아힘 슈퇴리히 > 저,자음과모음,전자책,9791190000000 ,청소년,2023-03-10
7372,토익파트56 실전문제 문장분석으로 뽑은 VOCA,<Dr. K> 저,유페이퍼,전자책,9791165222 ,국어/외국어,2023-03-10
7373,생각의 좌표,<홍세화> 저,한겨레출판,전자책,9788980000000 ,정치/사회,2023-03-10
7374,너만 모르는 그리움,"<나태주>,<배정애> 저/<슬로우어스> 그림",북로그컴퍼니,전자책,9791190224 ,시/에세이,2023-03-10
7375,회사에서 바로 통하는 엑셀 FOR STARTERS,<전미진> 저,한빛미디어,전자책,9791162248 ,IT/프로그래밍,2023-03-10
7376,욕 좀 하는 이유나 - 노란잠수함 005,<류재향> 글/<이덕화> 그림,위즈덤하우스,전자책,9788962472 ,유아,2023-03-10
7377,기묘한 병 백과,<도밍> 저,위즈덤하우스,전자책,9791190427 ,예술/대중문화,2023-03-10
7378,NCS기반 자기소개서 작성법,<남인우> 저,유페이퍼,전자책,9791163107 ,교재/수험서,2023-03-10
7379,나는 왜 이 일을 하는가,<사이먼 사이넥; 이영민> 저,타임컨텐츠,전자책,9788928617 ,자기계발,2023-03-10
7380,물리학자는 영화에서 과학을 본다,<정재승> 저,어크로스,전자책,9788997379 ,과학/공학,2023-03-10
7381,몫,<최은영> 저/<손은경> 그림,미메시스,전자책,9791155352 ,소설,2023-03-10
7382,부모라면 유대인처럼 하브루타로 교육하라,<전성수> 저,위즈덤하우스,전자책,9791190000000 ,가정/생활/요리,2023-03-10
7383,나의 서툰 위로가 너에게 닿기를,<선미화> 저,시그마북스,전자책,9791190257 ,시/에세이,2023-03-10
7384,함께 사는 다문화 왜 중요할까요?,<홍명진> 저,나무생각,전자책,9788959373 ,유아,2023-03-10
7385,모네,<허나영> 저,arte(아르테),전자책,9788950986 ,인문/역사,2023-03-10
7386,이시원의 영어 대모험 1권,<시원스쿨> 기획/<박시연> 글/<이태영> 그림,아울북,전자책,9788950986 ,아동,2023-03-10
7387,마법의 순간,<파울로 코엘료> 저,자음과모음,전자책,9791190000000 ,시/에세이,2023-03-10
7388,생의 마지막에서 간절히 원하는 것들,<태현정> 등저,메이트북스,전자책,9791160027 ,시/에세이,2023-03-10
7389,연고티비 공부법,<유니브> 저,위즈덤하우스,전자책,9791190630 ,청소년,2023-03-10
7390,2021 NCS 500제,<타임 NCS 연구소> 저,시스컴,전자책,9791162153 ,교재/수험서,2023-03-10
7391,2021 NCS 통합기본서,<타임 NCS 연구소> 저,시스컴,전자책,9791162153 ,교재/수험서,2023-03-10
7392,2020 7일완성 요점상식 1000제,<시사상식연구회> 저,시스컴,전자책,9791162153 ,교재/수험서,2023-03-10
7393,2020 7일완성 금융경제상식,<김성수> 저,시스컴,전자책,9791162153 ,교재/수험서,2023-03-10
7394,하버드 시대의 종말과 학습 혁명,<오강선> 저,클라우드나인,전자책,9791189430 ,인문/역사,2023-03-10
7395,인삼의 세계사,<설혜심> 저,휴머니스트,전자책,9791160803 ,인문/역사,2023-03-10
7396,설득의 논리학 (개정증보판),<김용규> 저,웅진지식하우스,전자책,9788901240 ,인문/역사,2023-03-10
7397,생활법률 상식사전 (10주년 기념 개정판),<김용국> 저,위즈덤하우스,전자책,9791190630 ,정치/사회,2023-03-10
7398,파고다 토익 보카 (개정판),<파고다교육그룹 언어교육연구소> 저,PAGODA Books,전자책,9788962816 ,국어/외국어,2023-03-10
7399,깨끗한 존경,<이슬아> 저,헤엄,전자책,9791196589 ,시/에세이,2023-03-10
7400,너는 다시 태어나려고 기다리고 있어,<이슬아> 저,헤엄,전자책,9791196589 ,시/에세이,2023-03-10
7401,달걀과 닭,<클라리시 리스펙토르> 저/<배수아> 역,봄날의책,전자책,9791186372 ,소설,2023-03-10
7402,이시원의 영어 대모험 2 명사의 단수와 복수,<시원스쿨> 기획/<박시연> 글/<이태영> 그림,아울북,전자책,9788950987 ,아동,2023-03-10
7403,향수,<파트리크 쥐스킨트> 저/<강명순> 역,열린책들,전자책,9788932967 ,소설,2023-03-10
7404,채용담당자가 공개하는 취업면접 합격 기술,<설민준> 저,시대고시기획 시대교육,전자책,9791125471 ,교재/수험서,2023-03-10
7405,서울 아파트 지도,<이재범(핑크팬더)> 저,리더스북,전자책,9788901242 ,경제경영,2023-03-10
7406,취업 승진 합격 논술,<김정엽> 저,글라이더,전자책,9791170410 ,교재/수험서,2023-03-10
7407,논어,<공자> 저/<김원중> 역,휴머니스트,전자책,9791160803 ,인문/역사,2023-03-10
7408,"훔쳐라, 아티스트처럼 (특별판)",<오스틴 클레온> 저/<노진희> 역,중앙북스(books),전자책,9788927811 ,자기계발,2023-03-10
7409,본격 한중일 세계사 7,<굽시니스트> 저,위즈덤하우스,전자책,9791190786 ,인문/역사,2023-03-10
7410,십 년 가게 1,<히로시마 레이코> 글/<사다케 미호> 그림/<이소담> 역,위즈덤하우스,전자책,9791190786 ,유아,2023-03-10
7411,2020 5일 특강 SKCT SK그룹 종합역량검사,<SD적성검사연구소> 편저,시대고시기획 시대교육,전자책,9791125471 ,교재/수험서,2023-03-10
7412,디퍼런트,<문영미> 저/<박세연> 역,살림Biz,전자책,9788952226 ,경제경영,2023-03-10
7413,베토벤,<최은규> 저,arte(아르테),전자책,9788950986 ,인문/역사,2023-03-10
7414,진짜 부자 가짜 부자,<사경인> 저,더클래스,전자책,9791190259 ,경제경영,2023-03-10
7415,"10대, 인생을 바꾸는 진로 수업",<김은희> 저,미다스북스(리틀미다스),전자책,9788966377 ,청소년,2023-03-10
7416,인적성검사 언어 완성,<SD적성검사연구소> 편저,시대고시기획 시대교육,전자책,9791125471 ,교재/수험서,2023-03-10
7417,2020 1day 인적성검사 15일 완성,<SD적성검사연구소> 편저,시대고시기획 시대교육,전자책,9791125471 ,교재/수험서,2023-03-10
7418,트라우마 사전,"<안젤라 애커만>,<베카 푸글리시> 저/<임상훈> 역",윌북(willbook),전자책,9791155812 ,인문/역사,2023-03-10
7419,하루상식,<시사상식연구소> 편저,시대고시기획 시대교육,전자책,9791125471 ,교재/수험서,2023-03-10
7420,스파이의 유산,<존 르카레> 저/<김승욱> 역,열린책들,전자책,9788932967 ,소설,2023-03-10
7421,하루 5분 뇌태교 동화,<정홍> 글/<설찌> 그림/<김영훈> 감수,위즈덤하우스,전자책,9791190786 ,가정/생활/요리,2023-03-10
7422,다시 리더를 생각하다,"<존 맥스웰> 저,<이한이> 역",비즈니스북스,전자책,9791162541 ,경제경영,2023-03-10
7423,2020 Win-Q 화학분석기사 필기 단기완성,<박지은> 편저,시대고시기획 시대교육,전자책,9791125471 ,교재/수험서,2023-03-10
7424,핀란드 사람들은 왜 중고가게에 갈까?,<박현선> 저,헤이북스,전자책,9791188366 ,인문/역사,2023-03-10
7425,오랫동안 내가 싫었습니다,<오카 에리> 저/<다키나미 유카리> 그림/<황국영> 역,휴머니스트,전자책,9791160804 ,시/에세이,2023-03-10
7426,엄마의 죽음은 처음이니까,<권혁란> 저,한겨레출판,전자책,9791160403 ,시/에세이,2023-03-10
7427,한국 정원 기행,<김종길> 저,미래의창,전자책,9788959896 ,인문/역사,2023-03-10
7428,노멀 피플,<샐리 루니> 저/<김희용> 역,arte(아르테),전자책,9788950988 ,소설,2023-03-10
7429,"어셴든, 영국 정보부 요원 - 열린책들 세계문학 251",<서머싯 몸> 저/<이민아> 역,열린책들,전자책,9788932967 ,소설,2023-03-10
7430,2020 통통한 ITㆍ디지털 상식,<SD적성검사연구소> 편저,시대고시기획 시대교육,전자책,9791125471 ,교재/수험서,2023-03-10
7431,트렌드 읽는 습관,"<김선주>,<안현정> 저",좋은습관연구소,전자책,9791196861 ,경제경영,2023-03-10
7432,마리퀴리,<박용기> 저,웅진씽크하우스,전자책,9788901242 ,아동,2023-03-10
7433,천년의 꿈을 담은 평화의 부처님,<김일옥> 글/<구연산> 그림,개암나무,전자책,9788968305 ,유아,2023-03-10
7434,어른들도 진로가 고민입니다: 아직도 우왕좌왕하는 어른들을 위한 진로상담서,<김이준> 저,이담북스(이담Books),전자책,9788926887 ,자기계발,2023-03-10
7435,나는 중국에서 일한다,"<김응삼>,<김민> 등저",이담북스(이담Books),전자책,9788926887 ,자기계발,2023-03-10
7436,별별 일로 잘 먹고삽니다,<강이슬> 저,이담북스(이담Books),전자책,9788926888 ,자기계발,2023-03-10
7437,"하루 10분, 구글 영어의 힘",<윤승원> 저,이담북스(이담Books),전자책,9788926896 ,아동,2023-03-10
7438,"나는 캐나다에서 일한다 : 더 나은 삶을 향한 한 가장의 해외 취업, 이민 생존기",<이홍구> 저,이담북스(이담Books),전자책,9788926896 ,자기계발,2023-03-10
7439,2020 신재생에너지발전설비기사(태양광) 필기 한권으로 끝내기,"<백국현>,<김태우> 공편저",시대고시기획 시대교육,전자책,9791125472 ,교재/수험서,2023-03-10
7440,돈워리스쿨,"<정현두>,<SBS [돈워리스쿨] 제작팀>,<이상미>,<임현수>,<하현종> 저",알에이치코리아(RHK),전자책,9788925588 ,경제경영,2023-03-10
7441,나쁜 교육,"<조너선 하이트>,<그레그 루키아노프> 저/<왕수민> 역",프시케의숲,전자책,9791189336 ,정치/사회,2023-03-10
7442,십 년 가게 2,<히로시마 레이코> 글/<사다케 미호> 그림/<이소담> 역,위즈덤하우스,전자책,9791190786 ,아동,2023-03-10
7443,현직교사가 알려 주는 대입 자기소개서의 정석,<정구복> 저,메이킹북스,전자책,9791197006 ,교재/수험서,2023-03-10
7444,2020 공사공단 NCS 직업기초능력평가 업무협력ㆍ지원직,<NCS직무능력연구소> 편저,시대고시기획 시대교육,전자책,9791125473 ,교재/수험서,2023-03-10
7445,2020 하루 18문제로 18일 만에 끝내는 NCS,<NCS직무능력연구소> 편저,시대고시기획 시대교육,전자책,9791125473 ,교재/수험서,2023-03-10
7446,2020 공사공단(공기업) 인·적성검사 통합편 기출유형공략,<SD적성검사연구소> 편저,시대고시기획 시대교육,전자책,9791125475 ,교재/수험서,2023-03-10
7447,또 이유가 있어서 멸종했습니다 : 고생대에서 현대까지,"<마루야마 다카시> 글/<사토 마사노리> 외 그림/<이마이즈미 다다아키 >,<백두성> 감수/<허영은> 역",위즈덤하우스,전자책,9791190786 ,유아,2023-03-10
7448,"야, 너도 갈 수 있어! 외국계 기업",<Joey Seo> 저,시대고시기획 시대교육,전자책,9791125474 ,교재/수험서,2023-03-10
7449,산책,<다니엘 살미에리> 글그림/<이순영 > 역,북극곰,전자책,9791165880 ,유아,2023-03-10
7450,설득의 12가지 법칙,<김시래> 저,웅진지식하우스,전자책,9788901243 ,자기계발,2023-03-10
7451,2020 NCS 공사공단 공기업 전공필기 기계직 필수이론 600제,<홍순규> 편저,시대고시기획 시대교육,전자책,9791125476 ,교재/수험서,2023-03-10
7452,300문제로 끝내는 토익 LC,"<Michael A. Putlack>,<Stephen Poirier>,<Tony Covello>,<다락원 토익 연구소> 저",다락원,전자책,9788927758 ,국어/외국어,2023-03-10
7453,300문제로 끝내는 토익 RC,"<Michael A. Putlack>,<Stephen Poirier>,<Tony Covello>,<다락원 토익 연구소> 저",다락원,전자책,9788927758 ,국어/외국어,2023-03-10
7454,윤동주를 읽다,<전국국어교사모임> 저,휴머니스트,전자책,9791160804 ,청소년,2023-03-10
7455,통찰과 역설,<천공> 저,마음서재,전자책,9791165341 ,자기계발,2023-03-10
7456,"50, 우아한 근육",<이민숙> 저,꿈의지도,전자책,9791189469 ,자기계발,2023-03-10
7457,슬픔의 위로,<메건 더바인> 저/<김난령> 역,반니,전자책,9791190467 ,인문/역사,2023-03-10
7458,소년을 위한 재판,<심재광> 저,공명,전자책,9788997870 ,정치/사회,2023-03-10
7459,2021 NCS 국가직무능력표준시험 : 고졸채용,<타임 NCS 연구소> 저,시스컴,전자책,9791162155 ,교재/수험서,2023-03-10
7460,본격 한중일 세계사 8,<굽시니스트> 저,위즈덤하우스,전자책,9791190908 ,인문/역사,2023-03-10
7461,2021 한국사능력검정시험 심화대비 기출백서,<한국사능력검정 연구회> 저,시스컴,전자책,9791162155 ,교재/수험서,2023-03-10
7462,내 이름은 264,<고은주> 글/<김우현> 그림,아이들판,전자책,9788957340 ,유아,2023-03-10
7463,"떴다, 초원 빌라",<이나영> 글/<심윤정> 그림,개암나무,전자책,9788968305 ,유아,2023-03-10
7464,행복한 사람은 있는 것을 사랑하고 불행한 사람은 없는 것을 사랑한다,<레지나 브렛> 저/<박현영> 역,스몰빅라이프,전자책,9791187165 ,자기계발,2023-03-10
7465,3 2 1,<마리 칸스타 욘센> 글그림/<손화수> 역,책빛,전자책,9788962193 ,유아,2023-03-10
7466,아빠한테 물어보렴,<다비드 칼리> 글/<노에미 볼라> 그림/<황연재> 역,책빛,전자책,9788962193 ,유아,2023-03-10
7467,동의,<레이첼 브라이언> 글/<노지양> 역,아울북,전자책,9788950989 ,유아,2023-03-10
7468,2020 최신판 NCS 자료해석 연습노트 200제,<NCS직무능력연구소> 편저,시대고시기획 시대교육,전자책,9791125477 ,교재/수험서,2023-03-10
7469,2020 최신판 NCS 수리능력(자료해석) in PSAT,<김현철> 편저,시대고시기획 시대교육,전자책,9791125477 ,교재/수험서,2023-03-10
7470,2020 최신판 시설공단/도시공사 NCS 필기시험 통합편,<NCS직무능력연구소> 편저,시대고시기획 시대교육,전자책,9791125477 ,교재/수험서,2023-03-10
7471,이놈 할아버지와 쫄보 초딩의 무덤 사수 대작전,<최유정> 글/<임미란> 그림,리틀씨앤톡,전자책,9788960986 ,유아,2023-03-10
7472,마스터리의 법칙,<로버트 그린> 저/<이수경> 역,살림Biz,전자책,9788952226 ,자기계발,2023-03-10
7473,2020 최신판 NCS 문제해결능력 in PSAT,<김현철> 편저,시대고시기획 시대교육,전자책,9791125477 ,교재/수험서,2023-03-10
7474,주가 급등 사유 없음,<장지웅> 저,(주)이상미디랩,전자책,9791197074 ,경제경영,2023-03-10
7475,헤세,<정여울> 저,arte(아르테),전자책,9788950991 ,인문/역사,2023-03-10
7476,2021 5일 완성 유기농업기능사,<최박사 국가기술자격연구팀> 편저,시대고시기획 시대교육,전자책,9791125477 ,교재/수험서,2023-03-10
7477,쇼리,<옥타비아 버틀러> 저/<박설영> 역,프시케의숲,전자책,9791189336 ,소설,2023-03-10
7478,주린이도 술술 읽는 친절한 주식책,"<최정희>,<이슬기> 저",메이트북스,전자책,9791160027 ,경제경영,2023-03-10
7479,제가 한번 읽어보겠습니다,<한승혜> 저,바틀비,전자책,9791197092 ,인문/역사,2023-03-10
7480,2021 Win-Q 전자캐드기능사 필기 단기완성,"<정도건>,<이희준> 공편저",시대고시기획 시대교육,전자책,9791125478 ,교재/수험서,2023-03-10
7481,7일속성 취업 일반상식,<시사상식연구소> 편저,시대고시기획 시대교육,전자책,9791125478 ,교재/수험서,2023-03-10
7482,미국주식이 답이다 2021,"<이항영>,<이승원>,<장우석> 저",예문,전자책,9788956593 ,경제경영,2023-03-10
7483,오늘만큼은 내 편이 되어주기로 했다,<권민창> 저,스튜디오오드리,전자책,9791197023 ,시/에세이,2023-03-10
7484,"에듀테크 FOR 클래스룸 : 한 권으로 끝내는 원격교육, 온라인 수업 도구의 모든 것","<박찬>,<김병석>,<전수연>,<전은경>,<진성임>,<정선재>,<강윤진>,<변문경> 저",다빈치books,전자책,9791186742 ,인문/역사,2023-03-10
7485,여덟 단어,<박웅현> 저,북하우스,전자책,9788956056 ,인문/역사,2023-03-10
7486,영어책 1천 권의 힘,<강은미> 저,유노라이프,전자책,9791196997 ,가정/생활/요리,2023-03-10
7487,구글 클래스룸 수업,<앤미디어> 저,성안당,전자책,9788931596 ,IT/프로그래밍,2023-03-10
7488,[단독] 부자들의 습관 버티는 기술,<김광주> 저,솔로몬박스,전자책,9791196625 ,경제경영,2023-03-10
7489,한나의 저탄수화물 홈 베이킹,<한나> 저,북드림,전자책,9791197022 ,가정/생활/요리,2023-03-10
7490,더 터치,"<킨포크>,<놈 아키텍츠> 공저/<박여진> 역",윌북(willbook),전자책,9791155812 ,예술/대중문화,2023-03-10
7491,숫자에 약한 사람들을 위한 통계학 수업,"<데이비드 스피겔할터> 저/<권혜승>,<김영훈> 공역",웅진지식하우스,전자책,9788901245 ,과학/공학,2023-03-10
7492,세계사를 바꾼 15번의 무역전쟁,"<자오타오>,<류후이> 공저/<박찬철> 역",위즈덤하우스,전자책,9791190908 ,인문/역사,2023-03-10
7493,처음부터 시작하는 어션영어의 진짜 기초영어,<어션> 저,동양북스(동양books),전자책,9791157686 ,국어/외국어,2023-03-10
7494,채용담당자가 공개하는 AI면접 합격 기술,<설민준> 저,시대고시기획 시대교육,전자책,9791125480 ,교재/수험서,2023-03-10
7495,사물에게 배웁니다,<임진아> 저,휴머니스트,전자책,9791160804 ,시/에세이,2023-03-10
7496,대한민국 부동산 전쟁,"<고종완>,<권대중> 등저",매일경제신문사,전자책,9791164841 ,경제경영,2023-03-10
7497,물건 말고 당신을 팔아라,<후지무라 마사히로> 저/<윤선해> 역,황소자리,전자책,9791185093 ,경제경영,2023-03-10
7498,당신은 타인을 바꿀 수 없다,"<코르넬리아 슈바르츠>,<슈테판 슈바르츠> 저/<서유리> 역",동양북스(동양books),전자책,9791157686 ,인문/역사,2023-03-10
7499,미니멀라이프 부엌 사용법,<주부의벗사> 저/<김수정> 역,즐거운상상,전자책,9791155361 ,가정/생활/요리,2023-03-10
7500,"일단, 성교육을 합니다",<인티 차베스 페레즈> 저/<이세진> 역/<노하연> 감수,문예출판사,전자책,9788931021 ,인문/역사,2023-03-10
7501,"오, 사랑",<조우리> 저,사계절,전자책,9791160945 ,청소년,2023-03-10
7502,좋은 사람에게만 좋은 사람이면 돼,<김재식> 저,위즈덤하우스,전자책,9791190908 ,시/에세이,2023-03-10
7503,십 년 가게 3,<히로시마 레이코> 글/<사다케 미호> 그림/<이소담> 역,위즈덤하우스,전자책,9791190908 ,유아,2023-03-10
7504,나도 나를 어쩌지 못할 때,<캐빈 브래독> 저/<허윤정> 역/<정우열> 감수,중앙북스(books),전자책,9788927811 ,인문/역사,2023-03-10
7505,나는 무조건 성공하는 사업만 한다,<애덤 데이비드슨> 저/<정미나> 역,비즈니스북스,전자책,9791162541 ,경제경영,2023-03-10
7506,2021 조경기능사 필기 한권으로 끝내기,<최광희> 저,시대고시기획 시대교육,전자책,9791125478 ,교재/수험서,2023-03-10
7507,알코올과 작가들,"<그렉 클라크>,<몬티 보챔프> 저/<이재욱> 역",을유문화사,전자책,9788932421 ,인문/역사,2023-03-10
7508,남자답게? 여자답게? 그냥 나답게 할래요!,"<최형미>,<이향> 글/<박선하> 그림",팜파스,전자책,9791170263 ,아동,2023-03-10
7509,50의 품격은 말투로 완성된다,<김범준> 저,유영,전자책,9791130631 ,자기계발,2023-03-10
7510,자유로부터의 도피,<에리히 프롬> 저/<김석희> 역,휴머니스트,전자책,9791160804 ,인문/역사,2023-03-10
7511,디지털 마케터로 일하고 있습니다,<레드펭권> 저,천그루숲,전자책,9791188348 ,경제경영,2023-03-10
7512,진주의 한 그릇 키토식,<진주> 저,경향비피,전자책,9788969524 ,가정/생활/요리,2023-03-10
7513,험블 파이,<매트 파커> 저/<이경민> 역,다산사이언스,전자책,9791130631 ,과학/공학,2023-03-10
7514,태도 수업,<한재우> 저,다산초당,전자책,9791130631 ,인문/역사,2023-03-10
7515,포스트잇처럼 가볍게 살고 싶어,<호사> 저,허밍버드,전자책,9788968332 ,시/에세이,2023-03-10
7516,하루 10분의 기적 초등 패턴 글쓰기,<남낙현> 저,청림Life,전자책,9791188700 ,가정/생활/요리,2023-03-10
7517,2020 과락을 피하는 법 직업상담사 2급 직업상담실무 2차 실기,"<직업상담연구소>,<이용석> 공편저",시대고시기획 시대교육,전자책,9791125475 ,교재/수험서,2023-03-10
7518,당신이 20대 어느날 ‘무능력자’가 되어버린 이유,<안추상적> 저,유페이퍼,전자책,9791166122 ,자기계발,2023-03-10
7519,피지컬갤러리의 하루 5분 내 몸 관리법(대한민국 1등 건강 유튜브 200만 채널),<라이프에이드> 저,시간과공간사,전자책,9791190818 ,건강/의학,2023-03-10
7520,"[단독] 50, 나는 태도를 바꾸기로 했다",<박성만> 저,빌리버튼,전자책,9791188545 ,인문/역사,2023-03-10
7521,"컬렉터, 역사를 수집하다",<박건호> 저,휴머니스트,전자책,9791160804 ,인문/역사,2023-03-10
7522,관계에도 연습이 필요합니다,<박상미> 저,웅진지식하우스,전자책,9788901245 ,인문/역사,2023-03-10
7523,독립생활보다 시간독립부터 먼저 하셔야겠습니다,<이영직> 저,스마트비즈니스,전자책,9791163430 ,자기계발,2023-03-10
7524,2021 Win-Q 측량기능사 필기 단기완성,<최광희> 저,시대고시기획 시대교육,전자책,9791125481 ,교재/수험서,2023-03-10
7525,2021 무료 동영상이 있는 Win-Q 전산응용기계제도기능사 필기 단기완성,<홍순규> 저,시대고시기획 시대교육,전자책,9791125481 ,교재/수험서,2023-03-10
7526,내 생애 가장 큰 축복,<성석제> 저,샘터,전자책,9788946473 ,소설,2023-03-10
7527,진짜 중국어,"<성구현>,<진준> 공저",PAGODA Books,전자책,9788962816 ,국어/외국어,2023-03-10
7528,규칙 없음,"<리드 헤이스팅스>,<에린 마이어> 저/<이경남> 역",알에이치코리아(RHK),전자책,9788925515 ,경제경영,2023-03-10
7529,우리 아이가 말이 늦어요,<서유리> 저,카시오페아,전자책,9791190776 ,가정/생활/요리,2023-03-10
7530,진작 아이한테 이렇게 했더라면,<안정희> 저,카시오페아,전자책,9791190776 ,가정/생활/요리,2023-03-10
7531,라스트 캠페인,<서스턴 클라크> 저/<박상현> 역,모던아카이브,전자책,9791187056 ,정치/사회,2023-03-10
7532,투자의 태도,<곽상준(증시각도기)> 저,위너스북,전자책,9791189352 ,경제경영,2023-03-10
7533,나와 당신의 작은 공항,<안바다> 저,푸른숲,전자책,9791156758 ,시/에세이,2023-03-10
7534,모바일 미래보고서 2021,<커넥팅랩> 저,비즈니스북스,전자책,9791162541 ,경제경영,2023-03-10
7535,승화,<배철현> 저,21세기북스,전자책,9788950991 ,자기계발,2023-03-10
7536,멀쩡한 어른 되긴 글렀군,<최고운> 저,위즈덤하우스,전자책,9791191119 ,시/에세이,2023-03-10
7537,"어느 날, 마음이 불행하다고 말했다",<손미나> 저,위즈덤하우스,전자책,9791191119 ,시/에세이,2023-03-10
7538,하루 10분 인문학,"<이준형>,<지일주> 저/<인문학 유치원> 해설",나무의철학,전자책,9791158511 ,인문/역사,2023-03-10
7539,내 청약통장 사용설명서,<눈을떠요> 저,세이지(世利知),전자책,9791189797 ,경제경영,2023-03-10
7540,잘 쉬는 기술,<클라우디아 해먼드> 저/<오수원> 역,웅진지식하우스,전자책,9788901245 ,자기계발,2023-03-10
7541,돈말글,<정은길> 저,한국경제신문사(한경비피),전자책,9788947597 ,시/에세이,2023-03-10
7542,1미터 개인의 간격,<홍대선> 저,추수밭,전자책,9791155401 ,인문/역사,2023-03-10
7543,숲과 별이 만날 때,<글렌디 밴더라> 저/<한원희> 역,걷는나무,전자책,9788901245 ,소설,2023-03-10
7544,내가 예민한 게 아니라 네가 너무한 거야,<유은정> 저,성안당,전자책,9788931596 ,자기계발,2023-03-10
7545,초등 감정 연습,<박태연> 저,유노라이프,전자책,9791191104 ,가정/생활/요리,2023-03-10
7546,집밥이 편해지는 명랑쌤 비법 밑반찬,<이혜원(명랑쌤) 저 > 저,레시피팩토리(단행),전자책,9791185473 ,가정/생활/요리,2023-03-10
7547,"책, 이게 뭐라고",<장강명> 저,arte(아르테),전자책,9788950992 ,시/에세이,2023-03-10
7548,쓰레기 거절하기,<산드라 크라우트바슐> 저/<박종대> 역,양철북,전자책,9788963723 ,인문/역사,2023-03-10
7549,[단독] 정부가 집값을 안 잡는 이유,<윤세경> 저,이레퍼블리싱,전자책,9791197180 ,경제경영,2023-03-10
7550,1분 과학,<이재범> 저/<최준석> 그림,위즈덤하우스,전자책,9791191119 ,과학/공학,2023-03-10
7551,공자의 마지막 공부,<김승호> 저,다산초당,전자책,9791130631 ,인문/역사,2023-03-10
7552,[단독] 사소해서 물어보지 못했지만 궁금했던 이야기,<사물궁이 잡학지식> 저,arte(아르테),전자책,9788950992 ,과학/공학,2023-03-10
7553,왕진 가방 속의 페미니즘,<추혜인> 저,심플라이프,전자책,9791186757 ,시/에세이,2023-03-10
7554,우주를 만지다,<권재술> 저,특별한서재,전자책,9791188912 ,과학/공학,2023-03-10
7555,모두에게 사랑받을 필요는 없다,<웨인 다이어> 저/<장원철> 역,스몰빅라이프,전자책,9791187165 ,자기계발,2023-03-10
7556,파는 사람들,<파는 사람들> 저,북스톤,전자책,9791187289 ,경제경영,2023-03-10
7557,부와 투자의 비밀,<김도정> 저,메이트북스,전자책,9791160027 ,경제경영,2023-03-10
7558,백만장자의 아주 작은 성공 습관,<딘 그라지오시> 저/<권은현> 역,갤리온,전자책,9788901246 ,자기계발,2023-03-10
7559,덧없는 꽃의 삶,<피오나 스태퍼드> 저/<강경이> 역,클,전자책,9791190555 ,인문/역사,2023-03-10
7560,나에게도 좋은 사람이 될게요,<전아론> 저,가나출판사,전자책,9788957363 ,시/에세이,2023-03-10
7561,주식 부자 프로젝트,<채상욱> 저,비에이블,전자책,9791190931 ,경제경영,2023-03-10
7562,아이를 위한 감정의 온도,<한성범> 저,포르체,전자책,9791197187 ,가정/생활/요리,2023-03-10
7563,걸어 다니는 어원 사전,<마크 포사이스> 저/<홍한결> 역,윌북(willbook),전자책,9791155813 ,인문/역사,2023-03-10
7564,좌파 고양이를 부탁해,<김봄> 저,걷는사람,전자책,9791189128 ,시/에세이,2023-03-10
7565,기적의 콘텐츠 영어 수업,<이해성> 저,다산북스,전자책,9791130631 ,가정/생활/요리,2023-03-10
7566,"하루 한 편, 세상에서 가장 짧은 명작 읽기 1",<송정림> 저,위즈덤하우스,전자책,9791191119 ,인문/역사,2023-03-10
7567,초등 엄마 관계 특강,<이미애(샤론코치)> 저,물주는아이,전자책,9788968332 ,가정/생활/요리,2023-03-10
7568,CHANGE 9 (체인지 나인),<최재붕> 저,쌤앤파커스,전자책,9791165342 ,경제경영,2023-03-10
7569,인생을 바꾸는 90초,<조앤 I. 로젠버그> 저/<박선령> 역,한국경제신문사(한경비피),전자책,9788947597 ,자기계발,2023-03-10
7570,트렌드 코리아 2021,"<김난도>,<전미영> 등저",미래의창,전자책,9788959896 ,경제경영,2023-03-10
7571,어른들의 거짓된 삶,<엘레나 페란테> 저/<김지우> 역,한길사,전자책,9788935673 ,소설,2023-03-10
7572,아무나 쉽게 따라하는 인스타그램 마케팅,<황규진> 저,원앤원북스,전자책,9791170431 ,경제경영,2023-03-10
7573,그라운드 업,"<하워드 슐츠>,<조앤 고든> 저/<안기순> 역",행복한북클럽,전자책,9791189969 ,경제경영,2023-03-10
7574,세계미래보고서 2021 (포스트 코로나 특별판),"<박영숙>,<제롬 글렌> 공저",비즈니스북스,전자책,9791162541 ,경제경영,2023-03-10
7575,이만하면 괜찮은 죽음,<데이비드 재럿> 저/<김율희> 역,윌북(willbook),전자책,9791155813 ,인문/역사,2023-03-10
7576,아이를 위한 하루 한 줄 인문학 유럽 문화예술 편,<김종원> 저,청림Life,전자책,9791188700 ,가정/생활/요리,2023-03-10
7577,떠난 후에 남겨진 것들,"<김새별>,<전애원> 공저",청림출판,전자책,9788935213 ,시/에세이,2023-03-10
7578,행복한 비밀 하나,<박성배> 저,푸른책들,전자책,9788960000000 ,유아,2023-03-10
7579,픽스호크 드론의 정석,"<공현철>,<한기남>,<김지연>,<서동훈> 공저/<홍종만> 그림",성안당,전자책,9788931596 ,IT/프로그래밍,2023-03-10
7580,그리고 여자들은 침묵하지 않았다,<크리스티나 달처> 저/<고유경> 역,다산책방,전자책,9791130628 ,소설,2023-03-10
7581,부동산 공화국 경제사,<전강수> 저,여문책,전자책,9791160892 ,정치/사회,2023-03-10
7582,기억 1,<베르나르 베르베르> 저/<전미연> 역,열린책들,전자책,9788932967 ,소설,2023-03-10
7583,기억 2,<베르나르 베르베르> 저/<전미연> 역,열린책들,전자책,9788932967 ,소설,2023-03-10
7584,선택받지 못한 개의 일생,"<신소윤>,<김지숙> 저",다산북스,전자책,9791130629 ,정치/사회,2023-03-10
7585,역사의 끝까지,<루이스 세풀베다> 저/<엄지영> 역,열린책들,전자책,9788932967 ,소설,2023-03-10
7586,현대 정치철학의 네 가지 흐름,<한국철학사상연구회> 저,에디투스,전자책,9791197004 ,인문/역사,2023-03-10
7587,"단지 흑인이라서, 다른 이유는 없다",<제임스 볼드윈> 저/<박다솜> 역,열린책들,전자책,9788932967 ,시/에세이,2023-03-10
7588,올랜도,<버지니아 울프> 저/<이미애> 역,열린책들,전자책,9788932967 ,소설,2023-03-10
7589,이래도 위탁판매가 어려워요?,<마작가(마형민)> 저,페스트북,전자책,9791197041 ,경제경영,2023-03-10
7590,중국 군벌 전쟁,<권성욱> 저,미지북스,전자책,9791190498 ,인문/역사,2023-03-10
7591,1일 3분 1회계,"<김수헌>,<이재홍> 저",어바웃어북,전자책,9791187150 ,경제경영,2023-03-10
7592,디어 에드워드,<앤 나폴리타노> 저/<공경희> 역,쌤앤파커스,전자책,9791165342 ,소설,2023-03-10
7593,넷플릭스 인사이트,<이호수> 저,21세기북스,전자책,9788950991 ,경제경영,2023-03-10
7594,아버지의 사과 편지,<이브 엔슬러> 저/<김은령> 역/<은유> 해제,심심,전자책,9791156758 ,인문/역사,2023-03-10
7595,그림책으로 읽는 감정 수업,<송귀예> 저,빌리버튼,전자책,9791188545 ,인문/역사,2023-03-10
7596,주식 터닝포인트 잡기 매뉴얼,<장환철> 저,유페이퍼,전자책,9791166121 ,경제경영,2023-03-10
7597,오늘도 흔들리는 중입니다,<이재영> 저,흐름출판,전자책,9788965963 ,시/에세이,2023-03-10
7598,이별의 수법,<와카타케 나나미> 저/<문승준> 역,내친구의서재,전자책,9791197103 ,소설,2023-03-10
7599,마흔의 인문학 살롱,<우재> 저,카시오페아,전자책,9791190776 ,인문/역사,2023-03-10
7600,허팝만 따라 해봐! 유튜브 정석,"<허팝>,<안정기> 공저",한빛미디어,전자책,9791162247 ,IT/프로그래밍,2023-03-10
7601,난생처음 북클럽,"<패멀라 폴>,<마리아 루소> 공저/<김선희> 역",윌북(willbook),전자책,9791155812 ,가정/생활/요리,2023-03-10
7602,상위 1%만 알고 있는 돈 버는 지식산업센터,<김성혜> 저,라온북,전자책,9791190820 ,경제경영,2023-03-10
7603,"안녕, 우리들의 반려동물",<강성일> 저,시대인,전자책,9791125479 ,여행/취미,2023-03-10
7604,검사의 대화법,<양중진> 저,미래의창,전자책,9788959896 ,자기계발,2023-03-10
7605,프리콘,<김종훈> 저,MID 엠아이디,전자책,9791190116 ,경제경영,2023-03-10
7606,딱 1년만 옷 안 사고 살아보기,<임다혜(풍백)> 저,잇콘,전자책,9791196630 ,자기계발,2023-03-10
7607,살인은 여자의 일,<고이즈미 기미코> 저/<김도일> 역,허클베리북스,전자책,9791190933 ,소설,2023-03-10
7608,경영자가 알아야 할 문제해결의 모든것 아마존에서 배워라,<사토 마사유키> 저/<황혜숙> 역,센시오,전자책,9791190356 ,경제경영,2023-03-10
7609,여전히 헤엄치는 중이지만,<우혜림> 저,한겨레출판,전자책,9791160404 ,시/에세이,2023-03-10
7610,단단한 강화학습,"<리처드 서튼>,<앤드류 바르토> 공저/<김성우> 역",제이펍,전자책,9791190665 ,IT/프로그래밍,2023-03-10
7611,초역 다빈치 노트,<사쿠라가와 다빈치> 저/<김윤경> 역,한국경제신문사(한경비피),전자책,9788947597 ,자기계발,2023-03-10
7612,인문학 리스타트,<박영규> 저,웅진지식하우스,전자책,9788901245 ,인문/역사,2023-03-10
7613,누구에게나 숨겨진 마음이 있다,<장정은> 저,꿈꾸는인생,전자책,9791191018 ,인문/역사,2023-03-10
7614,오스만 제국 찬란한 600년의 기록,<오가사와라 히로유키 > 저/<노경아> 역,까치(까치글방),전자책,9788972917 ,인문/역사,2023-03-10
7615,이효석문학상 수상작품집 2020,"<최윤>,<김금희>,<박민정>,<박상영>,<신주희>,<최진영>,<장은진> 공저",생각정거장,전자책,9791164841 ,소설,2023-03-10
7616,예술의 쓸모,<강은진> 저,다산초당,전자책,9791130631 ,인문/역사,2023-03-10
7617,"인디자인CC 책 한 권 뚝딱 만들기, 편집 디자인 실무",<박영희> 저,봄날에,전자책,9791196520 ,IT/프로그래밍,2023-03-10
7618,코로나 0년 초회복의 시작,"<LAB2050> 기획/<이원재>,<최영준> 등저",어크로스,전자책,9791190030 ,정치/사회,2023-03-10
7619,일상을 바꾼 14가지 약 이야기,<송은호> 저,카시오페아,전자책,9791190776 ,건강/의학,2023-03-10
7620,"불안할 때, 심리학",<도리스 볼프> 저/<장혜경> 역,생각의날개,전자책,9791185428 ,인문/역사,2023-03-10
7621,남자는 우울하면 안 되나요,<로티미 아킨세테> 저/<이지혜> 역,생각의날개,전자책,9791185428 ,자기계발,2023-03-10
7622,일이 편해지는 TO DO LIST 250,<호리 마사타케> 저/<황세정> 역,꼼지락,전자책,9788954445 ,자기계발,2023-03-10
7623,90년생이 사무실에 들어오셨습니다,<김현정> 저,자음과모음,전자책,9788954445 ,자기계발,2023-03-10
7624,알아두면 쓸 데 있는 新 잡학상식,편집부 편,온스토리,전자책,9788998934 ,인문/역사,2023-03-10
7625,공간의 심리학,<발터 슈미트> 저/<문항심> 역,반니,전자책,9791190467 ,인문/역사,2023-03-10
7626,"리더십, 문을 열다",<이창준> 저,플랜비디자인,전자책,9791189580 ,자기계발,2023-03-10
7627,BEFORE 비포,<안나 토드> 저/<강효준> 역,콤마,전자책,9791188253 ,소설,2023-03-10
7628,코로나가 시장을 바꾼다,<이준영> 저,21세기북스,전자책,9788950991 ,경제경영,2023-03-10
7629,하루키는 이렇게 쓴다,<나카무라 구니오> 저/<이현욱> 역,밀리언서재,전자책,9791197051 ,자기계발,2023-03-10
7630,블리츠스케일링,"<리드 호프먼>,<크리스 예> 저/<이영래> 역",쌤앤파커스,전자책,9791165342 ,경제경영,2023-03-10
7631,우아하게 이기는 여자,<윤여순> 저,비즈니스북스,전자책,9791162541 ,자기계발,2023-03-10
7632,너무 과한데 만족을 모르는,"<메리 트럼프> 저/<문수혜>,<조율리> 역",다산북스,전자책,9791130631 ,정치/사회,2023-03-10
7633,살아가는 데 가장 많이 써먹는 심리학,<지루징> 저/<정유희> 역,센시오,전자책,9791190356 ,자기계발,2023-03-10
7634,금리를 알면 부의 미래가 보인다,<장태민> 저,메이트북스,전자책,9791160027 ,경제경영,2023-03-10
7635,만화로 즐기는 논어 1,<공자> 저/<왕위지> 그림/<이준구> 편저,스타북스,전자책,9791157955 ,인문/역사,2023-03-10
7636,만화로 즐기는 논어 2,<공자> 저/<왕위지> 그림/<이준구> 편저,스타북스,전자책,9791157955 ,인문/역사,2023-03-10
7637,절대수익 투자법칙,<김동주(김단테)> 저,이레미디어,전자책,9791188279 ,경제경영,2023-03-10
7638,내레이션 최강 영화 유튜버 고몽의 유튜브 이야기,<고몽(김웅현)> 저,성안당,전자책,9788931596 ,자기계발,2023-03-10
7639,강성태 영문법 필수편,<강성태> 저,키출판사,전자책,9791165260 ,국어/외국어,2023-03-10
7640,어느 약사의 우울증,<장지영> 저,아미가,전자책,9791190913 ,건강/의학,2023-03-10
7641,악몽을 먹고 자란 소년,<조용> 글/<잠산> 그림,위즈덤하우스,전자책,9791191119 ,소설,2023-03-10
7642,좀비 아이,<조용> 글/<잠산> 그림,위즈덤하우스,전자책,9791191119 ,소설,2023-03-10
7643,봄날의 개,<조용> 글/<잠산> 그림,위즈덤하우스,전자책,9791191119 ,소설,2023-03-10
7644,처음 시작하는 독학 일본어 첫걸음,<박해리> 저,랭컴(LanCom),전자책,9791189204 ,국어/외국어,2023-03-10
7645,처음 시작하는 독학 일본어 회화,<박해리> 저,랭컴(LanCom),전자책,9791189204 ,국어/외국어,2023-03-10
7646,"개발 7년차, 매니저 1일차","<카미유 푸르니에> 저/<권원상>,<한민주> 공역",한빛미디어,전자책,9791162247 ,IT/프로그래밍,2023-03-10
7647,1000:1에서 살아남는 면접 스피치_목소리편,"<김효석>,< 연윤서> 저",e퍼플,전자책,9791165693 ,자기계발,2023-03-10
7648,결혼에도 휴가가 필요해서,<아리(임현경)> 저,북튼,전자책,9791197050 ,시/에세이,2023-03-10
7649,바보아저씨의 경제상식 인생상식 백과사전,<바보아저씨> 저,바른북스,전자책,9791165451 ,경제경영,2023-03-10
7650,딱 일 년만 청소하겠습니다,<최성연> 저,위즈덤하우스,전자책,9791191119 ,시/에세이,2023-03-10
7651,악한 사람들,<제임스 도즈> 저/<변진경> 역,오월의봄,전자책,9791190422 ,인문/역사,2023-03-10
7652,슬기로운 방구석 플랜B,<박희진> 저,슬로디미디어,전자책,9791188977 ,자기계발,2023-03-10
7653,오늘도 이상한 사람 때문에 힘들었습니다,<정희정> 저,꿈의지도,전자책,9791189469 ,자기계발,2023-03-10
7654,이것이 취업을 위한 코딩 테스트다 with 파이썬,<나동빈> 저,한빛미디어,전자책,9791162247 ,IT/프로그래밍,2023-03-10
7655,작가는 처음이라,<김태윤> 저,다산북스,전자책,9791130631 ,자기계발,2023-03-10
7656,"18세, 바다로",<나카가미 겐지> 저/<김난주> 역,무소의뿔,전자책,9791186686 ,소설,2023-03-10
7657,왕비로 산다는 것,<신병주> 저,매일경제신문사,전자책,9791164841 ,인문/역사,2023-03-10
7658,6주 만에 끝내는 공황장애 치유법,<김영화> 저,메이트북스,전자책,9791160027 ,자기계발,2023-03-10
7659,스트라이크 아웃 낫 아웃,<강인규> 저,북레시피,전자책,9791190489 ,소설,2023-03-10
7660,우주님의 1분 스파르타,<고이케 히로시> 저/<아베 나오미> 그림/<이정환> 역,나무생각,전자책,9791162181 ,자기계발,2023-03-10
7661,HAPPY NOW 해피 나우,<루이스 L. 헤이> 저/<엄남미> 역,스타라잇,전자책,9791197135 ,자기계발,2023-03-10
7662,짧은 글을 씁니다,<히키타 요시아키> 저/<백운숙> 역,가나출판사,전자책,9788957363 ,자기계발,2023-03-10
7663,"3분 룰, 원하는 것을 얻는 말하기의 기술",<브랜트 핀비딕> 저/<이종민> 역,비즈니스북스,전자책,9791162541 ,자기계발,2023-03-10
7664,문학책 만드는 법,<강윤정> 저,유유,전자책,9791160892 ,인문/역사,2023-03-10
7665,"아무튼, 달리기",<김상민> 저,위고,전자책,9791160892 ,시/에세이,2023-03-10
7666,판단력 비판,<임마누엘 칸트> 저,책세상,전자책,9791159315 ,인문/역사,2023-03-10
7667,니체 입문,<베르너 슈텍마이어> 저/<홍사현> 역,책세상,전자책,9791159315 ,인문/역사,2023-03-10
7668,바쁜 것도 습관입니다,<아리카와 마유미> 저/<송소정> 역,웅진지식하우스,전자책,9788901246 ,자기계발,2023-03-10
7669,터틀 트레이딩,<차영주> 저,페이지2,전자책,9791190977 ,경제경영,2023-03-10
7670,우리의 정류장과 필사의 밤,<김이설> 저,작가정신,전자책,9791160262 ,소설,2023-03-10
7671,교사가 되기 전에는 몰랐습니다만,<최문혁> 저,푸른향기,전자책,9788967821 ,시/에세이,2023-03-10
7672,스모킹 오레오,<김홍> 저,자음과모음,전자책,9788954445 ,소설,2023-03-10
7673,나는 전쟁범죄자입니다,<김효순> 저,서해문집,전자책,9791190893 ,인문/역사,2023-03-10
7674,응급실 간호사의 30일 (개정판),<김효진> 저,지식과감성#,전자책,9791165524 ,시/에세이,2023-03-10
7675,하드코어 히스토리,<댄 칼린> 저/<김재경> 역,북라이프,전자책,9791191013 ,인문/역사,2023-03-10
7676,눈표범,<실뱅 테송> 저/<김주경> 역,북레시피,전자책,9791190489 ,시/에세이,2023-03-10
7677,만들면서 배우는 픽셀 아트,<김윤정> 저,한빛미디어,전자책,9791162247 ,IT/프로그래밍,2023-03-10
7678,결혼하고 싶지 않았는데 못하게 되었다,<정변> 저,유노북스,전자책,9791190826 ,시/에세이,2023-03-10
7679,끝까지 해내는 사람들의 1일 1분 루틴,<오히라 노부타카> 저/<황혜숙> 역,센시오,전자책,9791190356 ,자기계발,2023-03-10
7680,타인에 대한 연민,<마사 누스바움> 저/<임현경> 역,알에이치코리아(RHK),전자책,9788925516 ,인문/역사,2023-03-10
7681,"파이아키아, 이야기가 남았다",<이동진> 저/<김흥구> 사진,위즈덤하우스,전자책,9791191119 ,시/에세이,2023-03-10
7682,지금 팔리는 것들의 비밀,"<최명화>,<김보라> 공저",리더스북,전자책,9788901246 ,경제경영,2023-03-10
7683,숫자는 거짓말을 한다,<알베르토 카이로> 저/<박슬라> 역,웅진지식하우스,전자책,9788901246 ,과학/공학,2023-03-10
7684,천천히 가도 괜찮아,<이재범(핑크팬더)> 저,책수레,전자책,9791190997 ,시/에세이,2023-03-10
7685,메타휴먼,<디팩 초프라> 저/<김윤종> 역,불광출판사,전자책,9788974798 ,인문/역사,2023-03-10
7686,"우린, 조금 지쳤다",<박종석> 저,포르체,전자책,9791197187 ,인문/역사,2023-03-10
7687,나는 수학으로 세상을 읽는다,<롭 이스터웨이> 저/<고유경> 역,반니,전자책,9791190467 ,과학/공학,2023-03-10
7688,화학의 미스터리,"<김성근>,<이영민>,<김경택>,<정택동>,<윤완수>,<김유수>,<이동환>,<이광렬>,<석차옥>,<박태현> 저",반니,전자책,9791190467 ,과학/공학,2023-03-10
7689,"뉴호라이즌스, 새로운 지평을 향한 여정","<앨런 스턴>,<데이비드 그린스푼> 저/<김승욱> 역/<황정아> 해제",푸른숲,전자책,9791156758 ,과학/공학,2023-03-10
7690,뉴노멀 교양수업,"<필리프 비옹뒤리>,<레미 노용> 공저/<이재형> 역",문예출판사,전자책,9788931021 ,인문/역사,2023-03-10
7691,비밀의 숲 시즌 2 (하),<이수연> 저,북로그컴퍼니,전자책,9791190224 ,예술/대중문화,2023-03-10
7692,비밀의 숲 시즌 2 (상),<이수연> 저,북로그컴퍼니,전자책,9791190224 ,예술/대중문화,2023-03-10
7693,슬로하이츠의 신 1,<츠지무라 미즈키> 저/<이정민> 역,몽실북스,전자책,9791189178 ,소설,2023-03-10
7694,슬로하이츠의 신 2,<츠지무라 미즈키> 저/<이정민> 역,몽실북스,전자책,9791189178 ,소설,2023-03-10
7695,근육저승사자 양치승의 지옥 트레이닝,<양치승> 저,비타북스(VITABOOKS),전자책,9791158463 ,여행/취미,2023-03-10
7696,나는 마음이 아픈 의사입니다,<조안나 캐넌> 저/<이은선> 역,라이프앤페이지,전자책,9791197024 ,인문/역사,2023-03-10
7697,욕망의 명화,<나카노 교코> 저/<최지영> 역,북라이프,전자책,9791191013 ,예술/대중문화,2023-03-10
7698,뇌는 팩트에 끌리지 않는다,<리 하틀리 카터> 저/<이영래> 역,비즈니스북스,전자책,9791162541 ,자기계발,2023-03-10
7699,길 잃은 사피엔스를 위한 뇌과학,<마이클 본드> 저/<홍경탁> 역,어크로스,전자책,9791190030 ,인문/역사,2023-03-10
7700,나는 이제 나와 이별하기로 했다,<제임스 홀리스> 저/<이정란> 역,빈티지하우스,전자책,9791189249 ,인문/역사,2023-03-10
7701,코로나19 이후의 미래사회 공부법,<정용호> 저,도서출판 행공신,전자책,9791190210 ,가정/생활/요리,2023-03-10
7702,그럼에도 불구하고,<공지영> 저,위즈덤하우스,전자책,9791191119 ,시/에세이,2023-03-10
7703,스펙을 뛰어넘는 면접의 기술,<옴스> 저,원앤원북스,전자책,9791170431 ,자기계발,2023-03-10
7704,따라하면 수익이 따라오는 ETF 투자,<이재준> 저,원앤원북스,전자책,9791170431 ,경제경영,2023-03-10
7705,방구석 인문학 여행,<남민> 저,믹스커피,전자책,9791170431 ,인문/역사,2023-03-10
7706,따라하면 매출이 따라오는 스마트스토어,<박지은> 저,원앤원북스,전자책,9791170431 ,경제경영,2023-03-10
7707,워터 댄서,<타네히시 코츠> 저/<강동혁> 역,다산책방,전자책,9791130632 ,소설,2023-03-10
7708,자유로운 이기주의자,<율리엔 바크하우스> 저/<박은결> 역,다산북스,전자책,9791130632 ,자기계발,2023-03-10
7709,안녕! 폐쇄병동은 처음이지?,<다올> 글/<다올 아빠> 그림,유심,전자책,9791187132 ,시/에세이,2023-03-10
7710,신입사원일 때 알았더라면 좋았을 것들,<류영숙> 저,마일스톤,전자책,9791160579 ,자기계발,2023-03-10
7711,의미 수업,<데이비드 케슬러> 저/<박여진> 역,한국경제신문사(한경비피),전자책,9788947597 ,시/에세이,2023-03-10
7712,비건 테이블,<소나영> 저,리스컴,전자책,9791156161 ,가정/생활/요리,2023-03-10
7713,[단독] 나의 F코드 이야기,<이하늬> 저,심심,전자책,9791156758 ,인문/역사,2023-03-10
7714,《반일 종족주의》의 오만과 거짓,<전강수> 저,한겨레출판,전자책,9791160404 ,인문/역사,2023-03-10
7715,엄마에겐 오프 스위치가 필요해,<이혜선> 저,호우,전자책,9791191086 ,시/에세이,2023-03-10
7716,교사가 묻고 변호사가 답하다,"<구슬>,<김동현> 공저",테크빌교육,전자책,9791163461 ,인문/역사,2023-03-10
7717,[단독] 나도 초록 식물 잘 키우면 소원이 없겠네,<허성하(폭스더그린)> 저,한빛라이프,전자책,9791190846 ,여행/취미,2023-03-10
7718,[단독] 상사는 싫지만 내 일은 잘합니다,<후루카와 히로노리> 저/<이해란> 역,현대지성,전자책,9791191174 ,자기계발,2023-03-10
7719,말장난,<유병재> 저,arte(아르테),전자책,9788950992 ,시/에세이,2023-03-10
7720,평생 넘어지지 않는 몸을 만드는 스쿼트 발뒤꿈치 쿵,<가마타 미노루> 저/<이윤미> 역,싸이프레스,전자책,9791160321 ,건강/의학,2023-03-10
7721,따라하면 매출이 따라오는 SNS 마케팅,<임성빈> 저,원앤원북스,전자책,9791170431 ,경제경영,2023-03-10
7722,끌리는 단어 혹하는 문장,<송숙희> 저,유노북스,전자책,9791190826 ,자기계발,2023-03-10
7723,내 인생에 다시없을 1년 살기,"< 최맑음>,<김여나>,<송귀옥>,<유영하>,<진희선>,<송현옥> 공저",더블엔,전자책,9788998294 ,자기계발,2023-03-10
7724,마음 약국,<이현수> 저,알에이치코리아(RHK),전자책,9788925516 ,인문/역사,2023-03-10
7725,엄마의 소신,<이지영(빨강머리앤)> 저,서사원,전자책,9791190179 ,가정/생활/요리,2023-03-10
7726,일상의 무기가 되는 논리 수업,<마이클 위디> 저/<한지영> 역/<헨리 장> 추천,반니,전자책,9791191214 ,인문/역사,2023-03-10
7727,현직 줌(ZOOM) 강사가 알려주는 하루 만에 ZOOM으로 프로 강사되기,<김가현> 저,아티오,전자책,9791190732 ,IT/프로그래밍,2023-03-10
7728,마흔을 앓다가 나를 알았다,<한혜진> 저,체인지업,전자책,9791197065 ,시/에세이,2023-03-10
7729,세종의 하늘,<정성희> 저,사우,전자책,9791187332 ,인문/역사,2023-03-10
7730,비혼 1세대의 탄생,<홍재희> 저,행성B,전자책,9791164711 ,인문/역사,2023-03-10
7731,스노우 엔젤,<가와이 간지> 저/<신유희> 역,작가정신,전자책,9791160261 ,소설,2023-03-10
7732,시체 찾는 아이들,<시모무라 아쓰시> 저/<최재호> 역,북플라자,전자책,9791190157 ,소설,2023-03-10
7733,돈의 흐름을 읽는 습관,<차칸양(양재우)> 저,좋은습관연구소,전자책,9791197176 ,경제경영,2023-03-10
7734,2021 트렌드 노트,"<정유라>,<박현영>,<백경혜>,<구지원>,<조민정>,<정석환>,<신수정> 공저",북스톤,전자책,9791191211 ,경제경영,2023-03-10
7735,혼자지만 아파트는 갖고 싶어,<한정연> 저,허들링북스,전자책,9791197030 ,경제경영,2023-03-10
7736,"[단독] 안녕, 소중한 사람",<정한경> 저,북로망스,전자책,9791197037 ,시/에세이,2023-03-10
7737,이 운동만 하면 살이 안 쪄요,<추민수> 저,북스고,전자책,9791189612 ,건강/의학,2023-03-10
7738,주식하는 마음,<홍진채> 저,유영,전자책,9791130632 ,경제경영,2023-03-10
7739,1타 7피 주식 초보 최고 계략,<박성현> 저,에프엔미디어,전자책,9791188754 ,경제경영,2023-03-10
7740,샤인,<제시카 정> 저/<박지영> 역,알에이치코리아(RHK),전자책,9788925516 ,소설,2023-03-10
7741,대재앙 시대 생존 전략,<황장수> 저,미래사,전자책,9788970873 ,정치/사회,2023-03-10
7742,넘어져도 괜찮아 일어나면 되니까,<조경희> 저,e퍼플,전자책,9791165693 ,시/에세이,2023-03-10
7743,사서가 바코디언이라뇨?,<김지우> 저,e퍼플,전자책,9791165693 ,시/에세이,2023-03-10
7744,존리의 금융문맹 탈출,<존 리> 저,베가북스,전자책,9791190242 ,경제경영,2023-03-10
7745,주식시장의 승부사들,"<한봉호>,<김형준> 등저",이레미디어,전자책,9791188279 ,경제경영,2023-03-10
7746,일단 시작하는 힘,<윤희철(희철리즘)> 저,비에이블,전자책,9791190931 ,자기계발,2023-03-10
7747,[단독] 게스트,<세라 워터스> 저/<김지현> 역,자음과모음,전자책,9788954436 ,소설,2023-03-10
7748,[단독] 아무래도 그림을 사야겠습니다,<손영옥> 저,자음과모음,전자책,9788954445 ,예술/대중문화,2023-03-10
7749,[단독] 당신의 인생을 정리해드립니다,<이지영> 저,쌤앤파커스,전자책,9791165342 ,가정/생활/요리,2023-03-10
7750,바이러스 X,<김진명 저> 저,이타북스,전자책,9791190991 ,소설,2023-03-10
7751,미국에서 기죽지 않는 쓸만한 영어: 문제해결 필수 배틀회화,Sophie Ban,시대인,전자책,1125472855 ,국어/외국어,2023-03-10
7752,이 사랑은 처음이라서,조우리,다산책방,전자책,1130630579 ,소설,2023-03-10
7753,마음이 흐르는 대로,지나영,다산북스,전자책,1130632504 ,시/에세이,2023-03-10
7754,부자의 그릇,이즈미 마사토,다산북스,전자책,1130633616 ,경제경영,2023-03-10
7755,엄마의 엄마,스즈키 루리카,놀,전자책,1130633845 ,소설,2023-03-10
7756,101가지 흑역사로 읽는 세계사: 고대 ~ 근대 편,빌 포셋 외,다산초당,전자책,1130633896 ,인문/역사,2023-03-10
7757,101가지 흑역사로 읽는 세계사: 현대 편,빌 포셋 외,다산초당,전자책,113063390X,인문/역사,2023-03-10
7758,C의 유전자,제갈현열,다산북스,전자책,1130634426 ,자기계발,2023-03-10
7759,돈의 시나리오,김종봉,다산북스,전자책,1130634434 ,경제경영,2023-03-10
7760,금지된 지식,에른스트 페터 피셔,다산북스,전자책,1130634582 ,인문/역사,2023-03-10
7761,우주를 삼킨 소년,트렌트 돌턴,다산책방,전자책,1130634590 ,소설,2023-03-10
7762,소원을 이루는 완벽한 방법,바바라 오코너,놀,전자책,1130634639 ,청소년,2023-03-10
7763,버블: 부의 대전환,윌리엄 퀸,브라이트,전자책,1130635295 ,경제경영,2023-03-10
7764,쓰기 편한 심플 수납법,주부의벗사,즐거운상상,전자책,1155361571 ,가정/생활/요리,2023-03-10
7765,퍼스트 셀,아즈라 라자,윌북,전자책,1155813154 ,과학/공학,2023-03-10
7766,내가 처음 뇌를 열었을 때,라훌 잔디얼,윌북,전자책,1155813162 ,과학/공학,2023-03-10
7767,진실의 흑역사,톰 필립스,윌북,전자책,1155813197 ,인문/역사,2023-03-10
7768,우울할 때 곁에 두고 읽는 책,스칼릿 커티스 외,윌북,전자책,1155813243 ,인문/역사,2023-03-10
7769,체인저블,안드레스 피라,윌북,전자책,1155813251 ,자기계발,2023-03-10
7770,면역의 힘,제나 마치오키,윌북,전자책,1155813316 ,과학/공학,2023-03-10
7771,최열 선생님의 미세먼지 이야기,최열,다산어린이,전자책,1156397936 ,아동,2023-03-10
7772,테라피스트,헬레네 플루드,푸른숲,전자책,1156758343 ,소설,2023-03-10
7773,우연 제작자들,요아브 블룸,푸른숲,전자책,1156758432 ,소설,2023-03-10
7774,함께 걸어갈 사람이 생겼습니다,한비야,푸른숲,전자책,1156758467 ,시/에세이,2023-03-10
7775,대한민국 재테크 트렌드(2021),조선일보 경제부 (엮음),모멘텀,전자책,1156758599 ,경제경영,2023-03-10
7776,일본인 이야기. 1: 전쟁과 바다,김시덕,메디치미디어,전자책,115706177X,인문/역사,2023-03-10
7777,권력의 가문 메디치. 1,마테오 스트루쿨,메디치미디어,전자책,1157061958 ,소설,2023-03-10
7778,권력의 가문 메디치. 2,마테오 스트루쿨,메디치미디어,전자책,1157061966 ,소설,2023-03-10
7779,권력의 가문 메디치. 3,마테오 스트루쿨,메디치미디어,전자책,1157061974 ,소설,2023-03-10
7780,일본인 이야기. 2: 진보 혹은 퇴보의 시대,김시덕,메디치미디어,전자책,1157062148 ,인문/역사,2023-03-10
7781,바이든 플랜,이승원,메디치미디어,전자책,1157062180 ,정치/사회,2023-03-10
7782,"세상에 대하여 우리가 더 잘 알아야 할 교양. 85: 자연 서식지와 자연 개발, 무엇이 우선일까?",필립 스틸,내인생의책,전자책,1157236383 ,아동,2023-03-10
7783,90일 밤의 미술관(90 Nights&apos; Museum),이용규,동양북스,전자책,1157686621 ,예술/대중문화,2023-03-10
7784,단추 마녀와 쓰레기 괴물,정란희,키다리,전자책,1157852238 ,아동,2023-03-10
7785,후루룩후루룩 콩나물죽으로 십 년 버티기,이묘신,아이앤북,전자책,1157920713 ,아동,2023-03-10
7786,쿵쾅! 쿵쾅!,이묘신,아이앤북,전자책,1157921663 ,유아,2023-03-10
7787,하루 한 장 아이패드 드로잉,보담(김보람),비타북스,전자책,1158463367 ,예술/대중문화,2023-03-10
7788,장내세균의 역습,에다 아카시,비타북스,전자책,1158463464 ,건강/의학,2023-03-10
7789,소르본 철학 수업,전진,나무의철학,전자책,1158511833 ,시/에세이,2023-03-10
7790,나의 하루는 4시 30분에 시작된다,김유진,토네이도,전자책,1158511906 ,자기계발,2023-03-10
7791,컨셔스,문성림,미디어숲,전자책,1158740808 ,자기계발,2023-03-10
7792,퍼스널 리셋,이라야,미디어숲,전자책,1158740832 ,자기계발,2023-03-10
7793,하루 10분 놀면서 두뇌 천재되는 브레인 스쿨: 두뇌퍼즐편,개러스 무어,미디어숲,전자책,1158740913 ,아동,2023-03-10
7794,하루 10분 놀면서 두뇌 천재되는 브레인 스쿨: 두뇌게임편,개러스 무어,미디어숲,전자책,1158740921 ,아동,2023-03-10
7795,스타트업 성공 방정식,양민호,미디어숲,전자책,1158740972 ,자기계발,2023-03-10
7796,슈퍼리치들에게 배우는 돈 공부,신진상,미디어숲,전자책,1158740999 ,자기계발,2023-03-10
7797,하루 10분 나를 생각해,레슬리 마샹,미디어숲,전자책,1158741006 ,자기계발,2023-03-10
7798,"세상을 바꾼 10대들, 그들은 무엇이 달랐을까?",정학경,미디어숲,전자책,1158741030 ,청소년,2023-03-10
7799,진실에 갇힌 남자,데이비드 발다치,북로드,전자책,1158791496 ,소설,2023-03-10
7800,나이트메어 앨리,윌리엄 린지 그레셤,북로드,전자책,1158791534 ,소설,2023-03-10
7801,죽음 앞에서 선택한 완벽한 삶,카밀 파간,달의시간,전자책,1159315469 ,소설,2023-03-10
7802,주린이도 술술 읽는 친절한 주가차트책,백영,메이트북스,전자책,116002314X,경제경영,2023-03-10
7803,내가 너였을 때,민카 켄트,한스미디어,전자책,1160074860 ,소설,2023-03-10
7804,다정한 매일매일,백수린,작가정신,전자책,116026208X,시/에세이,2023-03-10
7805,조제와 호랑이와 물고기들,다나베 세이코,작가정신,전자책,1160262128 ,소설,2023-03-10
7806,겨울장면,김엄지,작가정신,전자책,1160262179 ,소설,2023-03-10
7807,무민 가족과 마법의 모자,토베 얀손 (원작),작가정신,전자책,1160266026 ,아동,2023-03-10
7808,나는 튤립이에요,호원숙,어린이작가정신,전자책,1160266255 ,유아,2023-03-10
7809,사자는 사료를 먹지 않아,앙드레 부샤르,작가정신,전자책,1160268169 ,유아,2023-03-10
7810,"드르렁 드르렁, 아빠는 왜 코를 골지?",앙드레 부샤르,작가정신,전자책,1160268266 ,유아,2023-03-10
7811,이상한 붕어빵 아저씨,장세현,어린이작가정신,전자책,1160268371 ,아동,2023-03-10
7812,백년식사,주영하,휴머니스트,전자책,1160805032 ,인문/역사,2023-03-10
7813,엘라의 엉뚱 발칙 유쾌한 학교,티모 파르벨라,사계절,전자책,1160940010 ,아동,2023-03-10
7814,엘라의 엉뚱 발칙 유쾌한 학교. 2,티모 파르벨라,사계절,전자책,1160943389 ,아동,2023-03-10
7815,엘라와 수상한 산타 마을,티모 파르벨라,사계절,전자책,1160944164 ,아동,2023-03-10
7816,어린 만세꾼,정명섭,사계절,전자책,1160944431 ,아동,2023-03-10
7817,도개울이 어때서!,황지영,사계절,전자책,1160945381 ,아동,2023-03-10
7818,다이웰 주식회사,남유하,사계절,전자책,1160946892 ,소설,2023-03-10
7819,어린이라는 세계,김소영,사계절,전자책,1160946914 ,시/에세이,2023-03-10
7820,사이보그가 되다,김초엽,사계절,전자책,116094704X,정치/사회,2023-03-10
7821,"귀여운, 서코네 목욕탕",서코때,서랍의날씨,전자책,1161691391 ,시/에세이,2023-03-10
7822,사회학 아는 척하기,존 네이글,팬덤북스,전자책,1161691421 ,정치/사회,2023-03-10
7823,동물도 권리가 있어요,동물권행동 카라(구성),풀빛,전자책,1161720677 ,아동,2023-03-10
7824,"빨간 모자야, 어린이 인권을 알려 줘",요안나 올레흐,풀빛,전자책,1161721630 ,아동,2023-03-10
7825,생체 모방,세라핀 므뉘,풀빛,전자책,1161721738 ,아동,2023-03-10
7826,다문화 사회,윤예림,풀빛,전자책,1161721800 ,아동,2023-03-10
7827,질문하는 경제 사전,석혜원,풀빛,전자책,1161722416 ,아동,2023-03-10
7828,잔혹동화,지건,느낌이있는책,전자책,1161950931 ,소설,2023-03-10
7829,호랑이 셰프랑 뚝딱 초등 글쓰기,서지원,나무생각,전자책,1162181230 ,아동,2023-03-10
7830,치우치지 않는 삶,웨인 다이어,나무생각,전자책,1162181346 ,인문/역사,2023-03-10
7831,진아노사우루스와 유한 공주,송아주,나무생각,전자책,1162181362 ,아동,2023-03-10
7832,뉴욕주민의 진짜 미국식 주식투자,뉴욕주민,비즈니스북스,전자책,1162541806 ,경제경영,2023-03-10
7833,어른의 말공부,사이토 다카시,비즈니스북스,전자책,1162541849 ,자기계발,2023-03-10
7834,더 위험한 미국이 온다,최은수,비즈니스북스,전자책,1162541881 ,경제경영,2023-03-10
7835,매일 아침 1시간이 나를 바꾼다,이케다 지에,비즈니스북스,전자책,116254192X,자기계발,2023-03-10
7836,옷과 음식에도 단위의 비밀이 있다고?,이정,뭉치,전자책,1163631159 ,아동,2023-03-10
7837,불안하다고 불안해하지 말아요,야나가 히데아키,예문아카이브,전자책,1163860492 ,건강/의학,2023-03-10
7838,거의 모든 것의 종말,밥 버먼,예문아카이브,전자책,1163860522 ,과학/공학,2023-03-10
7839,리스타트 한국사 도감(지도로 읽는다),유성운,이다미디어,전자책,1163940364 ,인문/역사,2023-03-10
7840,괜찮다는 거짓말,마거릿 로빈슨 러더퍼드,북하우스,전자책,116405077X,인문/역사,2023-03-10
7841,디지털 트렌드 2021,권병일,책들의정원,전자책,1164160680 ,경제경영,2023-03-10
7842,오늘도 살인범을 만나러 갑니다,이진숙,행성B,전자책,1164711113 ,정치/사회,2023-03-10
7843,매일 쓰고 다시 쓰고 끝까지 씁니다,김호연,행성B,전자책,1164711334 ,시/에세이,2023-03-10
7844,"국보, 역사의 명장면을 담다",배한철,매일경제신문사,전자책,1164841882 ,인문/역사,2023-03-10
7845,세계지식포럼 인사이트 2021,매일경제 세계지식포럼 사무국,매일경제신문사,전자책,1164842080 ,경제경영,2023-03-10
7846,이번 생은 N잡러,한승현,매일경제신문사,전자책,1164842102 ,자기계발,2023-03-10
7847,꼬마빌딩주의 재테크 습관,임동권,매일경제신문사,전자책,1164842137 ,경제경영,2023-03-10
7848,탐정 클럽. 1,페니 워너,가람어린이,전자책,1165180634 ,아동,2023-03-10
7849,탐정 클럽. 2,페니 워너,가람어린이,전자책,1165180812 ,아동,2023-03-10
7850,탐정 클럽. 3,페니 워너,가람어린이,전자책,1165180898 ,아동,2023-03-10
7851,팀장의 탄생,줄리 주오,더퀘스트,전자책,1165212684 ,경제경영,2023-03-10
7852,아는 만큼 당첨되는 청약의 기술,열정로즈(정숙희),길벗,전자책,1165212749 ,경제경영,2023-03-10
7853,우리는 조구만 존재야,조구만 스튜디오,더퀘스트,전자책,1165213494 ,시/에세이,2023-03-10
7854,하버드 철학자들의 인생 수업,대니얼 클라인,더퀘스트,전자책,1165213559 ,인문/역사,2023-03-10
7855,초격차: 리더의 질문,권오현,쌤앤파커스,전자책,1165342154 ,경제경영,2023-03-10
7856,8월의 화염,변정욱,마음서재,전자책,1165342308 ,소설,2023-03-10
7857,인재의 반격,신태균,쌤앤파커스,전자책,1165342421 ,경제경영,2023-03-10
7858,제로 이코노미,조영무,쌤앤파커스,전자책,1165342782 ,경제경영,2023-03-10
7859,야자나무 도적,은네디 오코라포르 외,아작,전자책,1165508397 ,소설,2023-03-10
7860,얼마나 닮았는가,김보영,아작,전자책,1165508842 ,소설,2023-03-10
7861,이불 밖은 위험해,김이환,아작,전자책,1165508931 ,소설,2023-03-10
7862,세 개의 잔,도진기,시공사,전자책,116579053X,소설,2023-03-10
7863,팅커벨 죽이기,고바야시 야스미,검은숲,전자책,1165791439 ,소설,2023-03-10
7864,자기만의 방,버지니아 울프,시공사,전자책,1165791919 ,시/에세이,2023-03-10
7865,댈러웨이 부인,버지니아 울프,시공사,전자책,1165791935 ,소설,2023-03-10
7866,빛의 현관,요코야마 히데오,검은숲,전자책,1165792281 ,소설,2023-03-10
7867,한국이 열광할 세계 트렌드(2021),KOTRA,알키,전자책,1165792524 ,경제경영,2023-03-10
7868,화이트블러드,임태운,시공사,전자책,1165793202 ,소설,2023-03-10
7869,와인잔에 담긴 인문학,황헌,시공사,전자책,1165793326 ,인문/역사,2023-03-10
7870,추리소설가의 살인사건,히가시노 게이고,소미미디어,전자책,1166111989 ,소설,2023-03-10
7871,하루 딱! 영단어,이근철,로그인,전자책,1166370372 ,국어/외국어,2023-03-10
7872,나는 매일 책 읽어주는 엄마입니다,이혜진,로그인,전자책,1166370488 ,가정/생활/요리,2023-03-10
7873,첫아이가 초등학교에 갑니다,전예름,로그인,전자책,116637050X,가정/생활/요리,2023-03-10
7874,지구와 생명을 지키는 미래 에너지 이야기,정유리,팜파스,전자책,117026221X,아동,2023-03-10
7875,어린이가 알아야 할 가짜 뉴스와 미디어 리터러시,채화영,팜파스,전자책,1170263151 ,아동,2023-03-10
7876,"어린이를 위한 미래 과학, 빅데이터 이야기",천윤정,팜파스,전자책,1170263348 ,아동,2023-03-10
7877,에너지 충전,박종진,소원나무,전자책,1170440037 ,유아,2023-03-10
7878,진짜 기본 세계 요리책,김현숙,레시피팩토리,전자책,1185473483 ,가정/생활/요리,2023-03-10
7879,마녀의 비밀 책방,김윤경,좋은꿈,전자책,1185903097 ,아동,2023-03-10
7880,별에서 온 엄마,고수산나,좋은꿈,전자책,1185903747 ,아동,2023-03-10
7881,알아두면 잘난 척하기 딱 좋은 최초의 것들,김대웅,노마드,전자책,1186288434 ,인문/역사,2023-03-10
7882,돌파하는 기업들,김성호,초록비책공방,전자책,118635898X,경제경영,2023-03-10
7883,사랑 수업,윤홍균,심플라이프,전자책,1186757663 ,인문/역사,2023-03-10
7884,도토리 모자,임시은,북극곰,전자책,1186797800 ,유아,2023-03-10
7885,불행한 관계 걷어차기,장성숙,스몰빅라이프,전자책,1187165875 ,자기계발,2023-03-10
7886,불 뿜는 용,라이마,천개의바람,전자책,1187287644 ,유아,2023-03-10
7887,엑시트(Exit),송희창,지혜로,전자책,1187799149 ,경제경영,2023-03-10
7888,안녕은 단정하게,매리언 위닉,구픽,전자책,1187886572 ,시/에세이,2023-03-10
7889,슈퍼 휴먼(Super Human),데이브 아스프리,베리북,전자책,1188102079 ,건강/의학,2023-03-10
7890,우리는 물이야,이정모,아이들은자연이다,전자책,1188236202 ,아동,2023-03-10
7891,"건축, 근대소설을 거닐다",김소연,루아크,전자책,1188296434 ,인문/역사,2023-03-10
7892,성숙한 리더의 품격 있는 분노,부경미,스노우폭스북스,전자책,1188331965 ,자기계발,2023-03-10
7893,빌사남이 알려주는 꼬마빌딩 실전 투자 가이드,김윤수(빌사남),천그루숲,전자책,1188348809 ,경제경영,2023-03-10
7894,HEAT(히트),스윙스,필름(Feelm),전자책,1188469657 ,시/에세이,2023-03-10
7895,책 깎는 소년,장은영,파란자전거,전자책,1188609033 ,아동,2023-03-10
7896,도시 수달 달수네 아파트,정종영,파란자전거,전자책,1188609297 ,아동,2023-03-10
7897,세계사를 바꾼 37가지 물고기 이야기,오치 도시유키,사람과나무사이,전자책,1188635271 ,인문/역사,2023-03-10
7898,문장구조 덕분에 영어 공부가 쉬워졌습니다 (멀티eBook),키 영어학습방법연구소,키출판사,전자책,1188808842 ,국어/외국어,2023-03-10
7899,코끼리 미용실,최민지,노란상상,전자책,1188867237 ,유아,2023-03-10
7900,코끼리 아저씨는 코가 손이래,고정순,노란상상,전자책,118886727X,유아,2023-03-10
7901,학교 가기 싫은 선생님,박보람,노란상상,전자책,1188867415 ,유아,2023-03-10
7902,그렇게 치킨이 된다,정은정,노란상상,전자책,1188867687 ,아동,2023-03-10
7903,자기발견의 힘,게일 브레너,소소의책,전자책,1188941526 ,인문/역사,2023-03-10
7904,둘이서 살아간다는 것,사쿠라기 시노,몽실북스,전자책,118917832X,소설,2023-03-10
7905,지구는 개가 지킨다,최서현,고래가숨쉬는도서관,전자책,1189239019 ,아동,2023-03-10
7906,도시의 미래,프리드리히 폰 보리스,와이즈맵,전자책,118932833X,인문/역사,2023-03-10
7907,"글로벌 테크, 7가지 욕망을 읽다",테크니들,와이즈맵,전자책,1189328348 ,경제경영,2023-03-10
7908,김중근의 1분 차트,김중근,위너스북,전자책,118935232X,경제경영,2023-03-10
7909,애매한 걸 정리해주는 사전,한근태,클라우드나인,전자책,1189430916 ,자기계발,2023-03-10
7910,처음 읽는 술의 세계사,미야자키 마사카츠,탐나는책,전자책,1189550253 ,인문/역사,2023-03-10
7911,앨리스 더 원더 킬러,하야사카 야부사카,블루홀식스(블루홀6),전자책,1189571331 ,소설,2023-03-10
7912,메타버스,김상균,플랜비디자인,전자책,1189580578 ,경제경영,2023-03-10
7913,더 키퍼,제시카 무어,리프,전자책,1189584867 ,소설,2023-03-10
7914,어른의 습관,아리카와 마유미,포레스트북스,전자책,1189584921 ,자기계발,2023-03-10
7915,공감은 어떻게 기업의 매출이 되는가,마리아 로스,포레스트북스,전자책,1189584972 ,경제경영,2023-03-10
7916,혼자서도 얼굴이 예뻐지는 페이스 스트레칭,정파카,북스고,전자책,1189612844 ,건강/의학,2023-03-10
7917,내 손에 인생사진,한다솜,42미디어콘텐츠,전자책,1189620707 ,예술/대중문화,2023-03-10
7918,전치사 덕분에 영어 공부가 쉬워졌습니다,세키 마사오,키출판사,전자책,1189719398 ,국어/외국어,2023-03-10
7919,소원나무,캐서린 애플게이트,책과콩나무,전자책,1189734133 ,아동,2023-03-10
7920,나의 친절하고 위험한 친구들,그리어 헨드릭스,인플루엔셜,전자책,1189995204 ,소설,2023-03-10
7921,아주 작은 생각의 힘,오웨인 서비스,별글,전자책,1189998351 ,자기계발,2023-03-10
7922,100년 뒤 우리는 이 세상에 없어요,리처드 칼슨,마인드빌딩,전자책,119001517X,시/에세이,2023-03-10
7923,내 마음에 긍정 한 스푼,신디 스피겔,마인드빌딩,전자책,1190015293 ,자기계발,2023-03-10
7924,쓰레기는 쓰레기가 아니다,게르다 라이트,위즈덤하우스,전자책,1190065592 ,아동,2023-03-10
7925,"책, 읽지 말고 써라",백작가,치읓,전자책,1190067374 ,자기계발,2023-03-10
7926,여기는 바로섬 법을 배웁니다,안소연,천개의바람,전자책,1190077248 ,아동,2023-03-10
7927,초원의 명탐정 몽구리,양자현,천개의바람,전자책,1190077426 ,아동,2023-03-10
7928,깃털,김혜진,허블,전자책,1190090198 ,소설,2023-03-10
7929,"조 바이든: 약속해 주세요, 아버지",조 바이든,미래지식,전자책,1190107864 ,시/에세이,2023-03-10
7930,흐르는 것들의 과학,마크 미오도닉,엠아이디,전자책,1190116227 ,과학/공학,2023-03-10
7931,새롭게 만나는 한국 신화,이경덕,원더박스,전자책,1190136287 ,인문/역사,2023-03-10
7932,타투 사냥꾼,앨리슨 벨샴,북플라자,전자책,1190157225 ,소설,2023-03-10
7933,라이브 커머스 성공 전략,이현숙,서사원,전자책,1190179393 ,경제경영,2023-03-10
7934,그런 사람 또 없습니다,원태연,북로그컴퍼니,전자책,1190224631 ,시/에세이,2023-03-10
7935,셀트리오니즘,전예진,스마트북스,전자책,1190238330 ,경제경영,2023-03-10
7936,티티새의 1년 1억 짠테크,티티새,스마트북스,전자책,1190238357 ,경제경영,2023-03-10
7937,월급쟁이 연금투자 법칙,장덕진,시그마북스,전자책,1190257904 ,경제경영,2023-03-10
7938,엄지 척,이은혜,북극곰,전자책,1190300613 ,유아,2023-03-10
7939,"저리 가, 알프레드!",카트린 피네흐,북극곰,전자책,1190300974 ,유아,2023-03-10
7940,관종의 조건,임홍택,웨일북(whalebooks),전자책,119031360X,경제경영,2023-03-10
7941,내 인생의 주역,김주란,북드라망,전자책,1190351196 ,인문/역사,2023-03-10
7942,사장을 위한 회계,야스모토 다카하루,센시오,전자책,1190356813 ,경제경영,2023-03-10
7943,한 번이라도 모든 걸 걸어본 적 있는가,전성민,센시오,전자책,1190356880 ,자기계발,2023-03-10
7944,식당을 한다는 것,권세윤,센시오,전자책,1190356902 ,경제경영,2023-03-10
7945,이익을 내는 사장은 말투가 다르다,요시다 유키히로,센시오,전자책,1190356910 ,경제경영,2023-03-10
7946,성적 급상승 공부법의 비밀,SBS스페셜 제작팀,센시오,전자책,1190356996 ,청소년,2023-03-10
7947,시간이 멈춘 방,고지마 미유,더숲,전자책,1190357429 ,시/에세이,2023-03-10
7948,나는 겨우 자식이 되어간다,임희정,수오서재,전자책,1190382016 ,시/에세이,2023-03-10
7949,마음챙김의 시,류시화 (엮음),수오서재,전자책,1190382261 ,시/에세이,2023-03-10
7950,으라차차! 조선을 떠받친 작은 거인들,정창권,지구의아침,전자책,1190393050 ,아동,2023-03-10
7951,심리학이 이렇게 나를 변화시킬 줄이야,류쉬안,다연,전자책,1190456273 ,자기계발,2023-03-10
7952,나는 오늘도 아무렇지 않은 척합니다,라오양의 부엉이,다연,전자책,1190456281 ,자기계발,2023-03-10
7953,학교로 간 스파이,이은소,새움,전자책,119047333X,소설,2023-03-10
7954,공무원 생리학,오노레 드 발자크,페이퍼로드,전자책,1190475367 ,인문/역사,2023-03-10
7955,아그라바 왕국의 마법형제들,로얼드 달 (원작),젤리판다,전자책,119051012X,유아,2023-03-10
7956,홀로서기 심리학,라라 E. 필딩,메이븐,전자책,1190538202 ,인문/역사,2023-03-10
7957,나는 나무처럼 살고 싶다(10만 부 기념 스페셜 에디션),우종영,메이븐,전자책,1190538261 ,인문/역사,2023-03-10
7958,뉴욕 컬트 레시피,마크 그로스먼,클,전자책,1190555379 ,가정/생활/요리,2023-03-10
7959,한글로 영어,김종성,한GLO(한글로),전자책,1190593106 ,국어/외국어,2023-03-10
7960,나만의 사적인 미술관,김내리,카시오페아,전자책,1190776286 ,예술/대중문화,2023-03-10
7961,나는 전략적으로 살 것이다,최송목,유노북스,전자책,1190826356 ,자기계발,2023-03-10
7962,누구나 하루 30분 투자로 월 100만 원 더 버는 블로그 부업,김상은,나비의활주로,전자책,1190865106 ,경제경영,2023-03-10
7963,다섯 살 감정 여행,크리스티나 누녜스 페레이라,레드스톤,전자책,1190872021 ,유아,2023-03-10
7964,"초등, 생각정리의 기술",크리스티나 누녜스 페레이라,레드스톤,전자책,1190872048 ,아동,2023-03-10
7965,"2838 세대, 지금 집 사도 될까요",비타씨,잇콘,전자책,1190877252 ,경제경영,2023-03-10
7966,만인만색 역사공작단,만인만색연구자네트워크 미디어팀,서해문집,전자책,1190893444 ,인문/역사,2023-03-10
7967,공포의 문화,배리 글래스너,라이스메이커,전자책,1190906082 ,인문/역사,2023-03-10
7968,당신은 너무 늦게 깨닫지 않기를,아서 P. 시아라미콜리,위즈덤하우스,전자책,1190908824 ,인문/역사,2023-03-10
7969,어른이 되어 그만둔 것,이치다 노리코,드렁큰에디터,전자책,1190931206 ,시/에세이,2023-03-10
7970,있을 법한 연애소설,조윤성,상상출판,전자책,1190938049 ,소설,2023-03-10
7971,미스터 마켓 2021,이한영,페이지2북스,전자책,1190977036 ,경제경영,2023-03-10
7972,그래서 이 문제 정말 풀 수 있겠어?,알렉스 벨로스,북라이프,전자책,1191013081 ,과학/공학,2023-03-10
7973,식사가 최고의 투자입니다,미쓰오 다다시,북라이프,전자책,1191013103 ,건강/의학,2023-03-10
7974,나는 당신이 아픈 게 싫습니다,지민석,스튜디오오드리,전자책,1191043053 ,시/에세이,2023-03-10
7975,죽고 싶다는 말은 간절히 살고 싶다는 뜻이었다,김민제,스튜디오오드리,전자책,119104307X,시/에세이,2023-03-10
7976,송가인이어라,송가인,스튜디오오드리,전자책,1191043126 ,시/에세이,2023-03-10
7977,유튜브 트렌드 2021,김경달,이은북,전자책,1191053040 ,경제경영,2023-03-10
7978,부의 골든타임,박종훈,인플루엔셜,전자책,1191056171 ,경제경영,2023-03-10
7979,변두리 로켓,이케이도 준,인플루엔셜,전자책,1191056279 ,소설,2023-03-10
7980,균형이라는 삶의 기술,이진우,인플루엔셜,전자책,1191056341 ,인문/역사,2023-03-10
7981,돈의 심리학,모건 하우절,인플루엔셜,전자책,1191056376 ,경제경영,2023-03-10
7982,엄마의 감정 연습,박태연,유노라이프,전자책,1191104060 ,인문/역사,2023-03-10
7983,"1일 1페이지, 세상에서 가장 짧은 교양수업 365: 현대문화편",데이비드 S. 키더,위즈덤하우스,전자책,1191119165 ,인문/역사,2023-03-10
7984,밀레니얼-Z세대 트렌드(2021),대학내일20대연구소,위즈덤하우스,전자책,1191119475 ,경제경영,2023-03-10
7985,슬로싱킹,황농문,위즈덤하우스,전자책,1191119645 ,자기계발,2023-03-10
7986,놓치면 후회할 서울 나들이 명소 48,염승화,보민출판사,전자책,1191181154 ,여행/취미,2023-03-10
7987,슈퍼 마이너리티 히어로,범유진,안전가옥,전자책,1191193020 ,소설,2023-03-10
7988,살면서 한 번은 짠테크,김짠부(김지은),북스톤,전자책,1191211002 ,경제경영,2023-03-10
7989,매끄러운 세계와 그 적들,한나 렌,엘리,전자책,1191247007 ,소설,2023-03-10
7990,호르몬과 건강의 비밀,요하네스 뷔머,현대지성,전자책,1191280314 ,건강/의학,2023-03-10
7991,사람을 살린다는 것,엘렌 드 비세르,황소자리,전자책,119129000X,인문/역사,2023-03-10
7992,"앞으로 5년, 집을 사고팔 타이밍은 정해져 있다",삼토시(강승우),위즈덤하우스,전자책,1191308006 ,경제경영,2023-03-10
7993,50 홍정욱 에세이,홍정욱,위즈덤하우스,전자책,1191308197 ,시/에세이,2023-03-10
7994,인간의 마음을 이해하는 수업,신고은,포레스트북스,전자책,1191347001 ,인문/역사,2023-03-10
7995,아이의 그릇,이정화,포레스트북스,전자책,119134701X,가정/생활/요리,2023-03-10
7996,제로: 현실을 창조하는 마음상태,천시아,젠북,전자책,1195072988 ,자기계발,2023-03-10
7997,분노(RAGE),밥 우드워드,가로세로연구소,전자책,1196661944 ,정치/사회,2023-03-10
7998,가벼운 영어,가벼운학습지,패스트캠퍼스랭귀지,전자책,1196669856 ,국어/외국어,2023-03-10
7999,알아두면 쓸모가 생길지도 모르는 과학책,마티유 비다르,반니,전자책,1196721181 ,과학/공학,2023-03-10
8000,파국,도노 하루카,시월이일,전자책,1196756961 ,소설,2023-03-10
8001,흰 눈은 모든 것을 덮는다,이한칸,델피노,전자책,1196757372 ,소설,2023-03-10
8002,눈의 무게,크리스티앙 게 폴리캥,엘리,전자책,1196914877 ,소설,2023-03-10
8003,비전공자를 위한 이해할 수 있는 IT 지식,최원영,티더블유아이지,전자책,1196918031 ,IT/프로그래밍,2023-03-10
8004,"솔직하게, 상처 주지 않게",전미경,지와인,전자책,1196969663 ,인문/역사,2023-03-10
8005,나는 프랑스 책벌레와 결혼했다,이주영,나비클럽,전자책,119703871X,시/에세이,2023-03-10
8006,나라말이 사라진 날,정재환,생각정원,전자책,1197126724 ,인문/역사,2023-03-10
8007,에이트 씽크,이지성,차이정원,전자책,1197126740 ,자기계발,2023-03-10
8008,위대한 상인의 비밀,오그 만디노,월요일의 꿈,전자책,1197205306 ,자기계발,2023-03-10
8009,광고의 8원칙,오두환,대한출판사,전자책,119722050X,경제경영,2023-03-10
8010,"빅데이터, 생활을 바꾸다",BC카드 빅데이터센터,미래의창,전자책,119729340X,경제경영,2023-03-10
8011,객관적이고 과학적인 공부법,이지성,차이정원,전자책,1197325050 ,자기계발,2023-03-10
8012,사랑에 얼굴이 있다면 너의 모습을 하고 있겠지,고민정,웅진지식하우스,전자책,8901244780 ,시/에세이,2023-03-10
8013,언카피어블,짐 매켈비,리더스북,전자책,8901245671 ,경제경영,2023-03-10
8014,"위기의 시대, 돈의 미래",짐 로저스,리더스북,전자책,890124571X,경제경영,2023-03-10
8015,2030 축의 전환,마우로 기옌,리더스북,전자책,8901246082 ,경제경영,2023-03-10
8016,천 개의 죽음이 내게 말해준 것들,고칸 메구미,웅진지식하우스,전자책,8901247666 ,시/에세이,2023-03-10
8017,넛지의 천재들,제즈 그룸,리더스북,전자책,8901247798 ,경제경영,2023-03-10
8018,나는 9급 공무원입니다,이지영,웅진지식하우스,전자책,8901247933 ,시/에세이,2023-03-10
8019,유리멘탈을 위한 심리책,미즈시마 히로코,갤리온,전자책,8901248158 ,인문/역사,2023-03-10
8020,일을 잘한다는 것,야마구치 슈,리더스북,전자책,8901248166 ,자기계발,2023-03-10
8021,I AM(아이엠) 슈퍼주니어,스토리랩,주니어RHK,전자책,8925556235 ,아동,2023-03-10
8022,손흥민 꿈을 향해 달려라. 2,스토리랩,주니어RHK,전자책,8925556405 ,아동,2023-03-10
8023,손흥민 꿈을 향해 달려라. 1,스토리랩,주니어RHK,전자책,8925568691 ,아동,2023-03-10
8024,신 대공황,제임스 리카즈,알에이치코리아,전자책,8925589206 ,경제경영,2023-03-10
8025,시티 오브 걸스,엘리자베스 길버트,알에이치코리아,전자책,8925589214 ,소설,2023-03-10
8026,하루 5분 머니로그,손희애,알에이치코리아,전자책,8925589273 ,경제경영,2023-03-10
8027,"나의 아가, 나의 악마",조예 스테이지,알에이치코리아,전자책,8925589311 ,소설,2023-03-10
8028,I AM(아이엠) 블랙핑크,조영선,주니어RHK,전자책,8925589826 ,아동,2023-03-10
8029,블랙 쇼맨과 이름 없는 마을의 살인,히가시노 게이고,알에이치코리아,전자책,8925591715 ,소설,2023-03-10
8030,영어로 자동 변환! 미국영어 표현사전,이호상,다락원,전자책,8927701313 ,국어/외국어,2023-03-10
8031,"회사를 다닐 수도, 떠날 수도 없을 때",박태현,중앙북스,전자책,8927811887 ,자기계발,2023-03-10
8032,구토,장 폴 사르트르,문예출판사,전자책,8931021518 ,소설,2023-03-10
8033,치킨에는 진화의 역사가 있다,가와카미 가즈토,문예출판사,전자책,8931021534 ,과학/공학,2023-03-10
8034,수수한 아이패드 드로잉,수수진,영진닷컴,전자책,8931463200 ,예술/대중문화,2023-03-10
8035,퇴근 후 아마존,최우석,성안당,전자책,8931591063 ,경제경영,2023-03-10
8036,홀림,성석제,문학과지성사,전자책,8932011184 ,소설,2023-03-10
8037,한순간에,수잰 레드펀,열린책들,전자책,8932920737 ,소설,2023-03-10
8038,한번에 10권 플랫폼 독서법,김병완,청림출판,전자책,893521325X,자기계발,2023-03-10
8039,다산의 마지막 습관,조윤제,청림출판,전자책,8935213349 ,자기계발,2023-03-10
8040,1페이지 꿈★지도,류시천,청림출판,전자책,8935213381 ,자기계발,2023-03-10
8041,그럼에도 삶에 ‘예’라고 답할 때,빅터 프랭클,청아출판사,전자책,893681155X,시/에세이,2023-03-10
8042,그녀들의 범죄,요코제키 다이,샘터(샘터사),전자책,8946421681 ,소설,2023-03-10
8043,오늘날의 세상을 만든 6가지 놀라운 발견,스티븐 존슨,한국경제신문,전자책,8947546321 ,아동,2023-03-10
8044,결과가 증명하는 20년 책육아의 기적,서안정,한국경제신문,전자책,8947546593 ,가정/생활/요리,2023-03-10
8045,작열,아키요시 리카코,마시멜로,전자책,8947546615 ,소설,2023-03-10
8046,오늘 나에게 정말 필요했던 말,호다 코트비,한국경제신문,전자책,8947546623 ,자기계발,2023-03-10
8047,올웨이즈 데이 원,알렉스 칸트로위츠,한국경제신문,전자책,8947546828 ,경제경영,2023-03-10
8048,그때의 나에게 해주고 싶은 이야기,투에고,한국경제신문,전자책,8947546844 ,인문/역사,2023-03-10
8049,마티네의 끝에서,히라노 게이치로,아르테(arte),전자책,8950969904 ,소설,2023-03-10
8050,나를 봐,니콜라스 스파크스,아르테(arte),전자책,8950979705 ,소설,2023-03-10
8051,책임감이 자라는 강아지 탐구 생활,헬로그,아울북,전자책,8950988577 ,아동,2023-03-10
8052,더 체인(The Chain),에이드리언 매킨티,아르테(arte),전자책,8950989506 ,소설,2023-03-10
8053,언제나 사랑해,최형미,을파소,전자책,8950989859 ,유아,2023-03-10
8054,너를 기다릴게,김경애,을파소,전자책,8950989875 ,유아,2023-03-10
8055,제로 육아,김진선,21세기북스,전자책,8950991977 ,가정/생활/요리,2023-03-10
8056,노희영의 브랜딩 법칙,노희영,21세기북스,전자책,8950992787 ,경제경영,2023-03-10
8057,탄소사회의 종말,조효제,21세기북스,전자책,8950992949 ,정치/사회,2023-03-10
8058,오늘의 SF. 2,정세랑,아르테(arte),전자책,8950993023 ,소설,2023-03-10
8059,결혼은 모르겠고 내 집은 있습니다,김민정,21세기북스,전자책,8950993163 ,시/에세이,2023-03-10
8060,메이지유신을 설계한 최후의 사무라이들,박훈,21세기북스,전자책,8950993333 ,인문/역사,2023-03-10
8061,어른의 교양,천영준,21세기북스,전자책,8950993988 ,인문/역사,2023-03-10
8062,새로운 약은 어떻게 창조되나,교토대학대학원약학연구과,서울대학교출판문화원,전자책,8952113020 ,건강/의학,2023-03-10
8063,함부로 사랑하고 수시로 떠나다(멀티eBook),변종모,꼼지락,전자책,8954442366 ,시/에세이,2023-03-10
8064,"하나를 위한 정의, 모두를 위한 정의",오채환,자음과모음,전자책,8954442455 ,아동,2023-03-10
8065,세상을 바꾸는 미디어의 힘!,강용수,자음과모음,전자책,8954442641 ,아동,2023-03-10
8066,적어도 두 번,김멜라,자음과모음,전자책,8954444644 ,소설,2023-03-10
8067,비판과 토론 닫힌 세상을 열다,이한구,자음과모음,전자책,895444475X,아동,2023-03-10
8068,고양이 말씀은 나무 아래에서,아오야마 미치코,네오픽션,전자책,8954445306 ,소설,2023-03-10
8069,상관없는 거 아닌가?,장기하,문학동네,전자책,8954674607 ,시/에세이,2023-03-10
8070,서쌤이 알려 주는 인공 지능과 미래 인재 이야기,서지원,크레용하우스,전자책,8955476612 ,아동,2023-03-10
8071,가장 쉬운 굿즈 만들기,손혜린,정보문화사,전자책,8956748985 ,IT/프로그래밍,2023-03-10
8072,이곳저곳 우리 동네 지도 대장 나기호가 간다!,김평,가나출판사,전자책,8957368507 ,아동,2023-03-10
8073,밀어줄까?,유키 순,제우미디어,전자책,8959528137 ,소설,2023-03-10
8074,인구의 힘,폴 몰런드,미래의창,전자책,8959896756 ,인문/역사,2023-03-10
8075,카카오와 네이버는 어떻게 은행이 되었나,김강원,미래의창,전자책,8959896942 ,경제경영,2023-03-10
8076,가족의 두 얼굴,최광현,부키,전자책,8960511978 ,인문/역사,2023-03-10
8077,검사내전,김웅,부키,전자책,8960516171 ,정치/사회,2023-03-10
8078,쓰레기처럼 사랑하라,김달,비사이드,전자책,8960517038 ,자기계발,2023-03-10
8079,우리 반 베토벤,차유진,리틀씨앤톡,전자책,8960986658 ,아동,2023-03-10
8080,시계 수리점의 아기 고양이,이미례,리틀씨앤톡,전자책,8960986712 ,아동,2023-03-10
8081,우리가 몰랐던 백신의 놀라운 비밀,후나세 슌스케,중앙생활사,전자책,8961412647 ,건강/의학,2023-03-10
8082,고소한 이야기,박영만,사파리,전자책,8962249464 ,아동,2023-03-10
8083,사랑은 처음,이송현,위즈덤하우스,전자책,8962471744 ,아동,2023-03-10
8084,가을 아침에,김지현,위즈덤하우스,전자책,8962472015 ,유아,2023-03-10
8085,오리네 찜질방,민승지,위즈덤하우스,전자책,8962472376 ,유아,2023-03-10
8086,코로나 사이언스,기초과학연구원(IBS) (기획),동아시아,전자책,8962623501 ,과학/공학,2023-03-10
8087,믿습니까? 믿습니다,오후,동아시아,전자책,8962623595 ,인문/역사,2023-03-10
8088,파고다 오픽의 신 IM2-AL,이현석,파고다북스,전자책,8962818620 ,국어/외국어,2023-03-10
8089,스몰톡 영어회화,구슬,파고다북스,전자책,8962818639 ,국어/외국어,2023-03-10
8090,채용 트렌드 2021,윤영돈,비전코리아,전자책,8963221725 ,경제경영,2023-03-10
8091,공부가 되는 저절로 고사성어,글공작소,아름다운사람들,전자책,8965131073 ,아동,2023-03-10
8092,우리들이 개를 지키려는 이유,문경민,밝은미래,전자책,8965463629 ,아동,2023-03-10
8093,어린 여우를 위한 무서운 이야기,크리스천 맥케이 하이디커,밝은미래,전자책,8965463661 ,아동,2023-03-10
8094,오리진,루이스 다트넬,흐름출판,전자책,8965964008 ,과학/공학,2023-03-10
8095,무수히 많은 밤이 뛰어올라,후루이치 노리토시,흐름출판,전자책,8965964113 ,소설,2023-03-10
8096,중국 문화를 읽는 6가지 키워드,리어우판,흐름출판,전자책,8965964156 ,인문/역사,2023-03-10
8097,정의는 어떻게 실현되는가,프릿 바라라,흐름출판,전자책,8965964172 ,정치/사회,2023-03-10
8098,타인을 읽는 말,로런스 앨리슨,흐름출판,전자책,8965964229 ,자기계발,2023-03-10
8099,어떤 죽음이 삶에게 말했다,김범석,흐름출판,전자책,8965964237 ,시/에세이,2023-03-10
8100,내 외모가 어때서,박부금,풀빛미디어,전자책,8967340478 ,아동,2023-03-10
8101,꼬불꼬불나라의 동물권리이야기,서해경,풀빛미디어,전자책,8967341040 ,아동,2023-03-10
8102,"괜찮아, 우리 모두 처음이야!",이주희,개암나무,전자책,8968305692 ,아동,2023-03-10
8103,어린이가 알아야 할 음식 이야기,갈리아 타피에로,개암나무,전자책,8968305749 ,아동,2023-03-10
8104,성취하는 뇌,마르틴 코르테,블랙피쉬,전자책,8968332797 ,자기계발,2023-03-10
8105,빅히트 시그널,윤선미,블랙피쉬,전자책,896833286X,경제경영,2023-03-10
8106,당신이 살찌는 이유,진소희,성안북스,전자책,8970673970 ,건강/의학,2023-03-10
8107,적의 화장법,아멜리 노통브,문학세계사,전자책,8970755195 ,소설,2023-03-10
8108,철수 이야기 1 : 너와 보낸 계절들,상수탕,돌베개,전자책,8971999977 ,시/에세이,2023-03-10
8109,철수 이야기 2 : 그리고 다시 봄,상수탕,돌베개,전자책,8971999985 ,시/에세이,2023-03-10
8110,사랑한다면 거리를 두는 게 좋아(특별판 리커버 에디션),제이미 셸먼,리드리드출판,전자책,8972773476 ,자기계발,2023-03-10
8111,일곱 가지 이야기(BESTSELLER MINIBOOK 8),미셸 투르니에,소담출판사,전자책,8973817582 ,소설,2023-03-10
8112,산타 할아버지가 우리 할아버지라면,허은미,풀빛,전자책,8974741245 ,유아,2023-03-10
8113,"50부터, 운을 내 편으로 만드는 좋은 습관",사토 덴,문예춘추사,전자책,8976044290 ,자기계발,2023-03-10
8114,비움 효과,최현아,문예춘추사,전자책,8976044339 ,자기계발,2023-03-10
8115,이 땅에 태어나서,정주영,솔,전자책,8981332681 ,시/에세이,2023-03-10
8116,어린이를 위한 무역의 모든 것,서지원,풀과바람,전자책,8983895985 ,아동,2023-03-10
8117,프로덕트 오너,김성한,세종서적,전자책,8984077844 ,경제경영,2023-03-10
8118,한국사 편지. 1,박은봉,책과함께어린이,전자책,8991221440 ,아동,2023-03-10
8119,한국사 편지. 2,박은봉,책과함께어린이,전자책,8991221459 ,아동,2023-03-10
8120,한국사 편지. 3,박은봉,책과함께어린이,전자책,8991221467 ,아동,2023-03-10
8121,화산에서 살아남기,코믹컴,코믹컴,전자책,8994110534 ,아동,2023-03-10
8122,산에서 살아남기,코믹컴,코믹컴,전자책,8994110585 ,아동,2023-03-10
8123,남극에서 살아남기,코믹컴 (기획),코믹컴,전자책,8994110607 ,아동,2023-03-10
8124,재난에서 살아남는 10가지 방법,강로사,종이책,전자책,8994149392 ,아동,2023-03-10
8125,차별의 벽을 넘어 세상을 바꾼 101명의 여성,줄리아 애덤스,니케주니어,전자책,8998062143 ,아동,2023-03-10
8126,쉬엄쉬엄 엄마표 영어,이설희,더블엔,전자책,8998294982 ,가정/생활/요리,2023-03-10
8127,(생각쟁이인물) 안창호,이태복,씽크하우스,전자책,D200603740,아동,2023-03-10
8128,관통하는 마음,전우진,마카롱,전자책,D200917020,소설,2023-03-10
8129,운의 힘,박성준,소미북스,전자책,D200928930,자기계발,2023-03-10
8130,쿵쿵이는 몰랐던 이상한 편견 이야기,허은실,풀빛,전자책,D201222230,아동,2023-03-10
8131,클라우스 슈밥의 위대한 리셋,클라우스 슈밥,메가스터디북스,전자책,1129707075 ,경제경영,2023-03-10
8132,파리에서 도시락을 파는 여자,켈리 최,다산 3.0,전자책,1130614670 ,자기계발,2023-03-10
8133,살집팔집,고종완,다산북스,전자책,1130630994 ,경제경영,2023-03-10
8134,확신,롭 무어,다산북스,전자책,1130634574 ,자기계발,2023-03-10
8135,순서 파괴,콜린 브라이어,다산북스,전자책,1130635651 ,경제경영,2023-03-10
8136,365일,블란카 리핀스카,다산책방,전자책,1130635678 ,소설,2023-03-10
8137,나는 자는 동안에도 돈을 번다,리뷰요정리남,다산북스,전자책,113063583X,자기계발,2023-03-10
8138,터지는 콘텐츠는 이렇게 만듭니다,박창선,유영,전자책,1130635880 ,자기계발,2023-03-10
8139,스토아 수업,라이언 홀리데이,다산초당,전자책,1130636364 ,인문/역사,2023-03-10
8140,왜 일하는가,이나모리 가즈오,다산북스,전자책,1130637034 ,자기계발,2023-03-10
8141,포기할 수 없는 아픔에 대하여,김현지,다산북스,전자책,1130637077 ,시/에세이,2023-03-10
8142,뇌 과학이 인생에 필요한 순간,김대수,브라이트,전자책,1130637115 ,인문/역사,2023-03-10
8143,인플레이션,하노 벡,다산북스,전자책,1130637131 ,경제경영,2023-03-10
8144,서울대 수석은 이렇게 공부합니다,김태훈,다산에듀,전자책,1130637158 ,청소년,2023-03-10
8145,오래된 질문,다큐멘터리 <Noble Asks> 제작팀,다산초당,전자책,1130637549 ,인문/역사,2023-03-10
8146,불안한 사람들,프레드릭 배크만,다산책방,전자책,1130637611 ,소설,2023-03-10
8147,한국인의 맛,정명섭,추수밭,전자책,1155401808 ,인문/역사,2023-03-10
8148,IT 좀 아는 사람,닐 메타,윌북,전자책,1155813359 ,경제경영,2023-03-10
8149,소란스러운 세상 속 혼자를 위한 책,데비 텅,윌북,전자책,1155813375 ,시/에세이,2023-03-10
8150,정원의 쓸모,수 스튜어트 스미스,윌북,전자책,1155813472 ,인문/역사,2023-03-10
8151,일의 감각,로저 니본,윌북,전자책,1155813499 ,인문/역사,2023-03-10
8152,디테일 사전: 도시편,안젤라 애커만,윌북,전자책,115581360X,인문/역사,2023-03-10
8153,바보의 세계,장프랑수아 마르미옹,윌북,전자책,1155813650 ,인문/역사,2023-03-10
8154,"또, 먹어버렸습니다",김윤아,다른,전자책,1156333083 ,시/에세이,2023-03-10
8155,노력의 기쁨과 슬픔,올리비에 푸리올,다른,전자책,115633392X,인문/역사,2023-03-10
8156,가난의 문법,소준철,푸른숲,전자책,1156758513 ,정치/사회,2023-03-10
8157,추월의 시대,김시우,메디치미디어,전자책,1157062210 ,정치/사회,2023-03-10
8158,무조건 팔리는 카피 단어장,간다 마사노리,동양북스,전자책,1157686958 ,자기계발,2023-03-10
8159,풀꽃은 왜 자꾸 말을 걸어올까,박미정,책과나무,전자책,1157769578 ,아동,2023-03-10
8160,5초의 법칙,멜 로빈스,한빛비즈,전자책,1157842046 ,자기계발,2023-03-10
8161,불렛저널,라이더 캐롤,한빛비즈,전자책,1157842976 ,자기계발,2023-03-10
8162,미라클 모닝 밀리어네어,할 엘로드,한빛비즈,전자책,1157843247 ,자기계발,2023-03-10
8163,내러티브 & 넘버스,애스워드 다모다란,한빛비즈,전자책,115784376X,경제경영,2023-03-10
8164,까면서 보는 해부학 만화,압듈라,한빛비즈,전자책,1157844243 ,과학/공학,2023-03-10
8165,바빌론 부자들의 돈 버는 지혜,조지 S. 클래이슨,한빛비즈,전자책,1157844456 ,경제경영,2023-03-10
8166,부의 원칙,래리 하이트,한빛비즈,전자책,1157844480 ,경제경영,2023-03-10
8167,대중교통 타고 북적북적 도시 탐험,이나 게츠버그,키다리,전자책,1157851886 ,아동,2023-03-10
8168,일어나기 싫어,이경은,키다리,전자책,1157852300 ,유아,2023-03-10
8169,그깟 100원이라고?,양미진,키다리,전자책,1157853226 ,아동,2023-03-10
8170,나의 첫 다이어트 근육 자세 홈트,도가와 아이,비타북스,전자책,1158463499 ,건강/의학,2023-03-10
8171,멘탈의 연금술,보도 섀퍼,토네이도,전자책,1158511981 ,자기계발,2023-03-10
8172,눈떠보니 서른,강혁진,토네이도,전자책,1158512082 ,자기계발,2023-03-10
8173,타이탄의 지혜들,데이비드 M. 루벤스타인,토네이도,전자책,1158512090 ,자기계발,2023-03-10
8174,내가 사랑한 화가들,정우철,나무의철학,전자책,1158512139 ,예술/대중문화,2023-03-10
8175,심리학이 돈을 말하다,저우신위에,미디어숲,전자책,115874112X,자기계발,2023-03-10
8176,플랫폼 경제와 공짜 점심,강성호,미디어숲,전자책,1158741197 ,경제경영,2023-03-10
8177,대통령은 누가 뽑나요?,정관성,노란돼지,전자책,1159950210 ,아동,2023-03-10
8178,나는 북한에서 온 전학생,허순영,노란돼지,전자책,1159950253 ,아동,2023-03-10
8179,대한 독립 만세,홍은아,노란돼지,전자책,1159950598 ,아동,2023-03-10
8180,엄마 자판기,조경희,노란돼지,전자책,1159950687 ,아동,2023-03-10
8181,나는 엄마가 둘이래요!,정설희,노란돼지,전자책,1159950865 ,아동,2023-03-10
8182,강흥보의 ETF 투자특강,강흥보,한스미디어,전자책,1160075727 ,경제경영,2023-03-10
8183,ESG 혁명이 온다,김재필,한스미디어,전자책,1160075875 ,경제경영,2023-03-10
8184,좋아하는 물건과 가볍게 살고 싶어,밀리카,싸이프레스,전자책,1160321191 ,가정/생활/요리,2023-03-10
8185,앞에만 서면 덜덜덜,김현태,머스트비,전자책,1160341176 ,아동,2023-03-10
8186,"로봇 강아지, 심쿵!",백혜영,머스트비,전자책,1160341265 ,아동,2023-03-10
8187,가만히 부르는 이름,임경선,한겨레출판사,전자책,1160404267 ,소설,2023-03-10
8188,책 한번 써봅시다,장강명,한겨레출판사,전자책,1160404372 ,인문/역사,2023-03-10
8189,고도일보 송가을인데요,송경화,한겨레출판사,전자책,1160404550 ,소설,2023-03-10
8190,기록하기로 했습니다.,김신지,휴머니스트,전자책,1160805393 ,시/에세이,2023-03-10
8191,비밀 소원,김다노,사계절,전자책,1160946736 ,아동,2023-03-10
8192,내 친구의 집,우미옥,사계절,전자책,1160946876 ,아동,2023-03-10
8193,고조를 찾아서,이지은,사계절,전자책,1160946930 ,아동,2023-03-10
8194,나무가 된 아이,남유하,사계절,전자책,1160947104 ,아동,2023-03-10
8195,새로운 단어를 찾습니다,사사키 겐이치,뮤진트리,전자책,1161110267 ,인문/역사,2023-03-10
8196,1일 1페이지 그날 세계사 365,백재현,팬덤북스,전자책,1161691448 ,인문/역사,2023-03-10
8197,엄마들만 아는 세계,정우열,서랍의날씨,전자책,1161691588 ,가정/생활/요리,2023-03-10
8198,참 애썼다 그것으로 되었다,정영욱,부크럼,전자책,1162141883 ,시/에세이,2023-03-10
8199,EEA: English for Everyday Activities(한글판),Lawrence J. Zwier,웅진컴퍼스,전자책,1162371730 ,국어/외국어,2023-03-10
8200,주식 공부 5일 완성,박민수,비즈니스북스,전자책,1162541865 ,경제경영,2023-03-10
8201,컨버전스 2030,피터 디아만디스,비즈니스북스,전자책,1162541946 ,경제경영,2023-03-10
8202,마지막 몰입: 나를 넘어서는 힘,짐 퀵,비즈니스북스,전자책,1162541962 ,자기계발,2023-03-10
8203,당신의 생각을 정리해드립니다,복주환,비즈니스북스,전자책,1162542047 ,자기계발,2023-03-10
8204,클린 CLEAN,구사나기 류순,비즈니스북스,전자책,1162542063 ,자기계발,2023-03-10
8205,세렌디피티 코드,크리스티안 부슈,비즈니스북스,전자책,1162542101 ,자기계발,2023-03-10
8206,물의 보이지 않는 곳을 들여다보았더니,데즈카 아케미,책속물고기,전자책,1163270873 ,아동,2023-03-10
8207,주식 거인들에게 배우는 잃지 않는 투자 원칙 49,김명환,스마트비즈니스,전자책,1163430358 ,경제경영,2023-03-10
8208,오지게 재밌게 나이듦,김재환,북하우스,전자책,1164050761 ,시/에세이,2023-03-10
8209,어웨이크,박세니,책들의정원,전자책,1164160710 ,자기계발,2023-03-10
8210,AI 최강의 수업,김진형,매일경제신문사,전자책,1164841904 ,자기계발,2023-03-10
8211,메트로폴리스,벤 윌슨,매일경제신문사,전자책,1164842250 ,인문/역사,2023-03-10
8212,네이버 vs 카카오,홍성용,매일경제신문사,전자책,116484248X,경제경영,2023-03-10
8213,비 이모의 멋진 하루,다이애나 윈 존스,가람어린이,전자책,1165181002 ,아동,2023-03-10
8214,[epub3.0]유하다요의 10시간 일본어 첫걸음,전유하(유하다요),길벗,전자책,1165214253 ,국어/외국어,2023-03-10
8215,잘 팔리는 브랜드의 법칙,구자영,더퀘스트,전자책,1165214644 ,경제경영,2023-03-10
8216,소수몽키의 한 권으로 끝내는 미국주식,소수몽키(홍승초),길벗,전자책,1165214970 ,경제경영,2023-03-10
8217,당신의 사랑은 당신을 닮았다,전미경,더퀘스트,전자책,1165215055 ,인문/역사,2023-03-10
8218,웹소설 써서 먹고삽니다,정무늬,길벗,전자책,1165215284 ,IT/프로그래밍,2023-03-10
8219,미적분의 쓸모,한화택,더퀘스트,전자책,1165215497 ,과학/공학,2023-03-10
8220,초월,가이아 빈스,쌤앤파커스,전자책,1165342790 ,과학/공학,2023-03-10
8221,"으악, 큰일 났다!",송승주,천개의바람,전자책,1165731258 ,아동,2023-03-10
8222,연필 도둑 한명필,송재환,천개의바람,전자책,1165731274 ,아동,2023-03-10
8223,머물고 싶은 동네가 뜬다,모종린,알키,전자책,1165794632 ,경제경영,2023-03-10
8224,은퇴 형사 동철수의 영광,최혁곤,시공사,전자책,1165795434 ,소설,2023-03-10
8225,만돌이,윤동주,북극곰,전자책,1165880377 ,유아,2023-03-10
8226,햇살 같은 안녕,아멜리 자보,북극곰,전자책,1165880822 ,유아,2023-03-10
8227,미래,미나토 가나에,소미미디어,전자책,1166114813 ,소설,2023-03-10
8228,청의 왕: 탑의 소녀,히로시마 레이코,소미미디어,전자책,1166118118 ,아동,2023-03-10
8229,걷다 보면 괜찮아질 거야,오가와 요코,티라미수 더북,전자책,1166372669 ,시/에세이,2023-03-10
8230,독살로 읽는 세계사,엘리너 허먼,현대지성,전자책,116681419X,인문/역사,2023-03-10
8231,가벼운 스페인어,가벼운학습지,패스트캠퍼스랭귀지,전자책,1166930009 ,국어/외국어,2023-03-10
8232,어둠 속에서도 바다는 푸르다. 2,이철환,특별한서재,전자책,1167030001 ,소설,2023-03-10
8233,중국의 선택,이철,처음북스,전자책,1170222188 ,정치/사회,2023-03-10
8234,학교가 사라진 날,고정욱,한솔수북,전자책,1170281850 ,아동,2023-03-10
8235,딸에게 보내는 굿나잇 키스,이어령,열림원,전자책,1170400418 ,시/에세이,2023-03-10
8236,북극에서 온 남자 울릭,프랑수아 를로르,열림원,전자책,1170400434 ,소설,2023-03-10
8237,방귀쟁이 푸딩과 함께라면,조 버거,소원나무,전자책,1170440347 ,아동,2023-03-10
8238,만두의 더운 날,윤식이,소원나무,전자책,1170440517 ,유아,2023-03-10
8239,페미니즘은 어떻게 괴물이 되었나,오세라비,글통,전자책,1185032533 ,정치/사회,2023-03-10
8240,내 꿈은 방울토마토 엄마,허윤,키위북스,전자책,118517303X,아동,2023-03-10
8241,"두 번 다시, 경험하고 싶지 않은 나라",김종혁,백년동안,전자책,1186061766 ,정치/사회,2023-03-10
8242,내가 되어가는 순간,헤르만 헤세,생각속의집,전자책,1186118407 ,시/에세이,2023-03-10
8243,"그냥, 사람",홍은전,봄날의책,전자책,1186372796 ,시/에세이,2023-03-10
8244,세상에서 제일 좋은 아이중심 몬테소리,박명진,슬로래빗,전자책,118649462X,가정/생활/요리,2023-03-10
8245,비극의 탄생,손병관,왕의서재,전자책,1186615532 ,정치/사회,2023-03-10
8246,투자공부 365,한국비즈니스정보,어바웃어북,전자책,118715086X,경제경영,2023-03-10
8247,바이러스와 맞서 싸운 위대한 영웅들,박성아,M&Kids,전자책,118715394X,아동,2023-03-10
8248,비만의 종말,가쓰 데이비스,사이몬북스,전자책,1187330191 ,건강/의학,2023-03-10
8249,젊은 부자의 법칙,바이런베이,토트,전자책,1187444650 ,경제경영,2023-03-10
8250,존리의 부자되기 습관,존 리,지식노마드,전자책,1187481726 ,경제경영,2023-03-10
8251,네 명의 할머니,다이애나 윈 존스,가람어린이,전자책,1187777749 ,아동,2023-03-10
8252,어린이를 위한 마음 공부,이주윤,보랏빛소,전자책,1187856452 ,아동,2023-03-10
8253,조인트 사고,사토 후미아키,생각지도,전자책,1187875090 ,경제경영,2023-03-10
8254,나의 첫 투자 수업. 1: 마인드편,김정환,트러스트북스,전자책,1187993794 ,경제경영,2023-03-10
8255,나의 첫 투자 수업. 2: 투자편,김정환,트러스트북스,전자책,1187993808 ,경제경영,2023-03-10
8256,팬 뱅잉 Cookie,사라 키퍼,티나,전자책,1188417258 ,가정/생활/요리,2023-03-10
8257,나는 왜 참으려고만 할까?,이시하라 가즈코,필름(Feelm),전자책,118846972X,인문/역사,2023-03-10
8258,다이어트에 진심입니다,이지애,더블유미디어,전자책,1188476297 ,시/에세이,2023-03-10
8259,코로나 팬데믹,슈샤리트 박티,더봄,전자책,1188522825 ,과학/공학,2023-03-10
8260,우리 가족은 정원사입니다,조안나 게이즈와 아이들,나는별,전자책,1188574132 ,아동,2023-03-10
8261,숲속 별별 상담소,신전향,파란자전거,전자책,1188609327 ,아동,2023-03-10
8262,써먹는 영문법,브랜던 로열,카시오페아,전자책,118867403X,국어/외국어,2023-03-10
8263,초등 질문의 힘,이지연,청림라이프,전자책,1188700820 ,가정/생활/요리,2023-03-10
8264,넥스트 테슬라를 찾아라,홍성철,에프엔미디어,전자책,1188754394 ,경제경영,2023-03-10
8265,138억 살 신비한 별별 우주 탐험,정완상,성림주니어북,전자책,1188762184 ,아동,2023-03-10
8266,매직 레시피,아하부장,프롬비,전자책,1188801082 ,가정/생활/요리,2023-03-10
8267,퓨마의 오랜 밤,박현숙,노란상상,전자책,1188867229 ,아동,2023-03-10
8268,이 선이 필요할까?,차재혁,노란상상,전자책,1188867431 ,유아,2023-03-10
8269,시간을 굽는 빵집,김주현,노란상상,전자책,118886792X,아동,2023-03-10
8270,어둠 속에서도 바다는 푸르다. 1,이철환,특별한서재,전자책,1188912003 ,소설,2023-03-10
8271,기억의 저편,김세화,몽실북스,전자책,1189178419 ,소설,2023-03-10
8272,필(Feel),이윤주,고래가숨쉬는도서관,전자책,1189239175 ,아동,2023-03-10
8273,늙은 아이들,임지형,고래가숨쉬는도서관,전자책,1189239434 ,아동,2023-03-10
8274,매국노 고종,박종인,와이즈맵,전자책,1189328356 ,인문/역사,2023-03-10
8275,처음 읽는 음식의 세계사,미야자키 마사카츠,탐나는책,전자책,1189550377 ,인문/역사,2023-03-10
8276,어리석은 자의 독,우사미 마코토,블루홀식스(블루홀6),전자책,1189571390 ,소설,2023-03-10
8277,머더스,나가우라 교,블루홀식스(블루홀6),전자책,1189571463 ,소설,2023-03-10
8278,지브리의 천재들,스즈키 도시오,포레스트북스,전자책,1189584883 ,경제경영,2023-03-10
8279,송사비의 클래식 음악야화,송사비,1458music,전자책,1189598124 ,예술/대중문화,2023-03-10
8280,죽으려고 살기를 그만두었다,허새로미,봄알람,전자책,1189623056 ,시/에세이,2023-03-10
8281,야나두 나의 즐거운 영어생활,원예나,라곰,전자책,1189686244 ,국어/외국어,2023-03-10
8282,유전자 조작 반려동물 뭉치,김해우,책과콩나무,전자책,1189734311 ,아동,2023-03-10
8283,호흡의 기술,제임스 네스터,북트리거,전자책,1189799367 ,과학/공학,2023-03-10
8284,친절한 중국어 회화,설태걸,비타민북,전자책,1189952661 ,국어/외국어,2023-03-10
8285,토와의 정원,오가와 이토,달로와,전자책,1190015374 ,소설,2023-03-10
8286,진짜 일 학년 맞수가 나타났다!,신순재,천개의바람,전자책,119007740X,아동,2023-03-10
8287,할머니의 용궁 여행,권민조,천개의바람,전자책,1190077434 ,유아,2023-03-10
8288,우리는 이 별을 떠나기로 했어,천선란,허블,전자책,1190090376 ,소설,2023-03-10
8289,꼭두각시 살인사건,다니엘 콜,북플라자,전자책,1190157276 ,소설,2023-03-10
8290,그림 그리는 할머니 김두엽입니다,김두엽,북로그컴퍼니,전자책,1190224747 ,시/에세이,2023-03-10
8291,5분 뚝딱 철학,김필영,스마트북스,전자책,1190238314 ,인문/역사,2023-03-10
8292,부자의 공식,이정윤,베가북스,전자책,1190242680 ,경제경영,2023-03-10
8293,알아두면 쓸모 있는 영어 회화 잡학사전,서장혁,토마토출판사,전자책,1190278596 ,국어/외국어,2023-03-10
8294,오늘부터 나는 브랜드가 되기로 했다,김키미,웨일북(whalebooks),전자책,1190313855 ,자기계발,2023-03-10
8295,의미 있는 삶을 위하여,알렉스 룽구,수오서재,전자책,1190382369 ,자기계발,2023-03-10
8296,나를 바꾼 기록 생활,신미경,뜻밖,전자책,1190473550 ,시/에세이,2023-03-10
8297,망월폐견,전우용,새움,전자책,1190473569 ,정치/사회,2023-03-10
8298,탄금: 금을 삼키다,장다혜,북레시피,전자책,1190489295 ,소설,2023-03-10
8299,페어플레이 프로젝트,이브 로드스키,메이븐,전자책,1190538288 ,자기계발,2023-03-10
8300,조금씩 방울토마토,하정산,봄개울,전자책,1190689049 ,유아,2023-03-10
8301,너도 가끔 그렇지?,이재경,고래뱃속,전자책,1190747022 ,유아,2023-03-10
8302,엄마의 주식 공부,엄지언,카시오페아,전자책,1190776456 ,경제경영,2023-03-10
8303,리더의 말 그릇,김윤나,카시오페아,전자책,1190776618 ,자기계발,2023-03-10
8304,횡설수설하지 않고 핵심만 말하는 법,야마구치 다쿠로,유노북스,전자책,1190826437 ,자기계발,2023-03-10
8305,물러서지 않을 용기,리궈추이,유노북스,전자책,1190826453 ,자기계발,2023-03-10
8306,감정이 상처가 되기 전에,충페이충,유노북스,전자책,1190826518 ,자기계발,2023-03-10
8307,반야심경 마음공부,페이융,유노북스,전자책,1190826550 ,인문/역사,2023-03-10
8308,성장하는 오십은 늙지 않는다,정미숙,유노북스,전자책,1190826593 ,자기계발,2023-03-10
8309,사실은 사랑받고 싶었어,박재연,한빛라이프,전자책,119084611X,인문/역사,2023-03-10
8310,딱 1년만 계획적으로 살아보기,임다혜,잇콘,전자책,1190916282 ,자기계발,2023-03-10
8311,읽기만 하면 내 것이 되는 1페이지 미술 365,김영숙,비에이블,전자책,1190931109 ,예술/대중문화,2023-03-10
8312,네가 혼자서 울지 않았으면 좋겠다,안상현,비에이블,전자책,1190931192 ,시/에세이,2023-03-10
8313,K바이오 트렌드(2021),김병호,허클베리북스,전자책,1190933055 ,경제경영,2023-03-10
8314,진짜 프랑스는 시골에 있다,문정훈,상상출판,전자책,1190938332 ,여행/취미,2023-03-10
8315,더 이상한 수학책,벤 올린,북라이프,전자책,119101312X,과학/공학,2023-03-10
8316,나는 이제 마음 편히 살기로 했다,가바사와 시온,북라이프,전자책,1191013154 ,자기계발,2023-03-10
8317,냄새의 심리학,베티나 파우제,북라이프,전자책,1191013200 ,인문/역사,2023-03-10
8318,한국추리문학상 황금펜상 수상작품집: 2007-2020 특별판,황세연,나비클럽,전자책,1191029050 ,소설,2023-03-10
8319,나는 나답게 살기로 했다,손힘찬,스튜디오오드리,전자책,1191043150 ,인문/역사,2023-03-10
8320,오늘은 이만 좀 쉴게요(10만 부 기념 스페셜 에디션),손힘찬(오가타 마리토),스튜디오오드리,전자책,1191043185 ,시/에세이,2023-03-10
8321,휴먼카인드,뤼트허르 브레흐만,인플루엔셜,전자책,1191056473 ,인문/역사,2023-03-10
8322,"명견만리: 대전환, 청년, 기후, 신뢰 편",KBS〈명견만리〉제작진,인플루엔셜,전자책,1191056597 ,경제경영,2023-03-10
8323,완벽한 아이,모드 쥘리앵,복복서가,전자책,1191114058 ,시/에세이,2023-03-10
8324,대전환의 시대,짐 로저스,알파미디어,전자책,1191122069 ,경제경영,2023-03-10
8325,새로운 가난이 온다,김만권,혜다,전자책,1191183033 ,정치/사회,2023-03-10
8326,인구 미래 공존,조영태,북스톤,전자책,1191211207 ,경제경영,2023-03-10
8327,잃어버린 단어들의 사전,핍 윌리엄스,엘리,전자책,1191247023 ,소설,2023-03-10
8328,식탁 위의 중국사,장징,현대지성,전자책,1191260895 ,인문/역사,2023-03-10
8329,"영어, 발음이 왜 그래?",이호진,라온북,전자책,119128302X,국어/외국어,2023-03-10
8330,악마의 레시피,류지,시그마북스,전자책,1191307336 ,가정/생활/요리,2023-03-10
8331,"괴물, 조선의 또 다른 풍경",곽재식,위즈덤하우스,전자책,1191308227 ,인문/역사,2023-03-10
8332,"이어령, 80년 생각",김민희,위즈덤하우스,전자책,1191308308 ,인문/역사,2023-03-10
8333,아이가 내 맘 같지 않아도 꾸짖지 않는 육아,니콜라 슈미트,위즈덤하우스,전자책,1191308979 ,가정/생활/요리,2023-03-10
8334,인생을 바꾸는 생각들,바버라 오클리,포레스트북스,전자책,1191347052 ,자기계발,2023-03-10
8335,인플레이션 이야기,신환종,포레스트북스,전자책,1191347117 ,경제경영,2023-03-10
8336,서동주의 합격 공부법,서동주,포레스트북스,전자책,1191347133 ,자기계발,2023-03-10
8337,매매의 기술,박병창,포레스트북스,전자책,1191347184 ,경제경영,2023-03-10
8338,게임 인류,김상균,몽스북,전자책,1191401014 ,경제경영,2023-03-10
8339,"제프 베조스, 발명과 방황",제프 베조스,위즈덤하우스,전자책,1191425584 ,경제경영,2023-03-10
8340,부자들은 이런 주식을 삽니다,김현준,위즈덤하우스,전자책,1191425606 ,경제경영,2023-03-10
8341,나는 언제나 내가 먼저였다,강탱,위즈덤하우스,전자책,1191425614 ,시/에세이,2023-03-10
8342,생각의 쓰임,생각노트,위즈덤하우스,전자책,1191425762 ,경제경영,2023-03-10
8343,펭귄의 집이 반으로 줄었어요,채인선,위즈덤하우스,전자책,1191425967 ,유아,2023-03-10
8344,"괜찮은 척 말고, 애쓰지도 말고",홍창진,허들링북스,전자책,1191505006 ,시/에세이,2023-03-10
8345,당신이 숨기고 있는 것들,정도언,지와인,전자책,1191521001 ,인문/역사,2023-03-10
8346,밤을 걷는 밤,유희열,위즈덤하우스,전자책,1191583120 ,시/에세이,2023-03-10
8347,핵심만 남기고 줄이는 게 체질,김범준,위즈덤하우스,전자책,1191583228 ,자기계발,2023-03-10
8348,화가 호로록 풀리는 책,신혜영,위즈덤하우스,전자책,1191583406 ,유아,2023-03-10
8349,그럴수록 산책,도대체,위즈덤하우스,전자책,1191583414 ,시/에세이,2023-03-10
8350,마음 감옥에서 탈출했습니다,에디트 에바 에거,위즈덤하우스,전자책,1191583562 ,인문/역사,2023-03-10
8351,오늘은 또 무슨 헛소리를 써볼까,심너울,위즈덤하우스,전자책,1191583686 ,시/에세이,2023-03-10
8352,내가 죽기를 바라는 자들,마이클 코리타,황금시간,전자책,119160201X,소설,2023-03-10
8353,너를 죽일 수밖에 없었어,안젤라 마슨즈,품스토리,전자책,1196519609 ,소설,2023-03-10
8354,"우연의 질병, 필연의 죽음",미야노 마키코,다다서재,전자책,1196820090 ,인문/역사,2023-03-10
8355,똘복이가 돌아왔다,이경순,마주별,전자책,119683072X,아동,2023-03-10
8356,엄마를 도둑맞았어,최은영,마주별,전자책,1196830754 ,아동,2023-03-10
8357,난민 말고 친구,최은영,마주별,전자책,1196830770 ,아동,2023-03-10
8358,수학 잘하는 아이는 이렇게 공부합니다,류승재,블루무스,전자책,119684819X,가정/생활/요리,2023-03-10
8359,남자의 클래식,안우성,몽스북,전자책,1196946574 ,예술/대중문화,2023-03-10
8360,프로페셔널 스튜던트,김용섭,퍼블리온,전자책,1197016872 ,자기계발,2023-03-10
8361,작은 별이지만 빛나고 있어,소윤,북로망스,전자책,1197037152 ,시/에세이,2023-03-10
8362,MZ세대트렌드 코드,고광열,밀리언서재,전자책,1197051171 ,자기계발,2023-03-10
8363,애린 왕자,앙투안 드 생텍쥐페리,도서출판 이팝,전자책,1197182209 ,소설,2023-03-10
8364,최배근 대한민국 대전환 100년의 조건,최배근,월요일의 꿈,전자책,1197205322 ,경제경영,2023-03-10
8365,미국을 만든 50개 주 이야기,김동섭,미래의창,전자책,1197293469 ,인문/역사,2023-03-10
8366,온라인 창업 마스터,이종구,모던스튜디오,전자책,1197359206 ,경제경영,2023-03-10
8367,아무리 게을러도 스트레칭은 해야 한다,와다 기요카,루미너스,전자책,1197376607 ,건강/의학,2023-03-10
8368,운의 알고리즘,정회도,소울소사이어티,전자책,1197410309 ,자기계발,2023-03-10
8369,당신의 가격은 틀렸습니다,김유진,도서담,전자책,119742637X,경제경영,2023-03-10
8370,그 산이 정말 거기 있었을까,박완서,웅진지식하우스,전자책,8901248190 ,소설,2023-03-10
8371,행동경제학,리처드 탈러,웅진지식하우스,전자책,8901248689 ,경제경영,2023-03-10
8372,절대 배신하지 않는 공부의 기술,이상욱(긍정에너지토리파),웅진지식하우스,전자책,8901248751 ,자기계발,2023-03-10
8373,방구석 노트북 하나로 월급 독립 프로젝트,노마드 그레이쓰,리더스북,전자책,8901248778 ,경제경영,2023-03-10
8374,탤런트 코드,대니얼 코일,웅진지식하우스,전자책,8901248972 ,자기계발,2023-03-10
8375,은둔의 즐거움,신기율,웅진지식하우스,전자책,8901249456 ,자기계발,2023-03-10
8376,질서 너머,조던 피터슨,웅진지식하우스,전자책,8901249596 ,인문/역사,2023-03-10
8377,뉴 맵,대니얼 예긴,리더스북,전자책,890124960X,경제경영,2023-03-10
8378,인간 욕망의 법칙,로버트 그린,웅진지식하우스,전자책,8901249731 ,인문/역사,2023-03-10
8379,강원국의 어른답게 말합니다,강원국,웅진지식하우스,전자책,8901250012 ,자기계발,2023-03-10
8380,마음챙김이 일상이 되면 달라지는 것들,캐럴라인 웰치,갤리온,전자책,8901250047 ,자기계발,2023-03-10
8381,인간 생존의 법칙,로버트 그린,웅진지식하우스,전자책,8901250187 ,인문/역사,2023-03-10
8382,프리워커스,모빌스 그룹,알에이치코리아,전자책,8925588668 ,경제경영,2023-03-10
8383,프로젝트 헤일메리,앤디 위어,알에이치코리아,전자책,8925588730 ,소설,2023-03-10
8384,"아들아, 돈 공부해야 한다",정선용(정스토리),알에이치코리아,전자책,8925588900 ,경제경영,2023-03-10
8385,슈퍼팬,팻 플린,알에이치코리아,전자책,8925588927 ,경제경영,2023-03-10
8386,당연한 것을 당연하지 않게,허휘수,알에이치코리아,전자책,8925588935 ,시/에세이,2023-03-10
8387,위대한 시크릿,론다 번,알에이치코리아,전자책,8925588994 ,자기계발,2023-03-10
8388,나폴레온 힐 부자 수업,나폴레온 힐,알에이치코리아,전자책,8925589117 ,자기계발,2023-03-10
8389,동사 중심 네이티브 영어표현력 사전,Changsoo Lee,다락원,전자책,892770133X,국어/외국어,2023-03-10
8390,최강동사 30개로 내가 스피킹이다,설연의,다락원,전자책,8927701364 ,국어/외국어,2023-03-10
8391,생생 체험 현지 생활 일본어,김해정,다락원,전자책,8927712498 ,국어/외국어,2023-03-10
8392,운을 부르는 습관,게이 헨드릭스,중앙북스,전자책,8927812034 ,자기계발,2023-03-10
8393,팬데믹 제2국면,우석훈,문예출판사,전자책,8931021550 ,경제경영,2023-03-10
8394,문화란 무엇인가,테리 이글턴,문예출판사,전자책,8931021577 ,인문/역사,2023-03-10
8395,김기사의 e-쉬운 전기,김명진,성안당,전자책,8931526806 ,과학/공학,2023-03-10
8396,기초 영문법 7일만에 끝내기,사와이 고스케,성안당,전자책,8931581661 ,국어/외국어,2023-03-10
8397,환한 숨,조해진,문학과지성사,전자책,8932038236 ,소설,2023-03-10
8398,미친 세상을 이해하는 척하는 방법,움베르토 에코,열린책들,전자책,8932920796 ,시/에세이,2023-03-10
8399,밤불의 딸들,야 지야시,열린책들,전자책,8932920974 ,소설,2023-03-10
8400,조금 알고 적당히 모르는 오십이 되었다,이주희,청림출판,전자책,8935213403 ,자기계발,2023-03-10
8401,모든 것이 달라지는 순간,리타 맥그래스,청림출판,전자책,8935213489 ,경제경영,2023-03-10
8402,마음이 무기가 될 때,스티븐 클레미치,한국경제신문사,전자책,894754664X,자기계발,2023-03-10
8403,강방천의 관점,강방천,한국경제신문,전자책,8947546984 ,경제경영,2023-03-10
8404,싱크 어게인,애덤 그랜트,한국경제신문,전자책,8947547077 ,경제경영,2023-03-10
8405,웰컴 투 셰어하우스,케이트 헬름,마시멜로,전자책,8947547093 ,소설,2023-03-10
8406,최강의 조직,벤 호로위츠,한국경제신문,전자책,8947547166 ,경제경영,2023-03-10
8407,아니 땐 굴뚝에 연기는,아시자와 요,아르테(arte),전자책,895099352X,소설,2023-03-10
8408,김찬용의 아트 내비게이션,김찬용,아르테(arte),전자책,8950993538 ,예술/대중문화,2023-03-10
8409,나는 아침마다 삶의 감각을 깨운다,고토 하야토,21세기북스,전자책,895099447X,자기계발,2023-03-10
8410,결혼은 신중하게 이혼은 신속하게,이지훈,21세기북스,전자책,8950994496 ,자기계발,2023-03-10
8411,내 마음을 나도 모를 때,양재진,21세기북스,전자책,8950994763 ,자기계발,2023-03-10
8412,일인칭 단수,무라카미 하루키,문학동네,전자책,8954675980 ,소설,2023-03-10
8413,나는 내가 싫고 좋고 이상하고,백은선,문학동네,전자책,8954677231 ,시/에세이,2023-03-10
8414,고양이는 알고 있어,박현숙,킨더랜드,전자책,8956187932 ,아동,2023-03-10
8415,전설의 보물지도,박현숙,킨더랜드,전자책,8956188432 ,아동,2023-03-10
8416,동생 없는 날,여름꽃,킨더랜드,전자책,8956189285 ,유아,2023-03-10
8417,난 하나도 괜찮지 않아,박보람,킨더랜드,전자책,8956189315 ,아동,2023-03-10
8418,노빈손과 위험한 기생충 연구소,서민,뜨인돌출판사,전자책,8958075791 ,아동,2023-03-10
8419,수상한 아이가 전학 왔다!,제니 롭슨,뜨인돌어린이,전자책,8958076232 ,아동,2023-03-10
8420,건방진 장루이와 68일,황선미,위즈덤하우스,전자책,8962478390 ,아동,2023-03-10
8421,꼬리에 꼬리를 무는 그날 이야기,SBS <꼬리에 꼬리를 무는 그날 이야기> 제작팀,동아시아,전자책,8962623684 ,정치/사회,2023-03-10
8422,당신을 이어 말한다,이길보라,동아시아,전자책,8962623714 ,시/에세이,2023-03-10
8423,시험지 괴물,이기규,휴먼어린이,전자책,8965914019 ,아동,2023-03-10
8424,습관의 디테일,BJ 포그,흐름출판,전자책,8965964040 ,자기계발,2023-03-10
8425,네 명의 완벽주의자,이동귀,흐름출판,전자책,8965964261 ,인문/역사,2023-03-10
8426,숲은 고요하지 않다,마들렌 치게,흐름출판,전자책,8965964377 ,과학/공학,2023-03-10
8427,"지식 편의점: 문학, 인간의 생애 편",이시한,흐름출판,전자책,8965964423 ,인문/역사,2023-03-10
8428,어울리는 곳간 서울,황선미,조선북스,전자책,896666203X,아동,2023-03-10
8429,일본의 굴레,태가트 머피R,글항아리,전자책,8967358628 ,인문/역사,2023-03-10
8430,햄버거가 스테이크보다 위험해?,양서윤,개암나무,전자책,8968306133 ,아동,2023-03-10
8431,용돈 몰아주기 내기 어때?,이수용,개암나무,전자책,8968306141 ,아동,2023-03-10
8432,뉴스 좀 제대로 알고 싶다고?,강로사,개암나무,전자책,8968306230 ,아동,2023-03-10
8433,밀리언 뷰 웹소설 비밀코드,진문,블랙피쉬,전자책,8968332924 ,인문/역사,2023-03-10
8434,"부자의 1원칙, 몸에 투자하라",유영만,블랙피쉬,전자책,8968332932 ,자기계발,2023-03-10
8435,한 번에 되지 않는 사람,김경호,허밍버드,전자책,8968333025 ,시/에세이,2023-03-10
8436,불량 판결문,최정규,블랙피쉬,전자책,8968333041 ,정치/사회,2023-03-10
8437,미국주식으로 부자되기,김훈(미주부),경향BP,전자책,8969524460 ,경제경영,2023-03-10
8438,끌리는 말투 호감 가는 말투,리우난,리드리드출판,전자책,8972773484 ,자기계발,2023-03-10
8439,가장 쉬운 8체질 자가진단,이상원,문예춘추사,전자책,8976044487 ,건강/의학,2023-03-10
8440,엄마 아빠가 우리를 버렸어요,이상옥,산하,전자책,8976504968 ,아동,2023-03-10
8441,"나는 황태자, 놀부 마누라올시다!",이송현,산하,전자책,8976505298 ,아동,2023-03-10
8442,멀티플 잉글리시,김일승,종합출판ENG,전자책,8980997213 ,국어/외국어,2023-03-10
8443,엘리트 세습,대니얼 마코비츠,세종서적,전자책,8984078018 ,정치/사회,2023-03-10
8444,숲속 사진관에 온 편지,이시원,고래뱃속,전자책,8992505140 ,유아,2023-03-10
8445,숲속 사진관,이시원,고래뱃속,전자책,8992505523 ,유아,2023-03-10
8446,할머니네 방앗간,리틀림,고래뱃속,전자책,8992505701 ,유아,2023-03-10
8447,짜장면,김세영,고래뱃속,전자책,8992505744 ,아동,2023-03-10
8448,모기 잡는 책,진경,고래뱃속,전자책,8992505949 ,유아,2023-03-10
8449,토라지는 가족,이현민,고래뱃속,전자책,8992505973 ,유아,2023-03-10
8450,동굴에서 살아남기,코믹컴,코믹컴,전자책,8994110577 ,아동,2023-03-10
8451,지진에서 살아남기,코믹컴,코믹컴,전자책,8994110593 ,아동,2023-03-10
8452,샌프란시스코 이방인,서동주,실크로드,전자책,8994893377 ,시/에세이,2023-03-10
8453,나 하나쯤 뭐 어때,이지현,키위북스,전자책,8996483133 ,아동,2023-03-10
8454,사람을 얻는 지혜,발타자르 그라시안,타커스,전자책,899865833X,자기계발,2023-03-10
8455,부모와 아이 중 한 사람은 어른이어야 한다,임영주,앤페이지,전자책,D210421120,가정/생활/요리,2023-03-10
8456,민주선생님’s 똑소리나는 육아: 우리 아이 훈육편,이민주,시대인,전자책,1125495979 ,가정/생활/요리,2023-03-10
8457,굿 이너프,다니엘 S. 밀로,다산사이언스,전자책,1130601293 ,과학/공학,2023-03-10
8458,개소리는 어떻게 세상을 정복했는가,제임스 볼,다산초당,전자책,1130632474 ,정치/사회,2023-03-10
8459,베서니와 괴물의 묘약,잭 메기트-필립스,요요,전자책,1130633578 ,아동,2023-03-10
8460,집행관들,조완선,다산북스,전자책,1130635503 ,소설,2023-03-10
8461,마녀식당으로 오세요,구상희,다산책방,전자책,1130637085 ,소설,2023-03-10
8462,수도자처럼 생각하기,제이 셰티,다산북스,전자책,1130638200 ,인문/역사,2023-03-10
8463,숲속의 자본주의자,박혜윤,다산초당,전자책,1130638294 ,인문/역사,2023-03-10
8464,아홉 살 말 습관 사전: 학교생활,윤희솔,다산에듀,전자책,1130638472 ,아동,2023-03-10
8465,아홉 살 말 습관 사전: 가정생활,윤희솔,다산에듀,전자책,1130638480 ,아동,2023-03-10
8466,공부의 쓸모,송용섭,다산에듀,전자책,1130640221 ,청소년,2023-03-10
8467,일상이 반짝이는 아이패드 다이어리,레이나,시대인,전자책,1138301302 ,IT/프로그래밍,2023-03-10
8468,말하기 능력을 키우는 발표의 기술,김경훤,성균관대학교출판부,전자책,1155501659 ,국어/외국어,2023-03-10
8469,스토리의 과학,킨드라 홀,윌북,전자책,1155813790 ,경제경영,2023-03-10
8470,로맨스로 스타 작가,리 마이클스,다른,전자책,1156333113 ,인문/역사,2023-03-10
8471,지구를 들었다 놨다! 세균과 바이러스,유다정,다산어린이,전자책,1156394686 ,아동,2023-03-10
8472,굉장해! 더 포악한 동물도감,다카하시 다케히로,다산어린이,전자책,1156398118 ,아동,2023-03-10
8473,굉장해! 더 독한 동물도감,다카하시 다케히로,다산어린이,전자책,1156398126 ,아동,2023-03-10
8474,가까운 사람이 경계성 성격 장애일 때,우도 라우흐플라이슈,심심,전자책,1156758696 ,인문/역사,2023-03-10
8475,가까운 사람이 자기애성 성격 장애일 때,우도 라우흐플라이슈,심심,전자책,115675870X,인문/역사,2023-03-10
8476,개,김훈,푸른숲,전자책,1156758726 ,소설,2023-03-10
8477,공감은 지능이다,자밀 자키,심심,전자책,1156758734 ,인문/역사,2023-03-10
8478,홍콩에서 태양을 보다,강수진,내인생의책,전자책,1157236413 ,아동,2023-03-10
8479,불안한 것이 당연합니다,한덕현,한빛비즈,전자책,1157844693 ,인문/역사,2023-03-10
8480,쉿! 이제 잘 시간이에요,디디에 뒤프레슨,키다리,전자책,1157852408 ,유아,2023-03-10
8481,치카치카 이를 닦아요,디디에 뒤프레슨,키다리,전자책,1157852416 ,유아,2023-03-10
8482,"안녕, 나의 보물들",제인 고드윈,모래알,전자책,1157852998 ,유아,2023-03-10
8483,"달려라, 달구!",이경옥,아이앤북,전자책,1157921590 ,아동,2023-03-10
8484,피케티가 되살린 마르크스 자본론,카를 마르크스,스타북스,전자책,1157953433 ,경제경영,2023-03-10
8485,로봇 형 로봇 동생,김리라,책읽는곰,전자책,1158361599 ,아동,2023-03-10
8486,핏블리의 헬스 다이어트 전략집,핏블리(문석기),비타북스,전자책,1158463553 ,건강/의학,2023-03-10
8487,"곧, 어른의 시간이 시작된다",백영옥,나무의철학,전자책,1158512163 ,시/에세이,2023-03-10
8488,손미나의 나의 첫 외국어 수업,손미나,토네이도,전자책,1158512198 ,자기계발,2023-03-10
8489,당신만 모르는 인생을 바꾸는 대화법,스쿤,미디어숲,전자책,1158741170 ,자기계발,2023-03-10
8490,"수학, 풀지 말고 실험해 봐",라이이웨이,미디어숲,전자책,1158741235 ,청소년,2023-03-10
8491,색깔의 역사,클리브 기포드,노란돼지,전자책,1159950377 ,아동,2023-03-10
8492,경제기사를 읽으면 주식투자가 쉬워집니다,박지수,메이트북스,전자책,1160023093 ,경제경영,2023-03-10
8493,주린이가 가장 알고 싶은 최다질문 TOP 77,염승환,메이트북스,전자책,1160023174 ,경제경영,2023-03-10
8494,무민과 세상의 마지막 용,토베 얀손,작가정신,전자책,1160266050 ,아동,2023-03-10
8495,박 회계사의 완벽한 재무제표 활용법,박동흠,더퀘스트,전자책,1160509638 ,경제경영,2023-03-10
8496,엄마표 꼬물꼬물 종이접기,김은주,로그인,전자책,1160576947 ,유아,2023-03-10
8497,나는 히틀러의 아이였습니다,잉그리트 폰 욀하펜,휴머니스트,전자책,1160805342 ,인문/역사,2023-03-10
8498,친애하는 20세기,김재훈,휴머니스트,전자책,1160806179 ,인문/역사,2023-03-10
8499,참견백단 야옹이의 슬기로운 걱정 사전,김선희,사계절,전자책,1160946841 ,아동,2023-03-10
8500,월드 클래스 한국의 스포츠 스타들,김성호,사계절,전자책,1160946957 ,아동,2023-03-10
8501,뜨거운 지구를 구해 줘,한나 스콧,풀빛,전자책,1161722637 ,아동,2023-03-10
8502,"비트코인과 블록체인, 가상자산의 실체",이병욱,에이콘출판,전자책,1161754598 ,경제경영,2023-03-10
8503,"안녕, 바다 안녕, 별주부",장지혜,나무생각,전자책,1162181516 ,아동,2023-03-10
8504,"열 살, 목민심서를 만나다",서지원,나무생각,전자책,1162181575 ,아동,2023-03-10
8505,혜원 생각,이충훈,좋은땅,전자책,1162226749 ,인문/역사,2023-03-10
8506,세상에서 제일 친절한 엑셀,박재영,한빛미디어,전자책,1162244542 ,IT/프로그래밍,2023-03-10
8507,부자의 패턴,댄 스트러첼,비즈니스북스,전자책,1162542144 ,자기계발,2023-03-10
8508,1년에 10억 버는 방구석 비즈니스,라이언 대니얼 모런,비즈니스북스,전자책,1162542160 ,경제경영,2023-03-10
8509,최고의 변화는 어떻게 만들어지는가,벤저민 하디,비즈니스북스,전자책,1162542209 ,자기계발,2023-03-10
8510,아픔을 돌보지 않는 너에게,황중환,마음의숲,전자책,1162850760 ,시/에세이,2023-03-10
8511,69년 전에 이미 지불하셨습니다,라미 현,마음의숲,전자책,1162850817 ,시/에세이,2023-03-10
8512,오늘 밤 코끼리와 모험을 떠날 거예요,올리버 셰르츠,책속물고기,전자책,1163270547 ,아동,2023-03-10
8513,콘텐츠 연구소 집현전입니다,강승임,책속물고기,전자책,1163270849 ,아동,2023-03-10
8514,핵심 사례로 배우는 재무제표 분석 30분 완성,김대욱,스마트비즈니스,전자책,1163430374 ,경제경영,2023-03-10
8515,우리 땅 독도,김경희,뭉치,전자책,1163632384 ,아동,2023-03-10
8516,"한민족, 두 나라 여기는 한반도",김경희,뭉치,전자책,1163632449 ,아동,2023-03-10
8517,들썩들썩 우르르 쾅! 우리를 위협하는 자연재해,정영훈,뭉치,전자책,1163632481 ,아동,2023-03-10
8518,바람 잘 날 없는 지구촌 국제 분쟁,묘리,뭉치,전자책,1163632767 ,아동,2023-03-10
8519,고지도로 보는 유토피아 상식도감,쓰지하라 야스오,이다미디어,전자책,1163940453 ,인문/역사,2023-03-10
8520,없던 오늘,유병욱,북하우스,전자책,1164051008 ,인문/역사,2023-03-10
8521,욕구들,캐럴라인 냅,북하우스,전자책,1164051067 ,시/에세이,2023-03-10
8522,행운을 드릴까요,이충훈,좋은땅,전자책,1164359606 ,시/에세이,2023-03-10
8523,열한 번째 거래,알리사 홀링워스,가람어린이,전자책,1165181118 ,아동,2023-03-10
8524,전사들 슈퍼 에디션: 파이어스타의 임무,에린 헌터,가람어린이,전자책,1165181142 ,아동,2023-03-10
8525,구글 팁북,김종원,길벗,전자책,1165212161 ,IT/프로그래밍,2023-03-10
8526,[epub3.0]일본어 상용한자 무작정 따라하기,권경배,길벗이지톡,전자책,1165214458 ,국어/외국어,2023-03-10
8527,[epub3.0]66일 영어회화 비밀과외,장경미(갱미몬),길벗,전자책,1165214938 ,국어/외국어,2023-03-10
8528,필립 코틀러 마켓 5.0,필립 코틀러,더퀘스트,전자책,1165215349 ,경제경영,2023-03-10
8529,토지투자 무작정 따라하기,전은규(대박땅꾼),길벗,전자책,1165215756 ,경제경영,2023-03-10
8530,배당주 투자 무작정 따라하기,이래학(달란트투자),길벗,전자책,1165215764 ,경제경영,2023-03-10
8531,예민한 사람도 마음이 편안해지는 작은 습관,니시와키 슌지,더퀘스트,전자책,1165215837 ,자기계발,2023-03-10
8532,놈의 기억. 1,윤이나,팩토리나인,전자책,1165343541 ,소설,2023-03-10
8533,놈의 기억. 2,윤이나,팩토리나인,전자책,116534355X,소설,2023-03-10
8534,달러구트 꿈 백화점. 2,이미예,팩토리나인,전자책,116534372X,소설,2023-03-10
8535,서울 자가에 대기업 다니는 김 부장 이야기. 1: 김부장 편,송희구,서삼독,전자책,1165343991 ,자기계발,2023-03-10
8536,서울 자가에 대기업 다니는 김 부장 이야기. 2: 정 대리 권 사원 편,송희구,서삼독,전자책,1165344009 ,자기계발,2023-03-10
8537,공무원 상위 1%에 도전하라,김윤일,북랩,전자책,1165396327 ,자기계발,2023-03-10
8538,후후후,서지연,천개의바람,전자책,1165730596 ,유아,2023-03-10
8539,정말로 진짜로 엄청난 마르셀,요안나 비에야크,천개의바람,전자책,1165731053 ,유아,2023-03-10
8540,구원의 날,정해연,시공사,전자책,1165794152 ,소설,2023-03-10
8541,라오어의 미국주식 무한매수법,라오어,알키,전자책,1165795787 ,경제경영,2023-03-10
8542,식물의 세계,조너선 드로리,시공사,전자책,1165795841 ,과학/공학,2023-03-10
8543,사르륵 사르륵,고마운,북극곰,전자책,1165881020 ,유아,2023-03-10
8544,나비 아이,최은진,북극곰,전자책,1165881039 ,유아,2023-03-10
8545,데블 X의 수상한 책. 1,마그누스 미스트,요요,전자책,116596029X,아동,2023-03-10
8546,데블 X의 수상한 책. 2,마그누스 미스트,요요,전자책,1165960303 ,아동,2023-03-10
8547,데블 X의 수상한 책. 3,마그누스 미스트,요요,전자책,1165960400 ,아동,2023-03-10
8548,창문,패트릭 게스트,다산어린이,전자책,1165960427 ,유아,2023-03-10
8549,연애의 행방(20만부 기념 개정증보판),히가시노 게이고,소미미디어,전자책,116611323X,소설,2023-03-10
8550,민왕,이케이도 준,소미미디어,전자책,1166117634 ,소설,2023-03-10
8551,청의 왕: 왕의 탄생,히로시마 레이코,소미미디어,전자책,1166118126 ,아동,2023-03-10
8552,팀장 리더십 수업,김정현,센시오,전자책,116657007X,경제경영,2023-03-10
8553,아들 셋을 스탠퍼드에 보낸 부모가 반드시 지켜온 것,아그네스 천,센시오,전자책,1166570150 ,가정/생활/요리,2023-03-10
8554,뭘 해도 운이 따르는 사람들의 10가지 습관,우에니시 아키라,센시오,전자책,1166570215 ,자기계발,2023-03-10
8555,나는 성인 ADHD입니다,Anne Lee,유페이퍼,전자책,1166784118 ,자기계발,2023-03-10
8556,하버드 회복탄력성 수업,게일 가젤,현대지성,전자책,1166815781 ,자기계발,2023-03-10
8557,썬킴의 거침없는 세계사,썬킴,지식의숲,전자책,1166830519 ,인문/역사,2023-03-10
8558,"포스트 코로나, 가치투자의 진화",장흥국,처음북스,전자책,1170222080 ,경제경영,2023-03-10
8559,엄마가 사라진 날,고정욱,한솔수북,전자책,1170282873 ,아동,2023-03-10
8560,"나, 정말 화났어",줄리아 페사벤토,다봄,전자책,1185018786 ,유아,2023-03-10
8561,쓰레기 반장과 지렁이박사,신기해,키위북스,전자책,1185173080 ,아동,2023-03-10
8562,내가 먼저 사과할게요,홍종의,키위북스,전자책,1185173226 ,아동,2023-03-10
8563,최고로 멋진 크리스마스트리,글로리아 휴스턴,키위북스,전자책,1185173390 ,유아,2023-03-10
8564,로봇이 궁금해!,클라이브 기포드,키위북스,전자책,1185173536 ,아동,2023-03-10
8565,행복한 에너지,최영민,분홍고래,전자책,1185876375 ,아동,2023-03-10
8566,행복한 생명,류재숙,분홍고래,전자책,1185876480 ,아동,2023-03-10
8567,행복한 장애인,김혜온,분홍고래,전자책,1185876561 ,아동,2023-03-10
8568,겁내지 않고 그림 그리는 법,이연,미술문화,전자책,1185954708 ,시/에세이,2023-03-10
8569,일상 영어회화 섀도잉,June Sweeney,바이링구얼,전자책,118598030X,국어/외국어,2023-03-10
8570,백년의 독서,김형석,비전과리더십,전자책,1186245387 ,인문/역사,2023-03-10
8571,슬픈 세상의 기쁜 말,정혜윤,위고,전자책,1186602643 ,시/에세이,2023-03-10
8572,상품 속 세계사,심중수,봄볕,전자책,1186979984 ,아동,2023-03-10
8573,영어가 처음으로 만만해졌습니다,조은경,끌리는책,전자책,1187059625 ,국어/외국어,2023-03-10
8574,골프의 기쁨,강찬욱,끌리는책,전자책,1187059668 ,여행/취미,2023-03-10
8575,50+(플러스) 스마트 시니어에 주목하라,이수원,끌리는책,전자책,1187059676 ,경제경영,2023-03-10
8576,브로맨스 북클럽,리사 케이 애덤스,황금시간,전자책,1187100854 ,소설,2023-03-10
8577,작은 것들이 만든 거대한 세계,멀린 셀드레이크,아날로그(글담),전자책,1187147729 ,과학/공학,2023-03-10
8578,미술관에 간 해부학자,이재호,어바웃어북,전자책,1187150916 ,과학/공학,2023-03-10
8579,서트푸드 다이어트,에이든 고긴스,스몰빅라이프,전자책,1187165972 ,건강/의학,2023-03-10
8580,사랑하는 사람이 정신질환을 앓고 있을 때,리베카 울리스,서울의학서적,전자책,118731336X,건강/의학,2023-03-10
8581,관계의 미술사,서배스천 스미,앵글북스,전자책,1187512540 ,예술/대중문화,2023-03-10
8582,축구 양말을 신은 의자,다이애나 윈 존스,가람어린이,전자책,1187777986 ,아동,2023-03-10
8583,어린이를 위한 관계공부,이주윤,보랏빛소,전자책,1187856851 ,아동,2023-03-10
8584,사랑에 갇히다,서계수,구픽,전자책,1187886645 ,소설,2023-03-10
8585,둘째는 다르다,김영훈,한빛라이프,전자책,1188007157 ,가정/생활/요리,2023-03-10
8586,밥벌이의 이로움,조훈희,프롬북스,전자책,1188167413 ,시/에세이,2023-03-10
8587,"메타버스, 이미 시작된 미래",이임복,천그루숲,전자책,1188348868 ,경제경영,2023-03-10
8588,생각하라 그러면 부자가 되리라,나폴레온 힐,와일드북,전자책,118839343X,자기계발,2023-03-10
8589,필요가 피로가 되지 않게,인나미 아쓰시,필름(Feelm),전자책,1188469762 ,자기계발,2023-03-10
8590,왜 나는 항상 비슷한 사람만 좋아할까?,오카다 다카시,카시오페아,전자책,1188674544 ,시/에세이,2023-03-10
8591,주식투자의 지혜,천장팅,에프엔미디어,전자책,1188754424 ,경제경영,2023-03-10
8592,문어 목욕탕,최민지,노란상상,전자책,1188867121 ,유아,2023-03-10
8593,매일 보리와,이승민,노란상상,전자책,1188867504 ,아동,2023-03-10
8594,어둠을 치우는 사람들,박보람,노란상상,전자책,1188867962 ,아동,2023-03-10
8595,루시의 발자국,후안 호세 미야스,틈새책방,전자책,1188949306 ,인문/역사,2023-03-10
8596,"음악이 좋아서, 음악을 생각합니다",정경영,곰출판,전자책,1189327112 ,예술/대중문화,2023-03-10
8597,별들의 이야기,애니타 개너리,놀이터,전자책,1189436264 ,아동,2023-03-10
8598,살레 베이킹,고스란,북스고,전자책,1189612836 ,가정/생활/요리,2023-03-10
8599,노베이스 직장인 공시생 1년 6개월 만에 공무원 합격하다,김미소,북스고,전자책,1189612984 ,자기계발,2023-03-10
8600,책의 말들,김겨울,유유,전자책,1189683822 ,인문/역사,2023-03-10
8601,우리말 어감사전,안상순,유유,전자책,1189683881 ,인문/역사,2023-03-10
8602,"지금, 또 혐오하셨네요",박민영,북트리거,전자책,1189799294 ,정치/사회,2023-03-10
8603,굉장한 것들의 세계,매슈 D. 러플랜트,북트리거,전자책,1189799359 ,과학/공학,2023-03-10
8604,심리학 아니다 심리술이다,로미오 로드리게스 Jr.,마인더브,전자책,1189953218 ,자기계발,2023-03-10
8605,단어가 내려온다,오정연,허블,전자책,1190090457 ,소설,2023-03-10
8606,전남친의 유언장,신카와 호타테,북플라자,전자책,1190157314 ,소설,2023-03-10
8607,형사의 약속,야쿠마루 가쿠,북플라자,전자책,1190157330 ,소설,2023-03-10
8608,루팡의 딸. 2,요코제키 다이,북플라자,전자책,1190157349 ,소설,2023-03-10
8609,사파 구하기,와리스 디리,열다북스,전자책,1190158353 ,정치/사회,2023-03-10
8610,어떻게 공부할지 막막한 너에게,바버라 오클리,북로그컴퍼니,전자책,1190224968 ,가정/생활/요리,2023-03-10
8611,메타버스 새로운 기회,김상균,베가북스,전자책,1190242869 ,경제경영,2023-03-10
8612,화내지 말고 예쁘게 말해요,안미연,상상스쿨,전자책,1190253259 ,유아,2023-03-10
8613,또박또박 반갑게 인사해요,안미연,상상스쿨,전자책,1190253267 ,유아,2023-03-10
8614,정의 중독,나카노 노부코,시크릿하우스,전자책,1190259605 ,인문/역사,2023-03-10
8615,언다잉,앤 보이어,플레이타임,전자책,1190292114 ,시/에세이,2023-03-10
8616,바빠! 바빠! 우리 몸속은 너무 바빠!. 1,권오길,지구의아침,전자책,1190393077 ,아동,2023-03-10
8617,바빠! 바빠! 우리 몸속은 너무 바빠!. 2,권오길,지구의아침,전자책,1190393085 ,아동,2023-03-10
8618,월든,헨리 데이비드 소로,다연,전자책,1190456192 ,시/에세이,2023-03-10
8619,하룻밤에 읽는 한국 고대사,이문영,페이퍼로드,전자책,1190475391 ,인문/역사,2023-03-10
8620,D. H. 로렌스 유럽사 이야기,D. H. 로렌스,페이퍼로드,전자책,1190475413 ,인문/역사,2023-03-10
8621,남자의 자리,아니 에르노,1984BOOKS,전자책,1190533022 ,소설,2023-03-10
8622,생각이 너무 많은 서른 살에게,김은주,메이븐,전자책,1190538326 ,자기계발,2023-03-10
8623,구글에서 배운 직장인 실무 컴퓨터 활용 45,이노우에 마사히로,제이펍,전자책,1190665190 ,IT/프로그래밍,2023-03-10
8624,최고의 친구?,김난지,봄개울,전자책,1190689014 ,유아,2023-03-10
8625,터졌다!,신순재,봄개울,전자책,1190689057 ,유아,2023-03-10
8626,대단한 방귀,윤지,고래뱃속,전자책,1190747014 ,유아,2023-03-10
8627,사막여행,손소영,고래뱃속,전자책,1190747103 ,유아,2023-03-10
8628,동물들의 장례식,치축,고래뱃속,전자책,119074712X,유아,2023-03-10
8629,더 이상 웃어주지 않기로 했다,최지미,카시오페아,전자책,1190776545 ,시/에세이,2023-03-10
8630,나를 읽어 주는 심리책,김미숙,유노북스,전자책,1190826496 ,인문/역사,2023-03-10
8631,우물쭈물하지 않고 자신감 있게 말하는 법,말버스(임대혁),유노북스,전자책,1190826631 ,자기계발,2023-03-10
8632,넌 이제 사랑만 하면 돼,김노벨,라디오북,전자책,1190836408 ,자기계발,2023-03-10
8633,리얼 제주(2021~2022년),김태연,한빛라이프,전자책,1190846179 ,여행/취미,2023-03-10
8634,지리의 쓸모,전국지리교사모임,한빛라이프,전자책,1190846187 ,청소년,2023-03-10
8635,고개를 끄덕이는 것만으로도 위로가 되니까,문지애,한빛라이프,전자책,1190846209 ,시/에세이,2023-03-10
8636,부동산 상승 신호 하락 신호,신현강(부룡),잇콘,전자책,1190877295 ,경제경영,2023-03-10
8637,미라클 클럽,미치 호로위츠,라이스메이커,전자책,1190906120 ,자기계발,2023-03-10
8638,헤세와 융,미구엘 세라노,BOOKULOVE,전자책,1190906147 ,인문/역사,2023-03-10
8639,나는 당신이 주식 공부를 시작했으면 좋겠습니다,이효석,페이지2북스,전자책,1190977230 ,경제경영,2023-03-10
8640,부의 시나리오,오건영,페이지2북스,전자책,1190977265 ,경제경영,2023-03-10
8641,반도체 투자 전쟁,김영우,페이지2북스,전자책,1190977273 ,경제경영,2023-03-10
8642,노얄 아파트 택배 도난 사건,이레,마주별,전자책,1191011062 ,아동,2023-03-10
8643,오늘부터 차근차근 아이패드 드로잉,배성규,북라이프,전자책,119101326X,예술/대중문화,2023-03-10
8644,"오늘 밤, 세계에서 이 사랑이 사라진다 해도",이치조 미사키,모모,전자책,1191043290 ,소설,2023-03-10
8645,데카메론 프로젝트,마거릿 애트우드 외 28인,인플루엔셜,전자책,119105683X,소설,2023-03-10
8646,그냥 좋으니까 좋아,조유미,위즈덤하우스,전자책,119111984X,시/에세이,2023-03-10
8647,이솝 우화 전집,이솝,현대지성,전자책,119117400X,소설,2023-03-10
8648,생각하라 그리고 부자가 되어라,나폴레온 힐,반니,전자책,1191214370 ,자기계발,2023-03-10
8649,노마드랜드,제시카 브루더,엘리,전자책,1191247058 ,인문/역사,2023-03-10
8650,당신 마음 가는 대로 살아도 됩니다,시미즈 켄,시그마북스,전자책,1191307476 ,시/에세이,2023-03-10
8651,나는 어쩌다 명왕성을 죽였나,마이크 브라운,롤러코스터,전자책,1191311023 ,과학/공학,2023-03-10
8652,TSMC 반도체 제국,상업주간,이레미디어,전자책,1191328104 ,경제경영,2023-03-10
8653,다이어트는 왜 우리를 살찌게 하는가,샌드라 아모트,포레스트북스,전자책,1191347192 ,건강/의학,2023-03-10
8654,그레이트 리셋,김영익,포레스트북스,전자책,1191347265 ,경제경영,2023-03-10
8655,"사장님, 아무거나 먹지 마세요",안티 투오마이넨,리프,전자책,119134729X,소설,2023-03-10
8656,그냥 오는 운은 없다,가브리엘 번스타인,포레스트북스,전자책,1191347338 ,자기계발,2023-03-10
8657,"우리가 돈이 없지, 안목이 없냐?",아무개,포르체,전자책,119139302X,시/에세이,2023-03-10
8658,따님이 기가 세요,하말넘많,포르체,전자책,1191393178 ,시/에세이,2023-03-10
8659,호랑이를 덫에 가두면,태 켈러,돌베개,전자책,1191438023 ,아동,2023-03-10
8660,오전의 살림 탐구,정이숙,라이프앤페이지,전자책,1191462021 ,가정/생활/요리,2023-03-10
8661,세상 친절한 세계사,미야자키 마사카츠,미래의창,전자책,1191464032 ,인문/역사,2023-03-10
8662,바벨,가스통 도렌,미래의창,전자책,1191464202 ,인문/역사,2023-03-10
8663,숫자로 읽는 세상의 모든 것,앤드류 엘리엇,미래의창,전자책,119146427X,과학/공학,2023-03-10
8664,대체로 가난해서,윤준가,미래의창,전자책,1191464296 ,시/에세이,2023-03-10
8665,디지털 성범죄와의 전쟁,최수현,M&Kids,전자책,1191527018 ,아동,2023-03-10
8666,나라를 지킨 우리 역사 속 전쟁,김시은,M&Kids,전자책,1191527050 ,아동,2023-03-10
8667,현대시 창작 방법과 실제,김관식,이바구,전자책,1191570045 ,인문/역사,2023-03-10
8668,우리 집은 식물원,정재경,위즈덤하우스,전자책,1191583171 ,아동,2023-03-10
8669,일러스트로 보는 세상에서 가장 빠른 교양 수업,보도사 편집부,위즈덤하우스,전자책,1191583724 ,인문/역사,2023-03-10
8670,찍냥이 수수께끼 탐정단,류윤환,위즈덤하우스,전자책,119176608X,아동,2023-03-10
8671,기획자의 독서,김도영,위즈덤하우스,전자책,1191766349 ,경제경영,2023-03-10
8672,나는 스마트폰으로 매일 인생사진 찍는다,방쿤,티더블유아이지,전자책,119573378X,예술/대중문화,2023-03-10
8673,#예능작가,김진태 (엮음),도토리,전자책,1196588996 ,예술/대중문화,2023-03-10
8674,멸치의 꿈,유미정,달그림,전자책,1196775338 ,아동,2023-03-10
8675,얼룩진 아이,다니엘 루샤르,마주별,전자책,1196830746 ,유아,2023-03-10
8676,우리 반에 엉덩이 괴물이 나타났다!,백혜영,마주별,전자책,1196830797 ,아동,2023-03-10
8677,푸른 침실로 가는 길,시아,오도스,전자책,1196852987 ,소설,2023-03-10
8678,2061년,이인화,스토리프렌즈,전자책,119688823X,소설,2023-03-10
8679,친절한 쿠킹씨의 베이킹 클래스,쿠킹씨,허들링북스,전자책,1197030182 ,가정/생활/요리,2023-03-10
8680,경찰관이 될 거야!,베이비버스,시나몬컴퍼니,전자책,1197053417 ,유아,2023-03-10
8681,코스톨라니의 투자노트,앙드레 코스톨라니,여의도책방,전자책,1197074686 ,경제경영,2023-03-10
8682,루이스 헤이의 내면의 지혜,루이스 헤이,Starlight,전자책,1197135480 ,자기계발,2023-03-10
8683,AI하라,유태준,brainLEO,전자책,1197158537 ,경제경영,2023-03-10
8684,삐끗한 인생 되돌리기,스티븐 K. 스콧,월요일의 꿈,전자책,1197205365 ,자기계발,2023-03-10
8685,"오케팅_누구나 5% 부자가 되는 전략, 디지털 노마드를 위한 퍼스널브랜딩 마케팅 책",오두환,대한출판사,전자책,1197220585 ,경제경영,2023-03-10
8686,K를 생각한다,임명묵,사이드웨이,전자책,119732044X,정치/사회,2023-03-10
8687,인테리어 디자인과 스타일링의 기본,프리다 람스테드,책사람집,전자책,1197329501 ,가정/생활/요리,2023-03-10
8688,알바트로스의 꿈,신유미,달그림,전자책,1197330909 ,유아,2023-03-10
8689,나는 도망칠 때 가장 용감한 얼굴이 된다,윤을,클레이하우스,전자책,1197377107 ,인문/역사,2023-03-10
8690,디디미니의 초간단 인생맛 고단백 저탄수화물 다이어트 레시피,미니 박지우,빅피시,전자책,119743870X,가정/생활/요리,2023-03-10
8691,1페이지 세계사 365,심용환,빅피시,전자책,1197438718 ,인문/역사,2023-03-10
8692,"버려야 할 것, 남겨야 할 것",배르벨 바르데츠키,걷는나무,전자책,8901248875 ,인문/역사,2023-03-10
8693,아무것도 하기 싫은 사람을 위한 뇌 과학,가토 도시노리,갤리온,전자책,8901251159 ,자기계발,2023-03-10
8694,퀀텀 마케팅,라자 라자만나르,리더스북,전자책,8901251213 ,경제경영,2023-03-10
8695,"어느 날, 죽음이 만나자고 했다.",정상훈,웅진지식하우스,전자책,8901251493 ,시/에세이,2023-03-10
8696,변화는 어떻게 일어나는가,데이먼 센톨라,웅진지식하우스,전자책,8901251515 ,경제경영,2023-03-10
8697,패권의 대이동,김대륜,웅진지식하우스,전자책,8901251671 ,인문/역사,2023-03-10
8698,업스트림,댄 히스,웅진지식하우스,전자책,890125168X,경제경영,2023-03-10
8699,약속의 땅,버락 오바마,웅진지식하우스,전자책,8901251868 ,인문/역사,2023-03-10
8700,젊은 날의 초상,이문열,알에이치코리아,전자책,892553682X,소설,2023-03-10
8701,노 필터,사라 프라이어,알에이치코리아,전자책,8925581221 ,경제경영,2023-03-10
8702,혼자만의 시간을 탐닉하다,프란체스카 스펙터,알에이치코리아,전자책,8925586975 ,인문/역사,2023-03-10
8703,인생은 엇나가야 제맛,서귤,알에이치코리아,전자책,8925588390 ,시/에세이,2023-03-10
8704,대한민국 요즘 여행(2021~2022),옥미혜,알에이치코리아,전자책,8925588617 ,여행/취미,2023-03-10
8705,나는 주식 대신 달러를 산다,박성현,알에이치코리아,전자책,8925588633 ,경제경영,2023-03-10
8706,버닝 룸,마이클 코넬리,알에이치코리아,전자책,8925588757 ,소설,2023-03-10
8707,뇌는 작아지고 싶어 한다,브루스 후드,알에이치코리아,전자책,8925589125 ,과학/공학,2023-03-10
8708,리더는 칭찬하지 않는다,기시미 이치로,알에이치코리아,전자책,8925589230 ,경제경영,2023-03-10
8709,HSK 5~6급 VOCA 리우,리우,다락원,전자책,8927722442 ,국어/외국어,2023-03-10
8710,두 도시 이야기,JTBC [두 도시 이야기] 제작진,중앙북스,전자책,8927810090 ,인문/역사,2023-03-10
8711,맛있게 쓴 옥주부 레시피 100,정종철,중앙북스,전자책,8927812328 ,가정/생활/요리,2023-03-10
8712,부의 품격: 착하게 살아도 성공할 수 있다,양원근,성안당,전자책,8931557523 ,자기계발,2023-03-10
8713,공간의 미래,유현준,을유문화사,전자책,8932474427 ,인문/역사,2023-03-10
8714,완벽한 스파이. 1,존 르카레,열린책들,전자책,8932920834 ,소설,2023-03-10
8715,완벽한 스파이. 2,존 르카레,열린책들,전자책,8932920842 ,소설,2023-03-10
8716,독재자가 되는 법,프랑크 디쾨터,열린책들,전자책,8932920893 ,인문/역사,2023-03-10
8717,문정인의 미래 시나리오,문정인,청림출판,전자책,8935213454 ,정치/사회,2023-03-10
8718,16년 차 월급쟁이 2년 만에 경제적 자유를 얻은 실천 독서법,독서부자 낙숫물,청림출판,전자책,8935213586 ,자기계발,2023-03-10
8719,조국의 시간,조국,한길사,전자책,8935668664 ,정치/사회,2023-03-10
8720,밤의 교실,김규아,샘터(샘터사),전자책,8946473169 ,아동,2023-03-10
8721,하드씽,벤 호로위츠,한국경제신문,전자책,8947547034 ,경제경영,2023-03-10
8722,프리티 씽,자넬 브라운,마시멜로,전자책,8947547123 ,소설,2023-03-10
8723,인류 모두의 적,스티븐 존슨,한국경제신문,전자책,8947547239 ,인문/역사,2023-03-10
8724,부의 알고리즘,이주영(상승효과),한국경제신문,전자책,8947547255 ,경제경영,2023-03-10
8725,절망의 죽음과 자본주의의 미래,앵거스 디턴,한국경제신문,전자책,8947547271 ,경제경영,2023-03-10
8726,함께라는 걸 기억해,김경애,을파소,전자책,8950989883 ,유아,2023-03-10
8727,일터에서의 마음챙김,리 와이스,21세기북스,전자책,895099237X,자기계발,2023-03-10
8728,반지의 제왕. 1: 반지 원정대,존 로널드 루엘 톨킨,아르테(arte),전자책,8950992469 ,소설,2023-03-10
8729,반지의 제왕. 2: 두 개의 탑,존 로널드 루엘 톨킨,아르테(arte),전자책,8950992477 ,소설,2023-03-10
8730,반지의 제왕. 3: 왕의 귀환,존 로널드 루엘 톨킨,아르테(arte),전자책,8950992485 ,소설,2023-03-10
8731,호빗,존 로널드 루엘 톨킨,아르테(arte),전자책,8950992523 ,소설,2023-03-10
8732,이런 수학은 처음이야,최영기,21세기북스,전자책,8950993015 ,청소년,2023-03-10
8733,사실은 이 말이 듣고 싶었어,윤정은,21세기북스,전자책,895099478X,시/에세이,2023-03-10
8734,"눈치껏 못 배웁니다, 일센스",공여사들,21세기북스,전자책,8950994879 ,자기계발,2023-03-10
8735,딜레마,B. A. 패리스,아르테(arte),전자책,895099500X,소설,2023-03-10
8736,고전은 당신을 배신하지 않는다,조윤제,21세기북스,전자책,8950995522 ,자기계발,2023-03-10
8737,식물과 같이 살고 있습니다,식물 집사 리피,21세기북스,전자책,8950995530 ,여행/취미,2023-03-10
8738,시시리바의 집,사와무라 이치,아르테(arte),전자책,8950995549 ,소설,2023-03-10
8739,아주 보통의 행복,최인철,21세기북스,전자책,895099643X,자기계발,2023-03-10
8740,하루 10분 체형 리셋,남호진,미호,전자책,8952778421 ,건강/의학,2023-03-10
8741,"남들이 원하는 것을 바라는 나, 이상한가요?",양해림,자음과모음,전자책,8954447333 ,아동,2023-03-10
8742,책과 노니는 집,이영서,문학동네,전자책,8954607349 ,아동,2023-03-10
8743,다름 아닌 사랑과 자유,김하나,문학동네,전자책,8954658121 ,시/에세이,2023-03-10
8744,모든 비밀에는 이름이 있다,서미애,엘릭시르,전자책,8954678149 ,소설,2023-03-10
8745,제12회 젊은작가상 수상작품집(2021),전하영,문학동네,전자책,8954678408 ,소설,2023-03-10
8746,마안갑의 살인,이마무라 마사히로,엘릭시르,전자책,8954679331 ,소설,2023-03-10
8747,1의 비극,노리즈키 린타로,포레,전자책,8954680194 ,소설,2023-03-10
8748,우리 사이엔 오해가 있다,이슬아,문학동네,전자책,8954681026 ,시/에세이,2023-03-10
8749,홍학의 자리,정해연,엘릭시르,전자책,8954681158 ,소설,2023-03-10
8750,밝은 밤,최은영,문학동네,전자책,8954681174 ,소설,2023-03-10
8751,아처,파울로 코엘료,문학동네,전자책,8954681565 ,소설,2023-03-10
8752,대불호텔의 유령,강화길,문학동네,전자책,8954681573 ,소설,2023-03-10
8753,나의 할망,정은진,반달,전자책,8956189323 ,유아,2023-03-10
8754,오늘부터 수승화강,이승헌,한문화,전자책,8956994145 ,건강/의학,2023-03-10
8755,웃는 가족,김용택,뜨인돌출판사,전자책,8958076402 ,유아,2023-03-10
8756,풍선 바이러스,이용포,사계절,전자책,8958289643 ,아동,2023-03-10
8757,남자 주인공에겐 없다,듀나,제우미디어,전자책,8959529761 ,시/에세이,2023-03-10
8758,인기 강아지 도감 174,일동서원 본사편집부,Gbrain(지브레인),전자책,8959795518 ,여행/취미,2023-03-10
8759,인기 고양이 도감 48,일동서원 본사편집부,Gbrain(지브레인),전자책,8959795526 ,여행/취미,2023-03-10
8760,사고와 표현,배식한 등저,성신여자대학교출판부,전자책,8960200867 ,인문/역사,2023-03-10
8761,상어 지느러미 여행사,강경호,다림,전자책,8961771817 ,아동,2023-03-10
8762,꼬마 곰 피퍼룬,안니 M. G. 슈미트,책빛,전자책,8962193299 ,아동,2023-03-10
8763,빨리 빨리 빨리!,클로틸드 페랭,책빛,전자책,8962193353 ,아동,2023-03-10
8764,키키의 산책,마리 미르겐,책빛,전자책,8962193361 ,유아,2023-03-10
8765,고무줄은 내 거야,요시타케 신스케,위즈덤하우스,전자책,8962472120 ,아동,2023-03-10
8766,오월의 어린 시민군,양인자,위즈덤하우스,전자책,8962472708 ,아동,2023-03-10
8767,그리드,그레천 바크,동아시아,전자책,8962623757 ,경제경영,2023-03-10
8768,대한민국 영문법 0교시,주지후,파고다북스,전자책,8962818647 ,국어/외국어,2023-03-10
8769,아주 쓸모 있는 세계 이야기,남영우,푸른길,전자책,8962918323 ,인문/역사,2023-03-10
8770,말하는 대로 글이 되는 우리 아이 첫 글쓰기,나명희,양철북,전자책,8963723402 ,가정/생활/요리,2023-03-10
8771,배추 선생과 열네 아이들,탁동철,양철북,전자책,8963723550 ,아동,2023-03-10
8772,나도 쓰레기를 줄일 수 있어요,박윤재,까불이,전자책,8963791777 ,유아,2023-03-10
8773,나도 지구를 구할 수 있어요,박윤재,까불이,전자책,8963791793 ,유아,2023-03-10
8774,빙하가 녹고 있어요,박윤재,까불이,전자책,8963791815 ,유아,2023-03-10
8775,정브르가 알려주는 곤충 체험 백과,정브르,바이킹,전자책,8964944992 ,아동,2023-03-10
8776,내 아이 생각을 키우는 그림책 하브루타,김정해,경향미디어,전자책,8965183227 ,가정/생활/요리,2023-03-10
8777,"대통령 아저씨, 엉망진창이잖아요!",리우쉬공,밝은미래,전자책,8965462789 ,아동,2023-03-10
8778,우리 애가 결혼을 안 해서요,가키야 미우,흐름출판,전자책,8965964326 ,소설,2023-03-10
8779,빈틈의 온기,윤고은,흐름출판,전자책,8965964458 ,시/에세이,2023-03-10
8780,암은 병이 아니다,안드레아스 모리츠,에디터,전자책,8967442319 ,건강/의학,2023-03-10
8781,"한 달 만에 블로그 일 방문자 수 1,000명 만들기",권호영,푸른향기,전자책,8967821417 ,IT/프로그래밍,2023-03-10
8782,천 원짜리 가족,명은숙,개암나무,전자책,8968305978 ,아동,2023-03-10
8783,"마음으로 새기는 글자, 직지",조경희,개암나무,전자책,8968306028 ,아동,2023-03-10
8784,나는 언제나 말하고 있었어,문경민,개암나무,전자책,8968306206 ,아동,2023-03-10
8785,스토리텔링 바이블,대니얼 조슈아 루빈,블랙피쉬,전자책,8968332886 ,인문/역사,2023-03-10
8786,우리는 결국 지구를 위한 답을 찾을 것이다,김백민,블랙피쉬,전자책,8968333211 ,정치/사회,2023-03-10
8787,이효진의 특별한 아메리칸 홈베이킹,이효진,성안북스,전자책,8970674047 ,가정/생활/요리,2023-03-10
8788,배달장사의 진짜 부자들,장배남TV,리드리드출판,전자책,8972773514 ,경제경영,2023-03-10
8789,바위나리와 아기별,마해송,상서각,전자책,8974313545 ,아동,2023-03-10
8790,자산어보. 1,오세영,문예춘추사,전자책,8976044436 ,소설,2023-03-10
8791,자산어보. 2,오세영,문예춘추사,전자책,8976044444 ,소설,2023-03-10
8792,"그러니까, 친환경이 뭔가요?",조지나 윌슨 파월,문예춘추사,전자책,897604469X,정치/사회,2023-03-10
8793,나무들이 재잘거리는 숲 이야기,김남길,풀과바람,전자책,8983895268 ,아동,2023-03-10
8794,책이 꼼지락 꼼지락,김성범,미래i아이,전자책,8983946695 ,유아,2023-03-10
8795,인류를 식량 위기에서 구할 음식의 모험가들,아만다 리틀,세종서적,전자책,8984078042 ,정치/사회,2023-03-10
8796,팀 하포드의 세상을 바꾼 51가지 물건,팀 하포드,세종서적,전자책,8984078107 ,경제경영,2023-03-10
8797,숨 쉬는 도시 꾸리찌바,안순혜,파란자전거,전자책,8989192366 ,아동,2023-03-10
8798,핵심 일본어 문법,기획편집부,제이플러스,전자책,8992215975 ,국어/외국어,2023-03-10
8799,내 방에 괴물이 나타났다!,이은선,상상스쿨,전자책,8993702306 ,유아,2023-03-10
8800,식탁 위의 과학 분자요리,이시카와 신이치,끌레마,전자책,8994081615 ,과학/공학,2023-03-10
8801,가치투자는 옳다,장 마리 에베이야르,부크온,전자책,899449197X,경제경영,2023-03-10
8802,욕심쟁이 딸기 아저씨,김유경,노란돼지,전자책,8994975195 ,유아,2023-03-10
8803,어셔 토플 기초영어단어 5일완성,어셔토플연구소,어셔어학연구소,전자책,8996716170 ,국어/외국어,2023-03-10
8804,오은영의 화해,오은영,코리아닷컴,전자책,8997396870 ,자기계발,2023-03-10
8805,자가포식,제임스 클레멘트,라이팅하우스,전자책,8998075814 ,건강/의학,2023-03-10
8806,마더 크리스마스(Mother Christmas),히가시노 게이고,소미북스,전자책,D190133060,소설,2023-03-10
8807,혜능의 육조단경,유영선,웅진지식하우스,전자책,D190828050,인문/역사,2023-03-10
8808,칼 세이건의 코스모스,이충환,웅진지식하우스,전자책,D190828620,인문/역사,2023-03-10
8809,단숨에 부자가 된 경매성공비법을 까발려주마!!,도기안,대한공경매사협회,전자책,D200523310,경제경영,2023-03-10
8810,법원경매! 시세조사 입떼기,도기안,대한공경매사협회,전자책,D200523350,경제경영,2023-03-10
8811,"아이는 어떻게, 무엇을 배우는가-1 _아이를 변화시키는 자극을 아는가",후지타 토시미,북아띠,전자책,D210220320,가정/생활/요리,2023-03-10
8812,"아이는 어떻게, 무엇을 배우는가-2 _자신의 가치를 잃어버린 아이의 결과는?",후지타 토시미,북아띠,전자책,D210220330,가정/생활/요리,2023-03-10
8813,"아이는 어떻게, 무엇을 배우는가-3 _부모의 모순이 아이를 몰아세운다",후지타 토시미,북아띠,전자책,D210220340,가정/생활/요리,2023-03-10
8814,"아이는 어떻게, 무엇을 배우는가-4 _아이에게 편안함을 주는 부모는?",후지타 토시미,북아띠,전자책,D210220350,가정/생활/요리,2023-03-10
8815,"아이는 어떻게, 무엇을 배우는가-5 _아이에게 꼭 필요한 도움은?",후지타 토시미,북아띠,전자책,D210220360,가정/생활/요리,2023-03-10
8816,(21년 개정판) 메모혁신 Notion(노션) 활용 가이드,이호준,사도출판,전자책,D210305970,IT/프로그래밍,2023-03-10
8817,디즈니 그림 명작 : 코끼리 덤보의 대활약.33,계몽사,계몽사,전자책,D210627980,아동,2023-03-10
8818,빈티지의 위안,여울,아미가,전자책,D210713910,시/에세이,2023-03-10
8819,프로보커터 : ‘그들’을 도발해 ‘우리’를 결집하는 자들 / 주목경제 시대의 문화정치와 관종 멘털리티 연구,<김내훈> 저,서해문집,전자책,9791190893 ,정치/사회,2023-03-10
8820,딱 한 번 읽고 바로 써먹는 30일 기초 영문법 2,<아티엔바나나(르네)> 저,비에이블,전자책,9791190931 ,국어/외국어,2023-03-10
8821,딱 한 번 읽고 바로 써먹는 30일 기초 영문법 1,<아티엔바나나(르네)> 저,비에이블,전자책,9791190931 ,국어/외국어,2023-03-10
8822,필립 코틀러 마켓 5.0,"<필립 코틀러>,<허마원 카타자야>,<이완 세티아완> 공저/<이진원> 역",더퀘스트,전자책,9791165215 ,경제경영,2023-03-10
8823,죽어야 끝나는 야구 환장 라이프,<쌍딸> 저,팩토리나인,전자책,9791165343 ,시/에세이,2023-03-10
8824,보통의 노을,<이희영> 저,자음과모음,전자책,9788954446 ,소설,2023-03-10
8825,"서른살, 비트코인으로 퇴사합니다",<강기태(세력)> 저,국일증권경제연구소,전자책,9788957825 ,경제경영,2023-03-10
8826,소크라테스 익스프레스,<에릭 와이너> 저/<김하현> 역,어크로스,전자책,9791190030 ,인문/역사,2023-03-10
8827,엄마 심리 수업 2 : 실전편 : 아이를 살리는 엄마의 여섯 단어,<윤우상> 저,심플라이프,전자책,9791186757 ,가정/생활/요리,2023-03-10
8828,왜 리더인가 : 반세기 경영 끝에 깨달은 마음의 법칙,<이나모리 가즈오> 저/<김윤경> 역,다산북스,전자책,9791130637 ,경제경영,2023-03-10
8829,사랑하는 사람이 정신질환을 앓고 있을 때 : 정신질환을 앓는 가족과 사이좋게 지내기,<리베카 울리스> 저/<강병철> 역,꿈꿀자유 서울의학서적,전자책,9791187313 ,인문/역사,2023-03-10
8830,우리말 어감사전: 말의 속뜻을 잘 이해하고 표현하는 법,<안상순> 저,유유,전자책,9791160893 ,인문/역사,2023-03-10
8831,술과 바닐라,<정한아> 저,문학동네,전자책,9788954679 ,소설,2023-03-10
8832,썬킴의 거침없는 세계사,<썬킴> 저,지식의숲,전자책,9791166830 ,인문/역사,2023-03-10
8833,스토리텔링 바이블 : 작가라면 알아야 할 이야기 창작 완벽 가이드,<대니얼 조슈아 루빈> 저/<이한이> 역,블랙피쉬,전자책,9788968332 ,인문/역사,2023-03-10
8834,워런 버핏 바이블 2021 : 버핏이 직접 말해주는 투자와 경영의 지혜 2: 2017~2021,"<이건>,<최준철>,<홍영표> 편저",에프엔미디어,전자책,9791188754 ,경제경영,2023-03-10
8835,"하버드 회복탄력성 수업 : 우울, 불안, 번아웃, 스트레스에 무너지지 않는 멘탈 관리 프로젝트",<게일 가젤> 저/<손현선> 역,현대지성,전자책,9791166816 ,자기계발,2023-03-10
8836,"눈치껏 못 배웁니다, 일센스 : 이메일 작성법부터 엑셀 기본기까지, 친절한 선배 ‘공여사들’의 직팁 모음집",<공여사들> 저,21세기북스,전자책,9788950995 ,자기계발,2023-03-10
8837,나는 주식 대신 달러를 산다 : 성공률 100% 투자자의 기발한 파이프라인,<박성현> 저,알에이치코리아(RHK),전자책,9788925521 ,경제경영,2023-03-10
8838,별것 아닌 선의,<이소영> 저,어크로스,전자책,9791190030 ,인문/역사,2023-03-10
8839,따님이 기가 세요 : 유쾌한 여자 둘의 비혼 라이프,<하말넘많> 저,포르체,전자책,9791191393 ,시/에세이,2023-03-10
8840,주식투자의 지혜 : 진정한 고수는 사소한 원칙에 얽매이지 않는다,"<천장팅> 저/<김재현>,<양성희> 역/<홍진채> 감수",에프엔미디어,전자책,9791188754 ,경제경영,2023-03-10
8841,핏블리의 헬스 다이어트 전략집,<핏블리(문석기)> 저,비타북스(VITABOOKS),전자책,9791158463 ,건강/의학,2023-03-10
8842,원소의 이름 : 118개 원소에는 모두 이야기가 있다,<피터 워더스> 저/<이충호> 역,윌북(willbook),전자책,9791155813 ,과학/공학,2023-03-10
8843,만약 시간이 존재하지 않는다면,<카를로 로벨리> 저/<김현주> 역/<이중원> 감수,쌤앤파커스,전자책,9791165343 ,과학/공학,2023-03-10
8844,1년에 10억 버는 방구석 비즈니스,<라이언 대니얼 모런> 저/<신솔잎> 역,비즈니스북스,전자책,9791162542 ,경제경영,2023-03-10
8845,실전투자의 비밀,<김형준> 저,이레미디어,전자책,9791191328 ,경제경영,2023-03-10
8846,숲속의 자본주의자 : 자본주의의 변두리에서 발견한 단순하고 완전한 삶,<박혜윤> 저,다산초당,전자책,9791130638 ,인문/역사,2023-03-10
8847,한 권으로 읽는 컴퓨터 구조와 프로그래밍,<조너선 스타인하트> 저/<오현석> 역,책만,전자책,9791189909 ,IT/프로그래밍,2023-03-10
8848,부의 시나리오 : 불확실성을 기회로 만드는 4가지 투자전략,<오건영> 저,페이지2,전자책,9791190977 ,경제경영,2023-03-10
8849,부동산 상승 신호 하락 신호,<신현강(부룡)> 저,잇콘,전자책,9791190877 ,경제경영,2023-03-10
8850,지구인만큼 지구를 사랑할 순 없어,<정세랑 저> 저,위즈덤하우스,전자책,9791191766 ,시/에세이,2023-03-10
8851,생각하라 그리고 부자가 되어라,<나폴레온 힐> 저/<빌 하틀리> 편/<이한이> 역,반니,전자책,9791191214 ,자기계발,2023-03-10
8852,오늘부터 차근차근 아이패드 드로잉,<배성규> 저,북라이프,전자책,9791191013 ,예술/대중문화,2023-03-10
8853,반도체 투자 전쟁 : 글로벌 패권 경쟁이 가져올 거대한 기회,<김영우> 저,페이지2,전자책,9791190977 ,경제경영,2023-03-10
8854,메타버스가 만드는 가상경제 시대가 온다,<최형욱> 저,한즈미디어,전자책,9791160077 ,경제경영,2023-03-10
8855,"메타버스, 이미 시작된 미래 : NFT와 가상현실이 만들어 가는 또 하나의 세상",<이임복> 저,천그루숲,전자책,9791188348 ,경제경영,2023-03-10
8856,"초보 투자자를 위한 재미있는 주식어휘사전 : 성공적인 주식투자의 지름길, 기본 개념과 어휘를 정복하라!",<황 족> 저,메이트북스,전자책,9791160028 ,경제경영,2023-03-10
8857,저는 삼풍 생존자입니다 : 비극적인 참사에서 살아남은 자의 사회적 기록,<산만언니> 저,푸른숲,전자책,9791156758 ,정치/사회,2023-03-10
8858,업스트림,<댄 히스> 저/<박선령> 역,웅진지식하우스,전자책,9788901251 ,경제경영,2023-03-10
8859,잘했고 잘하고 있고 잘 될 것이다,<정영욱> 저,부크럼,전자책,9791162143 ,시/에세이,2023-03-10
8860,디디미니의 초간단 인생맛 고단백 저탄수화물 다이어트 레시피,<미니 박지우> 저,빅피시,전자책,9791197438 ,건강/의학,2023-03-10
8861,조국의 시간 : 아픔과 진실 말하지 못한 생각,<조국> 저,한길사,전자책,9788935673 ,정치/사회,2023-03-10
8862,생각하라 그러면 부자가 되리라,"<나폴레온 힐> 저/<유광선>,<최강석> 편역",와일드북,전자책,9791188393 ,자기계발,2023-03-10
8863,수도자처럼 생각하기 : 목적 있는 삶을 위한 11가지 기술,<제이 셰티> 저/<이지연> 역,다산초당,전자책,9791130639 ,자기계발,2023-03-10
8864,손미나의 나의 첫 외국어 수업,<손미나> 저,토네이도,전자책,9791158512 ,자기계발,2023-03-10
8865,최고의 변화는 어떻게 만들어지는가,<벤저민 하디> 저/<김미정> 역,비즈니스북스,전자책,9791162542 ,자기계발,2023-03-10
8866,돈의 역사는 되풀이된다 : 돈의 흐름을 읽는 눈,<홍춘욱> 저,포르체,전자책,9791191393 ,경제경영,2023-03-10
8867,10년 후 세계사 두 번째 미래 : 우리가 결정해야 할 11가지 거대한 이슈,"<구정은>,<이지선> 저",추수밭,전자책,9791155401 ,인문/역사,2023-03-10
8868,K를 생각한다 : 90년대생은 대한민국을 어떻게 바라보는가,<임명묵> 저,사이드웨이,전자책,9791197320 ,정치/사회,2023-03-10
8869,예민한 사람도 마음이 편안해지는 작은 습관,<니시와키 슌지> 저/<이은혜> 역,더퀘스트,전자책,9791165216 ,자기계발,2023-03-10
8870,욕구들 : 여성은 왜 원하는가,<캐럴라인 냅> 저/<정지인> 역,북하우스,전자책,9791164051 ,시/에세이,2023-03-10
8871,스토리의 과학 : 팔리는 브랜드에는 공식이 있다,<킨드라 홀> 저/<이지연> 역,윌북(willbook),전자책,9791155813 ,경제경영,2023-03-10
8872,챔피언의 마인드 : 결정적 순간에 차이를 만드는 힘,<짐 아프레모> 저/<홍유숙> 역,갤리온,전자책,9788901252 ,자기계발,2023-03-10
8873,"메타버스 새로운 기회 : 디지털 지구, 경제와 투자의 기준이 바뀐다","<김상균>,<신병호> 공저",베가북스,전자책,9791190242 ,경제경영,2023-03-10
8874,미술관에 간 해부학자 : 명화로 읽는 인체의 서사,<이재호> 저,어바웃어북,전자책,9791187150 ,과학/공학,2023-03-10
8875,스키마와라시,<온다 리쿠> 저/<강영혜> 역,내친구의서재,전자책,9791191803 ,소설,2023-03-10
8876,"중국의 조용한 침공 : 대학부터 정치, 기업까지 한 국가를 송두리째 흔들다",<클라이브 해밀턴> 저/<김희주> 역,세종서적,전자책,9788984079 ,정치/사회,2023-03-10
8877,올바름이라는 착각,<유튜브 읽어주는 남자> 저,데이포미,전자책,9791191043 ,정치/사회,2023-03-10
8878,"오늘 밤, 세계에서 이 사랑이 사라진다 해도",<이치조 미사키> 저/<권영주> 역,모모,전자책,9791191043 ,소설,2023-03-10
8879,오전의 살림 탐구 : 홀가분한 일상을 위한 살림 노하우북,<정이숙> 저,라이프앤페이지,전자책,9791191462 ,가정/생활/요리,2023-03-10
8880,밤에 찾아오는 구원자,<천선란> 저,안전가옥,전자책,9791191193 ,소설,2023-03-10
8881,1페이지 세계사 365 : 세상의 모든 지식이 내 것이 되는,<심용환> 저,빅피시,전자책,9791197438 ,인문/역사,2023-03-10
8882,아이가 원하는 것을 모른 채 부모는 하고 싶은 말만 한다,<오연경> 저,위즈덤하우스,전자책,9791191766 ,가정/생활/요리,2023-03-10
8883,넥스트 그린 레볼루션 : 대한민국을 바꿀 거대한 변화의 시작,<조원경> 저,페이지2,전자책,9791190977 ,경제경영,2023-03-10
8884,오케팅 : 특별하지 않아도 누구나 5% 부자가 되는 전략,<오두환> 저,대한출판사,전자책,9791197220 ,경제경영,2023-03-10
8885,강방천&존리와 함께하는 나의 첫 주식 교과서 : 기본부터 제대로 배우는 평생 투자의 원칙,"<강방천>,<존리 저> 저",페이지2,전자책,9791190977 ,경제경영,2023-03-10
8886,사장으로 견딘다는 것 : 사업과 사람을 지키는 사장의 내공,<최송목> 저,유노북스,전자책,9791190826 ,경제경영,2023-03-10
8887,누구나 카피라이터 : 생각이 글이 되는 과정 생중계,<정철> 저,허밍버드,전자책,9788968333 ,자기계발,2023-03-10
8888,기획자의 독서,<김도영> 저,위즈덤하우스,전자책,9791191766 ,경제경영,2023-03-10
8889,달러구트 꿈 백화점 2,<이미예> 저,팩토리나인,전자책,9791165343 ,소설,2023-03-10
8890,공부머리는 문해력이다 : 당신의 아이를 바꾸는 문해력,<진동섭> 저,포르체,전자책,9791191393 ,가정/생활/요리,2023-03-10
8891,4~7세 보다 중요한 시기는 없습니다 : 아이의 정서와 인지 발달을 키우는 결정적 시기,<이임숙> 저,카시오페아,전자책,9791190776 ,가정/생활/요리,2023-03-10
8892,일곱 번째 달 일곱 번째 밤,"<켄 리우>,<왕콴유>,<홍지운>,<남유하>,<남세오> 등저/<박산호>,<이홍이> 공역/<람한> 그림",알마 출판사,전자책,9791159923 ,소설,2023-03-10
8893,이토록 뜻밖의 뇌과학,<리사 펠드먼 배럿> 저/<변지영> 역/<정재승> 감수,더퀘스트,전자책,9791165216 ,과학/공학,2023-03-10
8894,약속의 땅,<버락 오바마> 저/<노승영> 역,웅진지식하우스,전자책,9788901252 ,인문/역사,2023-03-10
8895,식객 허영만의 백반기행 : 식객이 뽑은 진짜 맛집,<허영만> 저,가디언,전자책,9791167780 ,여행/취미,2023-03-10
8896,미래의 부,<이지성> 저,차이정원,전자책,9791191360 ,경제경영,2023-03-10
8897,잃어버린 시간의 연대기 : 팬데믹을 철학적으로 사유해야 하는 이유,<슬라보예 지젝> 저/<강우성> 역,북하우스,전자책,9799791164 ,인문/역사,2023-03-10
8898,나는 오늘 나에게 ADHD라는 이름을 주었다,<신지수> 저,휴머니스트,전자책,9791160806 ,인문/역사,2023-03-10
8899,신의 화살 : 작은 바이러스는 어떻게 우리의 모든 것을 바꿨는가,<니컬러스 A. 크리스타키스> 저/<홍한결> 역,윌북(willbook),전자책,9791155813 ,인문/역사,2023-03-10
8900,[epub3.0]네이티브는 쉬운 영어로 말한다 - 200대화 편,<구슬> 저,길벗이지톡,전자책,9791165216 ,국어/외국어,2023-03-10
8901,남편을 버려야 내가 산다 : 마음의 자립을 시작한 여자를 위한 심리학,<박우란> 저,유노라이프,전자책,9791191104 ,인문/역사,2023-03-10
8902,처음 만나는 고사성어,<표시정> 글/<마이신> 그림,미래주니어,전자책,9788965841 ,아동,2023-03-10
8903,술 취한 코끼리 길들이기,<아잔 브라흐마> 저/<류시화> 역,연금술사,전자책,없음,시/에세이,2023-03-10
8904,뉴스의 시대 : 뉴스에 대해 우리가 알아야 할 모든 것,<알랭 드 보통> 저/<최민우> 역,문학동네,전자책,9788950000000 ,정치/사회,2023-03-10
8905,철학의 위안,<알랭 드 보통> 저,청미래,전자책,9788986836 ,인문/역사,2023-03-10
8906,폭넓은 생각을 위한 역사 속 말빨 사전 101,"<노회찬>,<유시민>,<진중권> 엮음",웅진지식하우스,전자책,9788901203 ,인문/역사,2023-03-10
8907,문구의 모험,<제임스 워드> 저/<김병화> 역,어크로스,전자책,9788997379 ,인문/역사,2023-03-10
8908,일상적이지만 절대적인 화학지식 50,<헤일리 버치 저/임지원 역> 저,반니,전자책,9791185435 ,과학/공학,2023-03-10
8909,일상적이지만 절대적인 양자역학지식 50 : 슈뢰딩거부터 양자컴퓨터까지 양자세계에 관한 모든 것,<조앤 베이커> 저/<배지은> 역,반니,전자책,9791185435 ,과학/공학,2023-03-10
8910,책이 사라진 날,<고정욱> 글/<서현> 그림,한솔수북,전자책,9791170280 ,유아,2023-03-10
8911,"주식시장의 마법사들 : 연평균 수익률 70％, 90％, 그리고 220％ 시장을 이기는 마법을 찾아서!",<잭 슈웨거> 저/<김인정> 역,이레미디어,전자책,9791186588 ,경제경영,2023-03-10
8912,한 권으로 읽는 조선왕조실록,<박영규> 저,웅진지식하우스,전자책,9788901215 ,인문/역사,2023-03-10
8913,빛의 제국,<김영하> 저,문학동네,전자책,9788954610 ,소설,2023-03-10
8914,민주주의의 정원 : 좌우를 넘어 새 시대를 여는 시민 교과서,"<에릭 리우>,<닉 하나우어> 공저/<김문주> 역",웅진지식하우스,전자책,9788901218 ,정치/사회,2023-03-10
8915,은하철도의 밤 : 겐지 단편선 - 더클래식 세계문학 컬렉션,<미야자와 겐지> 저,더클래식,전자책,9791159037 ,소설,2023-03-10
8916,무소유,김세중 저,휘닉스드림,전자책,9788993335 ,시/에세이,2023-03-10
8917,그릿 실천법 GRIT Action : 목표를 향해 끝까지 밀고 나가는 단 하나의 공식,<캐런 바루크 펠드먼> 저,보랏빛소,전자책,9791190000000 ,자기계발,2023-03-10
8918,혼자서 본 영화,<정희진> 저,교양인,전자책,9791187064 ,시/에세이,2023-03-10
8919,그 겨울의 일주일,<메이브 빈치> 저/<정연희> 역,문학동네,전자책,9788954649 ,소설,2023-03-10
8920,독서의 기쁨 : 책 읽고 싶어지는 책,<김겨울> 저,초록비책공방,전자책,9791186358 ,인문/역사,2023-03-10
8921,죽음에 대하여,<김삼연> 저,시아북스,전자책,9791187443 ,인문/역사,2023-03-10
8922,흰,<한강> 저,문학동네,전자책,9788954651 ,소설,2023-03-10
8923,관계의 물리학,<림태주> 저,웅진지식하우스,전자책,9788901224 ,시/에세이,2023-03-10
8924,"아무튼, 방콕",<김병운> 저,제철소,전자책,9791160891 ,시/에세이,2023-03-10
8925,"아무튼, 택시",<금정연> 저,코난북스,전자책,9791160891 ,시/에세이,2023-03-10
8926,"아무튼, 스웨터",<김현> 저,제철소,전자책,9791160891 ,시/에세이,2023-03-10
8927,"아무튼, 잡지",<황효진> 저,코난북스,전자책,9791160891 ,시/에세이,2023-03-10
8928,"아무튼, 망원동",<김민섭> 저,제철소,전자책,9791160891 ,시/에세이,2023-03-10
8929,"아무튼, 서재",<김윤관> 저,제철소,전자책,9791188343 ,시/에세이,2023-03-10
8930,"아무튼, 게스트하우스",<장성민> 저,위고,전자책,9791160890 ,시/에세이,2023-03-10
8931,"아무튼, 로드무비 : 다른 사람이 되길 바란 적이 있어?",<김호영> 저,위고,전자책,9791160891 ,시/에세이,2023-03-10
8932,한국 작가가 읽은 세계문학 (증보판),"<김연수>,<김애란>,<심보선>,<신형철>,<최은영> 등저",문학동네,전자책,9788954652 ,시/에세이,2023-03-10
8933,문맹 : 자전적 이야기,<아고타 크리스토프> 저/<백수린> 역,한겨레출판,전자책,9791160401 ,소설,2023-03-10
8934,"아무튼, 트위터 : 그 애매한 마음들이 남겨놓는 넉넉한 거리가 좋아서",<정유민> 저,코난북스,전자책,9791160891 ,시/에세이,2023-03-10
8935,단 하나의 문장,<구병모> 저,문학동네,전자책,9788954653 ,소설,2023-03-10
8936,너의 목소리가 들려,<김영하> 저,문학동네,전자책,9788954617 ,소설,2023-03-10
8937,"아무튼, 양말",<구달> 저,제철소,전자책,9791188343 ,시/에세이,2023-03-10
8938,오해의 동물원 : 인간의 실수와 오해가 빚어낸 동물학의 역사,<루시 쿡> 저/<조은영> 역,곰출판,전자책,9791160891 ,과학/공학,2023-03-10
8939,모든 저녁이 저물 때,<예니 에르펜베크> 저/<배수아> 역,한길사,전자책,9788935672 ,소설,2023-03-10
8940,인터내셔널의 밤 : 손안의 가장 큰 세계 아르테 한국 소설선 ‘작은책’,<박솔뫼> 저,arte(아르테),전자책,9788950979 ,소설,2023-03-10
8941,수학이 일상에서 이렇게 쓸모 있을 줄이야,<클라라 그리마> 저/<배유선> 역,하이픈,전자책,9791185439 ,과학/공학,2023-03-10
8942,설계자들,<김언수> 저,문학동네,전자책,9788954655 ,소설,2023-03-10
8943,깊은 슬픔,<신경숙> 저,문학동네,전자책,9788954601 ,소설,2023-03-10
8944,활자 안에서 유영하기 : 깊고 진하게 확장되는 책 읽기,<김겨울> 저,초록비책공방,전자책,9791186358 ,시/에세이,2023-03-10
8945,"아무튼, 술",<김혼비> 저,제철소,전자책,9791188343 ,시/에세이,2023-03-10
8946,출판하는 마음,<은유> 저,제철소,전자책,9791188343 ,정치/사회,2023-03-10
8947,모어 이펙티브 C# (2판) : 더 강력한 C# 코드를 구현하는 50가지 추가 전략과 기법,<빌 와그너> 저/<김완섭> 역,한빛미디어,전자책,9791162248 ,IT/프로그래밍,2023-03-10
8948,다시 태어난다면 한국에서 살겠습니까 : 한강의 기적에서 헬조선까지 잃어버린 사회의 품격을 찾아서,<이재열> 저,21세기북스,전자책,9788950982 ,정치/사회,2023-03-10
8949,우리는 가난을 어떻게 외면해왔는가 : 사회 밖으로 내몰린 사람들을 위한 빈곤의 인류학,<조문영> 편,21세기북스,전자책,9788950982 ,정치/사회,2023-03-10
8950,"녹두서점의 오월 : 80년 광주, 항쟁의 기억","<김상윤>,<정현애>,<김상집> 공저",한겨레출판,전자책,9791160402 ,정치/사회,2023-03-10
8951,동물의 감정에 관한 생각 : 동물에게서 인간 사회를 읽다,<프란스 드 발> 저/<이충호> 역,세종서적,전자책,9788984079 ,과학/공학,2023-03-10
8952,실전 자바스크립트 디자인 패턴 ES6편,<향단코드> 저,온노트,전자책,9791190230 ,IT/프로그래밍,2023-03-10
8953,문학하는 마음,"<김필균> 저/<신재환>,<김준연>,<김애란> 사진",제철소,전자책,9791188343 ,인문/역사,2023-03-10
8954,작은마음동호회,<윤이형> 저,문학동네,전자책,9788954657 ,소설,2023-03-10
8955,젊은 베르테르의 슬픔 (한글판),<요한 볼프강 폰 괴테> 저/<허승진> 역,더클래식,전자책,9788997213 ,소설,2023-03-10
8956,난생처음 특수경매 : 한 건만 성공해도 1년 연봉을 벌 수 있는 쉽고 재미있는 특수물건 경매,<박태행> 저,라온북,전자책,9791190233 ,경제경영,2023-03-10
8957,안 느끼한 산문집 : 밤과 개와 술과 키스를 씀,<강이슬> 저,웨일북,전자책,9791190313 ,시/에세이,2023-03-10
8958,"아무튼, 기타 : 당신도 기타와 친해질 날이 얼마 남지 않았을지 모른다",<이기용> 저,위고,전자책,9791160892 ,시/에세이,2023-03-10
8959,"요가의 언어 : 걱정과 고민을 툭, 오늘도 나마스떼",<김경리> 저,위즈덤하우스,전자책,9791190305 ,시/에세이,2023-03-10
8960,대박땅꾼 전은규의 집 팔아서 땅을 사라,<전은규> 저,국일증권경제연구소,전자책,9788957825 ,경제경영,2023-03-10
8961,다름 아닌 사랑과 자유,"<김하나>,<이슬아>,<김금희>,<최은영>,<백수린>,<백세희>,<이석원>,<임진아>,<김동영> 공저",문학동네,전자책,9788954658 ,시/에세이,2023-03-10
8962,대멸종,"<시아란>,<심너울>,<범유진>,<해도연>,<강유리> 공저",안전가옥,전자책,9791196347 ,소설,2023-03-10
8963,허구의 삶 - 문학동네청소년 45,<이금이> 저,문학동네,전자책,9788954658 ,청소년,2023-03-10
8964,"듣는 법, 말하는 법 : 교양인을 위한 대화와 설득의 기술",<모티머 J. 애들러> 저/<박다솜> 역,유유,전자책,9791160892 ,인문/역사,2023-03-10
8965,독고솜에게 반하면 - 문학동네청소년 46,<허진희> 저,문학동네,전자책,9788954670 ,청소년,2023-03-10
8966,아직 멀었다는 말,<권여선> 저,문학동네,전자책,9788954671 ,소설,2023-03-10
8967,비상문 - 테이크아웃 10,<최진영> 저/<변영근> 그림,미메시스,전자책,9791155352 ,소설,2023-03-10
8968,선샤인의 완벽한 죽음,<범유진> 저,안전가옥,전자책,9791190174 ,소설,2023-03-10
8969,존리의 부자되기 습관 : 대한민국 경제독립 액션 플랜,<존리> 저,지식노마드,전자책,9791187481 ,경제경영,2023-03-10
8970,"소비 수업 : 우리는 왜 소비하고, 어떻게 소비하며 무엇을 소비하는가?",<윤태영> 저,문예출판사,전자책,9788931021 ,인문/역사,2023-03-10
8971,우리에게는 헌법이 있다 : 당신의 행복을 지키는 대한민국 핵심 가치,<이효원> 저,21세기북스,전자책,9788950988 ,정치/사회,2023-03-10
8972,공부의 고전 : 스스로 배우는 방법을 익히기 위하여,<데시데리우스 에라스무스> 등저/<정지인> 역,유유,전자책,9791160892 ,인문/역사,2023-03-10
8973,"아무튼, 스윙 : 울고 싶은 마음이 들면 스윙을 떠올린다",<김선영> 저,위고,전자책,9791160892 ,시/에세이,2023-03-10
8974,야망 있는 여자들의 사교 클럽,<박초롱> 저,인디펍,전자책,9791190003 ,인문/역사,2023-03-10
8975,시장의 마법사들,<잭 슈웨거> 저/<임기홍> 역,이레미디어,전자책,9788991998 ,경제경영,2023-03-10
8976,ES6로 기초부터 다시 배우는 자바스크립트 파워북,<어포스트> 저,어포스트,전자책,9791197122 ,IT/프로그래밍,2023-03-10
8977,심판,<베르나르 베르베르 저/전미연 역> 저,열린책들,전자책,9788932967 ,소설,2023-03-10
8978,사랑한다고 상처를 허락하지 말 것,<김달> 저,비에이블,전자책,9791190931 ,시/에세이,2023-03-10
8979,스마트폰 메모 : 차이를 만드는 습관의 힘,<스도 료> 저/<오시연> 역,책밥,전자책,9791190641 ,자기계발,2023-03-10
8980,영화하는 여자들,"<(사)여성영화인모임> 기획/<주진숙>,<이순진> 저",사계절,전자책,9791160945 ,인문/역사,2023-03-10
8981,"삼국시대, 진실과 반전의 역사 : 유물과 유적으로 매 순간 다시 쓰는 다이나믹 한국 고대사",<권오영> 저,21세기북스,전자책,9788950991 ,인문/역사,2023-03-10
8982,복자에게,<김금희> 저,문학동네,전자책,9788954675 ,소설,2023-03-10
8983,맥베스 (한글판),<윌리엄 셰익스피어> 저,더클래식,전자책,9791160000000 ,소설,2023-03-10
8984,"중화미각 : 짜장면에서 훠궈까지, 역사와 문화로 맛보는 중국 미식 가이드","<김민호>,<이민숙>,<송진영> 외 저",문학동네,전자책,9788954675 ,인문/역사,2023-03-10
8985,우리가 우리를 우리라고 부를 때 : N번방 추적기와 우리의 이야기,<추적단 불꽃> 저,이봄,전자책,9791190582 ,정치/사회,2023-03-10
8986,Vue.js 개발을 위한 모던 자바스크립트,<향단코드> 저,온노트,전자책,9791190230 ,IT/프로그래밍,2023-03-10
8987,다정한 유전,<강화길> 저,arte(아르테),전자책,9788950992 ,소설,2023-03-10
8988,"불온한 것들의 미학 : 포르노그래피에서 공포 영화까지, 예술 바깥에서의 도발적 사유",<이해완> 저,21세기북스,전자책,9788950993 ,인문/역사,2023-03-10
8989,작은 가게에서 진심을 배우다 : 한 번 오면 단골이 되는 고기리막국수의 비결,<김윤정> 저,다산북스,전자책,9791130633 ,경제경영,2023-03-10
8990,"고전에 맞서며 : 전통, 모험, 혁신의 그리스 로마 고전 읽기",<메리 비어드> 저/<강혜정> 역,글항아리,전자책,9788967358 ,인문/역사,2023-03-10
8991,"아무튼, 목욕탕",<정혜덕> 저,위고,전자책,9791160890 ,시/에세이,2023-03-10
8992,친애하는 나의 집에게,<하재영> 저,라이프앤페이지,전자책,9791197024 ,시/에세이,2023-03-10
8993,토우의 집,<권여선> 저,자음과모음,전자책,9788954445 ,소설,2023-03-10
8994,혼자 공부하는 머신러닝+딥러닝,<박해선> 저,한빛미디어,전자책,9791162247 ,IT/프로그래밍,2023-03-10
8995,혼자 공부하는 자바스크립트,<윤인성> 저,한빛미디어,전자책,9791162247 ,IT/프로그래밍,2023-03-10
8996,시간여행TV의 테마주백과사전,<시간여행TV> 저,시간여행티비주식회사,전자책,9791197043 ,경제경영,2023-03-10
8997,모던 자바스크립트 Deep Dive : 자바스크립트의 기본 개념과 동작 원리,<이웅모> 저,위키북스,전자책,9791158392 ,IT/프로그래밍,2023-03-10
8998,맛있는 디자인 포토샵&일러스트레이터 CC 2021 : 누구나 쉽게 배워 제대로 써먹는 그래픽 입문서,"<빨간고래(박정아)>,<윤이사라(포완카)> 공저",한빛미디어,전자책,9791162247 ,IT/프로그래밍,2023-03-10
8999,디 앤서 : 어느 월스트리트 트레이더의 다이어리,<뉴욕주민 저> 저,푸른숲,전자책,9791156758 ,경제경영,2023-03-10
9000,투자의 재발견 : 부자들은 왜 현금흐름 자산에 주목할까?,<이고은> 저,스마트북스,전자책,9791190238 ,경제경영,2023-03-10
9001,"주식의 시대, 투자의 자세 : 조바심 내지 않고 시장의 기회를 잡는 법","<김동환>,<김한진>,<윤지호> 저",페이지2,전자책,9791190977 ,경제경영,2023-03-10
9002,현명한 퀀트 주식투자 : 누구나 쉽게 할 수 있다! 간단하지만 강력한 자동매매,"<닥터퀀트(이종진)>,<systrader79(이우근)>,<뉴지스탁(문호준 외 2인)> 공저",이레미디어,전자책,9791191328 ,경제경영,2023-03-10
9003,왕초보도 바로 돈 버는 부동산 경매의 기술,"<정민우>,<유근용> 공저",비즈니스북스,전자책,9791162541 ,경제경영,2023-03-10
9004,능력주의와 불평등,<박권일> 등저,교육공동체벗,전자책,9788968801 ,정치/사회,2023-03-10
9005,하루 중에,<이효정> 저,도서출판예다올,전자책,9791191399 ,유아,2023-03-10
9006,억대 연봉 부르는 웹소설 작가수업,<북마녀> 저,허들링북스,전자책,9791197030 ,인문/역사,2023-03-10
9007,관계를 정리하는 중입니다,<이평> 저,부크럼,전자책,9791162143 ,시/에세이,2023-03-10
9008,미국 주식이 답이다 : 생초보도 돈 버는 글로벌 투자 원포인트 레슨,"<장우석>,<이항영> 공저",페이지2,전자책,9791190977 ,경제경영,2023-03-10
9009,좋은 주식 나쁜 주식 : 부의 추월차선에 오르기 위한 진짜 주식 공부,<이남우> 저,한국경제신문사(한경비피),전자책,9788947598 ,경제경영,2023-03-10
9010,글쓰기에 대하여 : 작가가 된다는 것에 관한 여섯 번의 강의,<마거릿 애트우드> 저/<박설영> 역,프시케의숲,전자책,9791189336 ,인문/역사,2023-03-10
9011,나는 어쩌다 명왕성을 죽였나,<마이크 브라운> 저/<지웅배> 역,롤러코스터,전자책,9791191311 ,과학/공학,2023-03-10
9012,"일은 배신하지 않는다 : 고졸 PC방 알바가 포트폴리오 하나로 구글의 입사 제안을 받기까지, 그 후의 이야기",<김종민> 저,아이스크림미디어,전자책,9791159290 ,자기계발,2023-03-10
9013,마녀식당으로 오세요,<구상희> 저,다산책방,전자책,9791130637 ,소설,2023-03-10
9014,평범한 결혼생활,<임경선> 저,토스트,전자책,9791197346 ,시/에세이,2023-03-10
9015,가난해지지 않는 마음,양다솔,놀,전자책,1130641368 ,시/에세이,2023-03-10
9016,Who? Special 김연경,김현수,다산어린이,전자책,1130641619 ,아동,2023-03-10
9017,웰씽킹,켈리 최,다산북스,전자책,113067777X,자기계발,2023-03-10
9018,계획이 실패가 되지 않게,이소연,다산북스,전자책,1130678229 ,자기계발,2023-03-10
9019,도시 악어,글라인,요요,전자책,1130678997 ,시/에세이,2023-03-10
9020,강성태 66일 영어회화,강성태,다산북스,전자책,1130679004 ,국어/외국어,2023-03-10
9021,데일리 필로소피,라이언 홀리데이,다산초당,전자책,1130679365 ,인문/역사,2023-03-10
9022,Who? Special 조수미,김정욱,다산어린이,전자책,1130679489 ,아동,2023-03-10
9023,럭키 드로우,드로우앤드류,다산북스,전자책,1130679829 ,자기계발,2023-03-10
9024,거꾸로 읽는 그리스 로마사,개릿 라이언,다산초당,전자책,1130679942 ,인문/역사,2023-03-10
9025,나의 상상은 현실이 된다,이도원(클레어),다산북스,전자책,1130679977 ,자기계발,2023-03-10
9026,더현대 서울 인사이트,김난도,다산북스,전자책,1130680754 ,경제경영,2023-03-10
9027,아홉 살 관계 사전: 자존감,김정,다산에듀,전자책,1130680894 ,아동,2023-03-10
9028,아홉 살 관계 사전: 어울림,김정,다산에듀,전자책,1130680908 ,아동,2023-03-10
9029,어떻게 살아야 하는가,이나모리 가즈오,다산북스,전자책,1130681203 ,자기계발,2023-03-10
9030,용서받지 못한 밤,미치오 슈스케,놀,전자책,1130681424 ,소설,2023-03-10
9031,8초 만에 통증 리셋,문교훈,다산라이프,전자책,1130689026 ,건강/의학,2023-03-10
9032,딱 한 번만이라도,마스다 미리,소미미디어,전자책,1138404349 ,소설,2023-03-10
9033,백은의 잭,히가시노 게이고,소미미디어,전자책,1138405035 ,소설,2023-03-10
9034,적의 왕: 새로운 왕,히로시마 레이코,소미아이,전자책,1138405620 ,아동,2023-03-10
9035,픽사 스토리텔링,매튜 룬,현대지성,전자책,1139701320 ,경제경영,2023-03-10
9036,왜 살아야 하는가,미하엘 하우스켈러,추수밭,전자책,1155401905 ,인문/역사,2023-03-10
9037,어른의 문답법,피터 버고지언,윌북,전자책,1155813960 ,인문/역사,2023-03-10
9038,묘사의 힘,샌드라 거스,윌북,전자책,1155814029 ,인문/역사,2023-03-10
9039,필로소피 랩,조니 톰슨,윌북,전자책,1155814118 ,인문/역사,2023-03-10
9040,엉망인 채 완전한 축제,술라이커 저우아드,윌북,전자책,1155814312 ,시/에세이,2023-03-10
9041,스톱 씽킹,리처드 칼슨,윌북,전자책,1155814339 ,자기계발,2023-03-10
9042,미식가의 어원 사전,앨버트 잭,윌북,전자책,115581438X,인문/역사,2023-03-10
9043,나를 알고 싶을 때 뇌과학을 공부합니다,질 볼트 테일러,윌북,전자책,1155814517 ,과학/공학,2023-03-10
9044,방방곡곡 세계 지리 여행,김은하,봄나무,전자책,1156131324 ,아동,2023-03-10
9045,모든 빗방울의 이름을 알았다,호르헤 루이스 보르헤스,다른,전자책,1156334349 ,소설,2023-03-10
9046,분수가 풀리고 도형이 보이는 수학이야기,난바 히로유키,동양북스,전자책,1157686982 ,아동,2023-03-10
9047,진짜 기초영어: 파닉스 편,어션,동양북스,전자책,1157687318 ,국어/외국어,2023-03-10
9048,이상하게 돈 걱정 없는 사람들의 비밀,혼다 고이치,동양북스,전자책,1157687504 ,자기계발,2023-03-10
9049,세상에서 가장 행복한 100세 노인,에디 제이쿠,동양북스,전자책,1157687660 ,인문/역사,2023-03-10
9050,세금의 세계사,도미닉 프리스비,한빛비즈,전자책,1157845657 ,인문/역사,2023-03-10
9051,난 나의 춤을 춰,다비드 칼리,모래알(키다리),전자책,115785494X,유아,2023-03-10
9052,라면을 먹으면 숲이 사라져,최원형,책읽는곰,전자책,1158362072 ,아동,2023-03-10
9053,사람은 어떻게 생각하고 배우고 기억하는가,제레드 쿠니 호바스,토네이도,전자책,1158511744 ,자기계발,2023-03-10
9054,지금은 나만의 시간입니다,김유진,토네이도,전자책,1158512252 ,자기계발,2023-03-10
9055,인생의 답은 내 안에 있다,김이섭,미디어숲,전자책,1158741324 ,자기계발,2023-03-10
9056,인생의 변화는 말투에서 시작된다,황시투안,미디어숲,전자책,1158741332 ,자기계발,2023-03-10
9057,가서 만나고 이야기하라,배정환,미디어숲,전자책,1158741391 ,자기계발,2023-03-10
9058,나는 불안할 때 논어를 읽는다,판덩,미디어숲,전자책,1158741421 ,자기계발,2023-03-10
9059,히사이시 조의 음악일기,히사이시 조,책세상,전자책,1159315086 ,예술/대중문화,2023-03-10
9060,여덟 살 오지 마!,재희,노란돼지,전자책,1159950725 ,유아,2023-03-10
9061,오늘은 도서관 가는 날,조셉 코엘료,노란돼지,전자책,1159950792 ,유아,2023-03-10
9062,뿌지직 123,핑크고릴라,노란돼지,전자책,1159951462 ,유아,2023-03-10
9063,아빠 자판기,조경희,노란돼지,전자책,1159952051 ,아동,2023-03-10
9064,나는 도서관입니다,명혜권,노란돼지,전자책,1159952132 ,아동,2023-03-10
9065,괴물들이 사는 궁궐,무돌,노란돼지,전자책,1159952647 ,유아,2023-03-10
9066,"나의 특별한 친구, 문어",이사벨 마리노프,노란돼지,전자책,1159952671 ,아동,2023-03-10
9067,깔깔 주스,박세랑,노란돼지,전자책,1159952701 ,아동,2023-03-10
9068,나의 첫 메타버스 수업,이재원,메이트북스,전자책,1160023557 ,경제경영,2023-03-10
9069,무극선생 이승조의 주식투자의 기본,이승조,메이트북스,전자책,1160023689 ,경제경영,2023-03-10
9070,무민 가족과 보이지 않는 손님,토베 얀손 (원작),작가정신,전자책,1160268762 ,아동,2023-03-10
9071,서영동 이야기,조남주,한겨레출판사,전자책,1160407568 ,소설,2023-03-10
9072,"봄이다, 살아보자",나태주,한겨레출판사,전자책,1160407657 ,시/에세이,2023-03-10
9073,콩쥐팥쥐전,권순긍,휴머니스트,전자책,1160806055 ,아동,2023-03-10
9074,음식을 공부합니다,주영하,휴머니스트,전자책,1160807337 ,인문/역사,2023-03-10
9075,최초의 역사 수메르,김산해,휴머니스트,전자책,116080768X,인문/역사,2023-03-10
9076,우리 안의 파시즘 2.0,임지현 (엮음),휴머니스트,전자책,1160808007 ,정치/사회,2023-03-10
9077,생명 윤리 논쟁,장성익,풀빛,전자책,1161723528 ,아동,2023-03-10
9078,오늘은 용돈 받는 날,연유진,풀빛,전자책,1161724060 ,아동,2023-03-10
9079,2억 빚을 진 내게 우주님이 가르쳐준 돈 사용설명서: 돈을 웃게 하라!,고이케 히로시,나무생각,전자책,1162181877 ,자기계발,2023-03-10
9080,네이버 블로그로 돈 벌기,김동석,한빛미디어,전자책,1162244771 ,IT/프로그래밍,2023-03-10
9081,"스토리텔링 우동이즘의 잘 팔리는 웹툰, 웹소설 이야기 만들기",우동이즘(이동우),한빛미디어,전자책,1162244909 ,IT/프로그래밍,2023-03-10
9082,맛있는 디자인 프리미어 프로&애프터 이펙트 CC 2022,김덕영,한빛미디어,전자책,1162245158 ,IT/프로그래밍,2023-03-10
9083,마이어스의 심리학개론,David G. Myers,시그마프레스,전자책,1162263644 ,인문/역사,2023-03-10
9084,세계미래보고서 2022: 메타 사피엔스가 온다,박영숙,비즈니스북스,전자책,1162542403 ,경제경영,2023-03-10
9085,딱 2년 안에 무조건 돈 버는 부동산 투자 시크릿,김세희(세빛희),비즈니스북스,전자책,1162542527 ,경제경영,2023-03-10
9086,어린이를 위한 몰입의 힘,전지은,비즈니스북스,전자책,1162542543 ,아동,2023-03-10
9087,하루를 48시간으로 사는 마법,이재은,비즈니스북스,전자책,116254256X,자기계발,2023-03-10
9088,습관의 알고리즘,러셀 폴드랙,비즈니스북스,전자책,1162542640 ,자기계발,2023-03-10
9089,따라 하면 무조건 돈 버는 실전 부동산 경매: 수익실현편,유근용,비즈니스북스,전자책,1162542705 ,경제경영,2023-03-10
9090,삼개주막 기담회,오윤희,고즈넉이엔티,전자책,1163161659 ,소설,2023-03-10
9091,삼개주막 기담회. 2,오윤희,고즈넉이엔티,전자책,1163162329 ,소설,2023-03-10
9092,예의 바른 비즈니스 영어,Hyogo Okada,베이직북스,전자책,1163400548 ,국어/외국어,2023-03-10
9093,일본 전국시대 130년 지정학,코스믹출판,이다미디어,전자책,1163940569 ,인문/역사,2023-03-10
9094,미적분의 힘,스티븐 스트로가츠,해나무,전자책,1164051334 ,과학/공학,2023-03-10
9095,식물 상담,강세종,북하우스엔,전자책,1164051466 ,여행/취미,2023-03-10
9096,"헤르만 헤세, 음악 위에 쓰다",헤르만 헤세,북하우스,전자책,1164051490 ,예술/대중문화,2023-03-10
9097,생각은 어떻게 행동이 되는가,데이비드 바드르,해나무,전자책,1164051512 ,과학/공학,2023-03-10
9098,당신이 살았던 날들,델핀 오르빌뢰르,북하우스,전자책,1164051539 ,인문/역사,2023-03-10
9099,나의 MBTI가 궁금하단 마리몽,김소나,더모던,전자책,1164455354 ,시/에세이,2023-03-10
9100,서울 자가에 대기업 다니는 김 부장 이야기. 3: 송 과장 편,송희구,서삼독,전자책,116534422X,자기계발,2023-03-10
9101,읽는 인간 리터러시를 경험하라,조병영,쌤앤파커스,전자책,1165344270 ,인문/역사,2023-03-10
9102,부자들의 초격차 독서법,가미오카 마사아키,쌤앤파커스,전자책,1165344289 ,자기계발,2023-03-10
9103,"신의 비밀, 징조",김승호,쌤앤파커스,전자책,1165344351 ,자기계발,2023-03-10
9104,바나나쌤의 1달 완성 영문법. 1,아티엔바나나(르네),쌤앤파커스,전자책,1165344785 ,국어/외국어,2023-03-10
9105,바나나쌤의 1달 완성 영문법. 2,아티엔바나나(르네),쌤앤파커스,전자책,1165344793 ,국어/외국어,2023-03-10
9106,가시 소년,권자경,천개의바람,전자책,1165731339 ,아동,2023-03-10
9107,끼인 날,김고은,천개의바람,전자책,1165731371 ,유아,2023-03-10
9108,문어 팬티,수지 시니어,천개의바람,전자책,116573138X,유아,2023-03-10
9109,몽돌 미역국,권민조,천개의바람,전자책,1165731622 ,유아,2023-03-10
9110,두 마리 당장 빠져!,신디 더비,천개의바람,전자책,1165731789 ,유아,2023-03-10
9111,세종대왕을 찾아라,김진,천개의바람,전자책,1165731843 ,유아,2023-03-10
9112,작은 변화에도 걱정이 많아지는 예비 엄마들에게,전종관,시공사,전자책,1165797143 ,가정/생활/요리,2023-03-10
9113,2022 한국이 열광할 세계 트렌드,KOTRA,알키,전자책,1165797291 ,경제경영,2023-03-10
9114,만화보다 재미있는 민화 이야기,정병모,스푼북,전자책,1165810018 ,아동,2023-03-10
9115,숲은 살아 있다,은미향,북극곰,전자책,116588125X,유아,2023-03-10
9116,사랑이의 하모니카,밑가지,북극곰,전자책,1165881322 ,유아,2023-03-10
9117,입이 터질 수밖에 없는 영어회화,이근철,로그인,전자책,1166375781 ,국어/외국어,2023-03-10
9118,MBA 마케팅 필독서 45,나가이 다카히사,센시오,전자책,1166570312 ,경제경영,2023-03-10
9119,성공한 사람들의 기상 후 1시간,벤자민 스폴,센시오,전자책,1166570460 ,자기계발,2023-03-10
9120,디팩 초프라의 완전한 명상,디팩 초프라,센시오,전자책,1166570509 ,자기계발,2023-03-10
9121,통증 때려잡는 스트레칭,최재석,센시오,전자책,1166570525 ,건강/의학,2023-03-10
9122,다섯 번째 감각,김보영,아작,전자책,1166686604 ,소설,2023-03-10
9123,일기 쓰는 법,조경국,유유,전자책,1167700201 ,인문/역사,2023-03-10
9124,행복의 지도,에릭 와이너,어크로스,전자책,1167740025 ,인문/역사,2023-03-10
9125,인간으로 사는 일은 하나의 문제입니다,김영민,어크로스,전자책,1167740173 ,인문/역사,2023-03-10
9126,일상 감각 연구소,찰스 스펜스,어크로스,전자책,1167740270 ,인문/역사,2023-03-10
9127,누구에게나 신이 필요한 순간이 있다,에릭 와이너,어크로스,전자책,1167740327 ,인문/역사,2023-03-10
9128,"지구는 괜찮아, 우리가 문제지",곽재식,어크로스,전자책,1167740343 ,과학/공학,2023-03-10
9129,월급쟁이 부자의 머니 파이프라인,루지,위즈덤하우스,전자책,1168120322 ,경제경영,2023-03-10
9130,"반도체, 넥스트 시나리오",권순용,위즈덤하우스,전자책,1168120519 ,경제경영,2023-03-10
9131,아니 요즘 세상에 누가,곽민지,위즈덤하우스,전자책,1168121043 ,시/에세이,2023-03-10
9132,파워 아워,에이드리엔 허버트,위즈덤하우스,전자책,1168121183 ,자기계발,2023-03-10
9133,카이스트 명상 수업,이덕주,위즈덤하우스,전자책,1168122120 ,자기계발,2023-03-10
9134,요즘 사는 맛,김겨울,위즈덤하우스,전자책,1168122252 ,시/에세이,2023-03-10
9135,당신만 몰랐던 부동산 투자,김학렬(빠숑),베가북스,전자책,116821002X,경제경영,2023-03-10
9136,초등 맞춤법 50일 완주 따라쓰기 기초 편,권귀헌,서사원주니어,전자책,1168220076 ,아동,2023-03-10
9137,초등 맞춤법 50일 완주 따라쓰기 심화 편,권귀헌,서사원주니어,전자책,1168220084 ,아동,2023-03-10
9138,어른의 대화법,임정민,서사원,전자책,1168220343 ,인문/역사,2023-03-10
9139,초등 도형 구구단 완주 따라 그리기,남택진,서사원주니어,전자책,1168220351 ,아동,2023-03-10
9140,나 혼자만 알고 싶은 영어책 매운맛 Vol.1: 매운맛,피유진,서사원,전자책,1168220475 ,국어/외국어,2023-03-10
9141,나 혼자만 알고 싶은 영어책 매운맛 Vol.2: 매운맛,피유진,서사원,전자책,1168220483 ,국어/외국어,2023-03-10
9142,오늘도 우울증을 검색한 나에게,김한준,카시오페아,전자책,1168270103 ,인문/역사,2023-03-10
9143,이유 없이 아프다면 식사 때문입니다,미조구치 도루,카시오페아,전자책,116827012X,건강/의학,2023-03-10
9144,서울대 의대 엄마는 이렇게 공부시킵니다,김진선,카시오페아,전자책,1168270154 ,가정/생활/요리,2023-03-10
9145,아직 오지 않은 날들을 위하여,파스칼 브뤼크네르,인플루엔셜,전자책,1168340039 ,인문/역사,2023-03-10
9146,삶이 던지는 질문은 언제나 같다,찰스 핸디,인플루엔셜,전자책,1168340101 ,인문/역사,2023-03-10
9147,한자와 나오키: 아를르캥과 어릿광대,이케이도 준,인플루엔셜,전자책,1168340144 ,소설,2023-03-10
9148,문샷: 불가능을 가능으로 만든 화이자의 대담한 전략,앨버트 불라,인플루엔셜,전자책,1168340160 ,경제경영,2023-03-10
9149,어린이를 위한 가상현실과 메타버스 이야기,천윤정,팜파스,전자책,1170264212 ,아동,2023-03-10
9150,이어령의 마지막 수업,김지수,열림원,전자책,1170400523 ,인문/역사,2023-03-10
9151,메멘토 모리,이어령,열림원,전자책,1170400744 ,인문/역사,2023-03-10
9152,나는 당신도 재개발 투자로 돈을 벌면 좋겠습니다,남무98,원앤원북스,전자책,1170432824 ,경제경영,2023-03-10
9153,한경무크 궁금한 중대재해처벌법,배재덕,한국경제신문,전자책,1185272747 ,정치/사회,2023-03-10
9154,NFT 현명한 투자자,김동은,알투스,전자책,1186116331 ,경제경영,2023-03-10
9155,골동품 가게와 마법 주사위. 1: 봉인이 해제된 날,윤자영,슬로래빗,전자책,1186494727 ,아동,2023-03-10
9156,난데없이 메타버스 줄리엣에게 웃음을 돌려줘,차유진,슬로래빗,전자책,1186494743 ,아동,2023-03-10
9157,골동품 가게와 마법 주사위. 2: 또 다른 시간 여행자,윤자영,슬로래빗,전자책,118649476X,아동,2023-03-10
9158,북극곰 고미의 환경 NGO 활동기,박하나,책내음,전자책,1186771399 ,아동,2023-03-10
9159,신의 전쟁,카렌 암스트롱,교양인,전자책,118706467X,인문/역사,2023-03-10
9160,저주 토끼,정보라,아작,전자책,1187206423 ,소설,2023-03-10
9161,사라진 암,한상도,사이몬북스,전자책,118733023X,건강/의학,2023-03-10
9162,초보자를 위한 투자의 정석,우석(브라운스톤),토트,전자책,1187444693 ,경제경영,2023-03-10
9163,의미의 지도,조던 B. 피터슨,앵글북스,전자책,1187512605 ,인문/역사,2023-03-10
9164,일기 고쳐 주는 아이,박선화,잇츠북어린이,전자책,1187903302 ,아동,2023-03-10
9165,훈데르트바서의 집,제랄딘 엘슈너,계수나무,전자책,1187914398 ,아동,2023-03-10
9166,"곰이라고요, 곰!",프랭크 태슐린,계수나무,전자책,1187914479 ,유아,2023-03-10
9167,꿈을 굽는 빵집,김희선,계수나무,전자책,1187914606 ,아동,2023-03-10
9168,부의 체인저. 1,김장섭(조던),트러스트북스,전자책,1187993948 ,경제경영,2023-03-10
9169,부의 체인저. 2,김장섭(조던),트러스트북스,전자책,1187993956 ,경제경영,2023-03-10
9170,웹소설의 신,이낙준(한산이가),비단숲,전자책,1188028324 ,인문/역사,2023-03-10
9171,사람이 싫다,손수호,브레인스토어,전자책,118807380X,정치/사회,2023-03-10
9172,오늘부터 개발자,김병욱,천그루숲,전자책,1188348906 ,IT/프로그래밍,2023-03-10
9173,불편한 사람과 뻔뻔하게 대화하는 법,진 마티넷,필름(Feelm),전자책,1188469835 ,자기계발,2023-03-10
9174,오늘도 매진되었습니다,이미소,필름(Feelm),전자책,1188469894 ,자기계발,2023-03-10
9175,보름달 커피점의 고양이 별점술사,모치즈키 마이,지금이책,전자책,1188554557 ,소설,2023-03-10
9176,내 이름은 3번 시다,원유순,파란자전거,전자책,1188609505 ,아동,2023-03-10
9177,예민한 부모를 위한 심리 수업,일레인 N. 아론,청림라이프,전자책,1188700952 ,가정/생활/요리,2023-03-10
9178,확률적 사고의 힘,다부치 나오야,에프엔미디어,전자책,1188754564 ,경제경영,2023-03-10
9179,공룡이 왔다,박주현,노란상상,전자책,1188867911 ,유아,2023-03-10
9180,물고기는 존재하지 않는다,룰루 밀러,곰출판,전자책,1189327155 ,과학/공학,2023-03-10
9181,부동산 트렌드 2022,김경민,와이즈맵,전자책,1189328534 ,경제경영,2023-03-10
9182,헌책방 기담 수집가,윤성근,프시케의숲,전자책,1189336464 ,시/에세이,2023-03-10
9183,금리와 환율 알고 갑시다,김영익,위너스북,전자책,1189352478 ,경제경영,2023-03-10
9184,기만의 살의,미키 아키코,블루홀식스(블루홀6),전자책,1189571625 ,소설,2023-03-10
9185,어느 날 멀쩡하던 행거가 무너졌다,이혜림,라곰,전자책,1189686384 ,시/에세이,2023-03-10
9186,촉각,맨디 수르,서교출판사,전자책,1189729644 ,유아,2023-03-10
9187,제 마음대로 살아보겠습니다,이원지,상상출판,전자책,1189856549 ,여행/취미,2023-03-10
9188,나는 왜 생각이 많을까?,홋타 슈고,서사원,전자책,1190179873 ,인문/역사,2023-03-10
9189,돈의 흐름에 올라타라,홍춘욱,스마트북스,전자책,1190238764 ,경제경영,2023-03-10
9190,진화 신화,김보영,에디토리얼,전자책,1190254166 ,소설,2023-03-10
9191,일의 격,신수정,턴어라운드,전자책,119027602X,경제경영,2023-03-10
9192,생각한다는 착각,닉 채터,웨일북(whalebooks),전자책,1190313995 ,인문/역사,2023-03-10
9193,모든 것은 기본에서 시작한다,손웅정,수오서재,전자책,1190382504 ,시/에세이,2023-03-10
9194,소통 수업,김수인,수오서재,전자책,1190382555 ,자기계발,2023-03-10
9195,광기와 우연의 역사(최신 완역판),슈테판 츠바이크,이화북스,전자책,1190626063 ,인문/역사,2023-03-10
9196,나의 집,다비드 칼리,봄개울,전자책,1190689065 ,아동,2023-03-10
9197,4~7세보다 중요한 시기는 없습니다,이임숙,카시오페아,전자책,1190776820 ,가정/생활/요리,2023-03-10
9198,오십에 읽는 논어,최종엽,유노북스,전자책,1190826836 ,인문/역사,2023-03-10
9199,50대에 도전해서 부자 되는 법,서미숙,유노북스,전자책,1190826992 ,경제경영,2023-03-10
9200,초등 매일 독서의 힘,이은경,한빛라이프,전자책,1190846314 ,가정/생활/요리,2023-03-10
9201,일상을 담는 아이패드 드로잉,이이오(김민정),한빛라이프,전자책,1190846330 ,예술/대중문화,2023-03-10
9202,마이너 필링스,캐시 박 홍,마티,전자책,1190853183 ,인문/역사,2023-03-10
9203,10년 후 100배 오를 암호화폐에 투자하라,박종한,나비의활주로,전자책,1190865521 ,경제경영,2023-03-10
9204,돈되는 온라인 1인창업,투트랙(이규환),잇콘,전자책,1190877449 ,경제경영,2023-03-10
9205,사경인의 친절한 투자 과외,사경인,페이지2북스,전자책,1190977419 ,경제경영,2023-03-10
9206,거인의 포트폴리오,강환국,페이지2북스,전자책,1190977435 ,경제경영,2023-03-10
9207,미스터 마켓 2022,이한영,페이지2북스,전자책,1190977443 ,경제경영,2023-03-10
9208,앞으로 10년 빅테크 수업,조원경,페이지2북스,전자책,1190977559 ,경제경영,2023-03-10
9209,독점의 기술,밀렌드 M. 레레,페이지2북스,전자책,1190977575 ,경제경영,2023-03-10
9210,단톡방 가족,제성은,마주별,전자책,1191011208 ,아동,2023-03-10
9211,하루쯤 나 혼자 어디라도 가야겠다,장은정,북라이프,전자책,1191013324 ,여행/취미,2023-03-10
9212,연애시대,노자와 히사시,모모,전자책,1191043363 ,소설,2023-03-10
9213,소문,오기와라 히로시,모모,전자책,119104341X,소설,2023-03-10
9214,이제는 오해하면 그대로 둔다,김다슬,스튜디오오드리,전자책,1191043444 ,시/에세이,2023-03-10
9215,테라피스트,B. A. 패리스,모모,전자책,1191043517 ,소설,2023-03-10
9216,네가 마지막으로 남긴 노래,이치조 미사키,모모,전자책,1191043533 ,소설,2023-03-10
9217,잘 살아라 그게 최고의 복수다,권민창,마인드셋(Mindset),전자책,1191043630 ,자기계발,2023-03-10
9218,네 번의 노크,케이시,인플루엔셜,전자책,1191056139 ,소설,2023-03-10
9219,리더를 위한 멘탈 수업,윤대현,인플루엔셜,전자책,1191056996 ,경제경영,2023-03-10
9220,우리가 오르지 못할 방주,심너울,안전가옥,전자책,1191193357 ,소설,2023-03-10
9221,그냥 하지 말라,송길영,북스톤,전자책,1191211460 ,경제경영,2023-03-10
9222,2022 트렌드 노트,신수정,북스톤,전자책,1191211509 ,경제경영,2023-03-10
9223,엄마에게 사랑이 아닌 상처를 받은 너에게,찰스 화이트필드,빌리버튼,전자책,1191228673 ,인문/역사,2023-03-10
9224,예민한 사람을 위한 좋은 심리 습관,캐린 홀,빌리버튼,전자책,119122869X,자기계발,2023-03-10
9225,아이의 성적격차가 갈리는 초5 공부의 비밀,송재환,글담출판,전자책,1191309215 ,가정/생활/요리,2023-03-10
9226,투자를 잘한다는 것,배진한,이레미디어,전자책,1191328465 ,경제경영,2023-03-10
9227,성취예측모형,최동석,클라우드나인,전자책,1191334414 ,경제경영,2023-03-10
9228,아들의 뇌,곽윤정,포레스트북스,전자책,1191347451 ,가정/생활/요리,2023-03-10
9229,1일 1분 시력 운동,야마구치 고조,포레스트북스,전자책,1191347575 ,건강/의학,2023-03-10
9230,돈이 되는 메타버스,최원희,포레스트북스,전자책,1191347656 ,경제경영,2023-03-10
9231,마음의 법칙,폴커 키츠,포레스트북스,전자책,1191347680 ,인문/역사,2023-03-10
9232,돈의 맛,요시에 마사루,포레스트북스,전자책,1191347729 ,자기계발,2023-03-10
9233,보이지 않는 것에 의미가 있다,김혜남,포르체,전자책,1191393461 ,인문/역사,2023-03-10
9234,거꾸로 읽는 세계사,유시민,돌베개,전자책,1191438406 ,인문/역사,2023-03-10
9235,진주의 해피 키토 인스턴트팟,진주,북드림,전자책,1191509257 ,가정/생활/요리,2023-03-10
9236,캑터스,사라 헤이우드,시월이일,전자책,1191560066 ,소설,2023-03-10
9237,우리가 혹하는 이유,존 페트로첼리,오월구일,전자책,1191560082 ,인문/역사,2023-03-10
9238,무무 씨의 달그네,고정순,달그림,전자책,1191592030 ,유아,2023-03-10
9239,뭐라고 불러야 해?,천준형,달그림,전자책,1191592065 ,유아,2023-03-10
9240,세상과의 첫 약속책,임영주,빅피시,전자책,1191825035 ,유아,2023-03-10
9241,헤맨다고 모두 길을 잃는 것은 아니다,김달,빅피시,전자책,1191825043 ,시/에세이,2023-03-10
9242,아무런 대가 없이 건네는 다정,하태완,빅피시,전자책,1191825167 ,시/에세이,2023-03-10
9243,공부의 본질,이윤규,빅피시,전자책,1191825175 ,자기계발,2023-03-10
9244,우리 모두 가끔은 미칠 때가 있지,정지음,빅피시,전자책,1191825272 ,시/에세이,2023-03-10
9245,"더 잘하고 싶어서, 더 잘 살고 싶어서",양경민(글토크),빅피시,전자책,1191825310 ,시/에세이,2023-03-10
9246,럭키,김도윤,북로망스,전자책,119189102X,자기계발,2023-03-10
9247,NFT 사용설명서,맷 포트나우,여의도책방,전자책,1191904067 ,경제경영,2023-03-10
9248,한코두코,이황희,계수나무,전자책,1192056264 ,유아,2023-03-10
9249,급진의 20대,김내훈,서해문집,전자책,1192085094 ,정치/사회,2023-03-10
9250,소마,채사장,웨일북(whalebooks),전자책,1192097068 ,소설,2023-03-10
9251,경제사상가 이건희,허문명,동아일보사,전자책,1192101006 ,경제경영,2023-03-10
9252,12 1/2 부와 성공을 부르는 12가지 원칙,게리 바이너척,천그루숲,전자책,1192227484 ,자기계발,2023-03-10
9253,마음의 주인,이기주,말글터,전자책,1195522142 ,시/에세이,2023-03-10
9254,세계사 최대한 쉽게 설명해 드립니다,만프레트 마이,이화북스,전자책,1196558108 ,인문/역사,2023-03-10
9255,마음먹기,자현,달그림,전자책,1196775346 ,아동,2023-03-10
9256,가끔씩 나는,조미자,핑거,전자책,1196780412 ,유아,2023-03-10
9257,고구려. 7: 동백과 한란,김진명,이타북스,전자책,1197063277 ,소설,2023-03-10
9258,더 보스(The Boss),안규호,떠오름,전자책,1197080821 ,자기계발,2023-03-10
9259,있는 그대로 살아도 괜찮아,박찬위,떠오름,전자책,119708083X,시/에세이,2023-03-10
9260,기분이 태도가 되지 않으려면,나겨울,떠오름,전자책,1197080848 ,인문/역사,2023-03-10
9261,만남은 지겹고 이별은 지쳤다,색과 체,떠오름,전자책,1197080899 ,시/에세이,2023-03-10
9262,엄청난 눈,박현민,달그림,전자책,1197092390 ,유아,2023-03-10
9263,진짜 하루만에 끝내는 이모티콘,정오목,티더블유아이지,전자책,1197251413 ,IT/프로그래밍,2023-03-10
9264,여기가 끝이 아니다,린 그라본,NAVI SCHOOL,전자책,1197389407 ,자기계발,2023-03-10
9265,다정한 것이 살아남는다,브라이언 헤어,디플롯,전자책,1197413022 ,과학/공학,2023-03-10
9266,다정소감,김혼비,안온북스,전자책,1197504133 ,시/에세이,2023-03-10
9267,법정의 얼굴들,박주영,모로,전자책,1197559701 ,정치/사회,2023-03-10
9268,어린이 헌법,임병택,도서출판 시작,전자책,1197561412 ,아동,2023-03-10
9269,위드 코로나 2022년 경제전망,김광석,지식노마드,전자책,1197603603 ,경제경영,2023-03-10
9270,누가 한국 경제를 파괴하는가,최배근,북인어박스,전자책,1197617000 ,경제경영,2023-03-10
9271,나는 장사의 신이다,은현장,떠오름,전자책,1197646752 ,경제경영,2023-03-10
9272,나는 당신이 행복했으면 좋겠습니다,박찬위,하이스트,전자책,1197647600 ,시/에세이,2023-03-10
9273,윤석열 X파일,열린공감TV,열린공감TV,전자책,1197747613 ,정치/사회,2023-03-10
9274,어른의 재미,진영호,클레이하우스,전자책,1197768416 ,자기계발,2023-03-10
9275,넥스트,빈센트(김두언),경이로움,전자책,1197772804 ,경제경영,2023-03-10
9276,"대전환의 시대, 새로운 대한민국이 온다",김준형,크레타,전자책,1197784225 ,정치/사회,2023-03-10
9277,인민을 위해 복무하라,옌롄커,웅진지식하우스,전자책,890122562X,소설,2023-03-10
9278,나는 인생의 아주 기본적인 것부터 바꿔보기로 했다,개리 비숍,갤리온,전자책,8901253895 ,자기계발,2023-03-10
9279,우리의 인생이 겨울을 지날 때,캐서린 메이,웅진지식하우스,전자책,890125445X,시/에세이,2023-03-10
9280,고립의 시대,노리나 허츠,웅진지식하우스,전자책,8901254514 ,정치/사회,2023-03-10
9281,움직임의 뇌과학,캐럴라인 윌리엄스,갤리온,전자책,8901254530 ,인문/역사,2023-03-10
9282,김대리의 쉽게 뜨는 요즘 니트,바늘이야기 김대리,웅진리빙하우스,전자책,8901254670 ,여행/취미,2023-03-10
9283,팬데믹 머니,KBS 다큐 인사이트 팬데믹 머니 제작팀,리더스북,전자책,8901254719 ,경제경영,2023-03-10
9284,권력의 심리학,브라이언 클라스,웅진지식하우스,전자책,8901255553 ,인문/역사,2023-03-10
9285,세븐 테크,김미경,웅진지식하우스,전자책,8901255715 ,경제경영,2023-03-10
9286,코드 브레이커,월터 아이작슨,웅진지식하우스,전자책,8901256606 ,과학/공학,2023-03-10
9287,재정전쟁,전주성,웅진지식하우스,전자책,8901258218 ,경제경영,2023-03-10
9288,유튜브 스타 금은동,임지형,국민서관,전자책,8911126241 ,아동,2023-03-10
9289,최고의 체력,클레어 데일,알에이치코리아,전자책,8925578727 ,자기계발,2023-03-10
9290,나는 월급쟁이에서 이렇게 독립했다,절약왕(장성원),알에이치코리아,전자책,8925578794 ,경제경영,2023-03-10
9291,슈퍼 해빗,케이티 밀크먼,알에이치코리아,전자책,8925578808 ,자기계발,2023-03-10
9292,부의 해답,존 아사라프,알에이치코리아,전자책,8925578824 ,자기계발,2023-03-10
9293,요즘 애들,앤 헬렌 피터슨,알에이치코리아,전자책,8925579316 ,정치/사회,2023-03-10
9294,최소 노력의 법칙,그렉 맥커운,알에이치코리아,전자책,8925579618 ,자기계발,2023-03-10
9295,무기력이 무기력해지도록,한창수,알에이치코리아,전자책,8925579863 ,인문/역사,2023-03-10
9296,"하루 10분 미국 주식, 월급보다 더 번다",삵(이석근),알에이치코리아,전자책,8925588781 ,경제경영,2023-03-10
9297,세진 쌤의 바로 영어,박세진,다락원,전자책,8927701518 ,국어/외국어,2023-03-10
9298,브레이킹 루틴,천인우,중앙북스,전자책,8927812743 ,자기계발,2023-03-10
9299,베이킹 하다 앳 홈,박정아,중앙북스,전자책,8927812840 ,가정/생활/요리,2023-03-10
9300,다시 한번 날게 하소서,이어령,성안당,전자책,8931558414 ,시/에세이,2023-03-10
9301,너를 닮은 사람,정소현,문학과지성사,전자책,8932039062 ,소설,2023-03-10
9302,상대적이며 절대적인 지식의 백과사전,베르나르 베르베르,열린책들,전자책,8932921369 ,시/에세이,2023-03-10
9303,다산의 마지막 질문,조윤제,청림출판,전자책,893521373X,자기계발,2023-03-10
9304,공부란 무엇인가,한근태,샘터(샘터사),전자책,8946422025 ,인문/역사,2023-03-10
9305,세금 내는 아이들,옥효진,한국경제신문,전자책,8947547263 ,아동,2023-03-10
9306,이코노미스트 2022 세계대전망,이코노미스트,한국경제신문,전자책,8947547697 ,경제경영,2023-03-10
9307,"순한 맛, 매운 맛 매생이 클럽 아이들",이은경,한국경제신문,전자책,8947547743 ,아동,2023-03-10
9308,존리의 왜 주식인가,존 리,한국경제신문,전자책,8947547905 ,경제경영,2023-03-10
9309,혼공하는 아이들,이상학(해피이선생),한국경제신문,전자책,894754793X,아동,2023-03-10
9310,사과는 떨어지지 않는다,리안 모리아티,마시멜로,전자책,8947548006 ,소설,2023-03-10
9311,디지털 경제 생태계가 만들어갈 새로운 기회 NFT 미래수업,홍기훈,한국경제신문,전자책,8947548014 ,경제경영,2023-03-10
9312,4000주,올리버 버크먼,21세기북스,전자책,8950962675 ,자기계발,2023-03-10
9313,"세상 편하게 부자되는 법, ETF",이승원,21세기북스,전자책,8950997665 ,경제경영,2023-03-10
9314,"역사를 품은 수학, 수학을 품은 역사",김민형,21세기북스,전자책,8950998181 ,과학/공학,2023-03-10
9315,"뇌를 읽다, 마음을 읽다",권준수,21세기북스,전자책,8950998602 ,과학/공학,2023-03-10
9316,오리지널의 탄생,세상의모든지식,21세기북스,전자책,8950998629 ,경제경영,2023-03-10
9317,임포스터,리사 손,21세기북스,전자책,8950998769 ,가정/생활/요리,2023-03-10
9318,병자호란: 그냥 지는 전쟁은 없다,임용한,레드리버,전자책,8950998939 ,인문/역사,2023-03-10
9319,프레임의 힘,케네스 쿠키어,21세기북스,전자책,8950999447 ,자기계발,2023-03-10
9320,117층 나무 집,앤디 그리피스,시공주니어,전자책,8952744586 ,아동,2023-03-10
9321,104층 나무 집,앤디 그리피스,시공주니어,전자책,8952795091 ,아동,2023-03-10
9322,예수는 역사다,리 스트로벨,두란노서원,전자책,8953140498 ,종교,2023-03-10
9323,긴긴밤,루리,문학동네,전자책,8954677150 ,아동,2023-03-10
9324,작별하지 않는다,한강,문학동네,전자책,8954682154 ,소설,2023-03-10
9325,1차원이 되고 싶어,박상영,문학동네,전자책,895468274X,소설,2023-03-10
9326,H마트에서 울다,미셸 자우너,문학동네,전자책,8954683371 ,시/에세이,2023-03-10
9327,최소한의 선의,문유석,문학동네,전자책,8954684203 ,인문/역사,2023-03-10
9328,장미의 이름은 장미,은희경,문학동네,전자책,8954684734 ,소설,2023-03-10
9329,미스터리 월드 투어. 1: 영국편,김정욱,EBS BOOKS,전자책,8954753973 ,아동,2023-03-10
9330,0.1%의 비밀,조세핀 김,EBS BOOKS,전자책,8954754066 ,가정/생활/요리,2023-03-10
9331,미스터리 월드 투어. 2: 프랑스,김정옥,EBS BOOKS,전자책,8954756093 ,아동,2023-03-10
9332,매직 슬러시,류미정,크레용하우스,전자책,8955476892 ,아동,2023-03-10
9333,시간 고양이,박미연,이지북,전자책,8957070702 ,아동,2023-03-10
9334,스물아홉 생일 1년 후 죽기로 결심했다,하야마 아마리,위즈덤하우스,전자책,8959136891 ,시/에세이,2023-03-10
9335,트렌드 코리아 2022,김난도,미래의창,전자책,8959897000 ,경제경영,2023-03-10
9336,선을 넘는 한국인 선을 긋는 일본인,한민,부키,전자책,8960519081 ,인문/역사,2023-03-10
9337,독립군이 된 세 친구,이규희,파랑새,전자책,8961559354 ,아동,2023-03-10
9338,잠을 자요,셰르스티 안네스다테르 스콤스볼,책빛,전자책,8962193671 ,유아,2023-03-10
9339,이건 운명이야!,밤코,위즈덤하우스,전자책,8962475898 ,유아,2023-03-10
9340,레벨 업 5학년,김혜진,위즈덤하우스,전자책,8962475928 ,아동,2023-03-10
9341,미쳐있고 괴상하며 오만하고 똑똑한 여자들,하미나,동아시아,전자책,8962623870 ,정치/사회,2023-03-10
9342,일어날 일은 일어난다,박권,동아시아,전자책,8962623927 ,과학/공학,2023-03-10
9343,메타버스 사피엔스,김대식,동아시아,전자책,896262415X,인문/역사,2023-03-10
9344,초등학생을 위한 개념 경제 150,박효연,바이킹,전자책,8964945069 ,아동,2023-03-10
9345,웹툰 캐릭터 그리기 대작전,이지,바이킹,전자책,896494528X,아동,2023-03-10
9346,나는 나의 주인,채인선,토토북,전자책,8964960033 ,아동,2023-03-10
9347,건축왕 정세권,이규희,밝은미래,전자책,8965463858 ,아동,2023-03-10
9348,마수오와 수상한 도둑,황섭균,밝은미래,전자책,896546403X,아동,2023-03-10
9349,피터 린치의 투자 이야기,피터 린치,흐름출판,전자책,8965964792 ,경제경영,2023-03-10
9350,100조를 움직이는 사람들,최우석,흐름출판,전자책,8965964954 ,경제경영,2023-03-10
9351,도파민네이션,애나 렘키,흐름출판,전자책,8965965047 ,인문/역사,2023-03-10
9352,플랜데믹,미키 윌리스,에디터,전자책,8967442416 ,정치/사회,2023-03-10
9353,보는 순간 사게 되는 1초 문구,장문정,블랙피쉬,전자책,8968333424 ,경제경영,2023-03-10
9354,유아식 레시피북,BLW연구소,경향BP,전자책,8969524479 ,가정/생활/요리,2023-03-10
9355,키토 한식,박지아(온스맘),경향BP,전자책,8969524932 ,가정/생활/요리,2023-03-10
9356,피톨로지 피트니스 영양학,이호욱,예문당,전자책,897001621X,건강/의학,2023-03-10
9357,잘난 놈 심리학,로버트 A. 글로버,미래사,전자책,8970871411 ,인문/역사,2023-03-10
9358,신나는 텐트 치기,스벤 누르드크비스트,풀빛,전자책,8974749181 ,유아,2023-03-10
9359,인생의 모든 문제에는 답이 있다,웨인 다이어,불광출판사,전자책,8974790130 ,인문/역사,2023-03-10
9360,놀기 딱 좋은 날,이순진,산하,전자책,8976505379 ,아동,2023-03-10
9361,가짜 뉴스를 시작하겠습니다,김경옥,내일을여는책,전자책,8977469279 ,아동,2023-03-10
9362,바나나가 정말 없어진다고?,김은의,풀과바람,전자책,898389802X,아동,2023-03-10
9363,작은 키면 어때,윤수천,바우솔,전자책,8983898569 ,아동,2023-03-10
9364,귀신 초등학교,정명섭,바우솔,전자책,8983899042 ,아동,2023-03-10
9365,달콤 쌉쌀한 설탕의 진실,김은의,풀과바람,전자책,8983899093 ,아동,2023-03-10
9366,멘탈이 무기다,스티븐 코틀러,세종서적,전자책,8984079693 ,자기계발,2023-03-10
9367,잊을 수 없는 외투,프랭크 코트렐 보이스,논장,전자책,8984142670 ,아동,2023-03-10
9368,노예의 길,프리드리히 A. 하이에크,자유기업원,전자책,8984291633 ,정치/사회,2023-03-10
9369,그래서 브랜딩이 필요합니다,전우성,책읽는수요일,전자책,8986022427 ,경제경영,2023-03-10
9370,사랑한다고 말할 용기,황선우,책읽는수요일,전자책,898602246X,시/에세이,2023-03-10
9371,풀꽃,나태주 (시),계수나무,전자책,8989654971 ,아동,2023-03-10
9372,거래의 신: 혼마 무네히사 평전,니시노 타케히코,이레미디어,전자책,8991998844 ,경제경영,2023-03-10
9373,제텔카스텐,숀케 아렌스,인간희극,전자책,8993784701 ,인문/역사,2023-03-10
9374,20대 여자,국승민,시사IN북,전자책,8994973672 ,정치/사회,2023-03-10
9375,합리적 남자,롤로 토마시,아니마,전자책,8996539368 ,자기계발,2023-03-10
9376,루이스 헤이의 나를 치유하는 생각,루이스 L. 헤이,미래시간,전자책,8998895048 ,자기계발,2023-03-10
9377,방금 떠나온 세계,김초엽,한겨레출판사,전자책,D211025130,소설,2023-03-10
9378,이대 나온 여자,양선희,독서일가,전자책,D211122620,소설,2023-03-10
9379,스펜서쌤의 미국 영어: 숨 쉬듯 매일 말하는 일상 회화 표현,스펜서 맥케나,시대인,전자책,1125494220 ,국어/외국어,2023-03-10
9380,원어민 게이지 100% 살리는 스펜서쌤의 미국 영어,스펜서,시대인,전자책,1125494239 ,국어/외국어,2023-03-10
9381,데이터로 읽는 세계경제,미야자키 이사무,에이케이커뮤니케이션즈,전자책,1127405411 ,경제경영,2023-03-10
9382,지구를 위하는 마음,김명철,유영,전자책,1130600564 ,정치/사회,2023-03-10
9383,레슨 인 케미스트리 1,보니 가머스,다산책방,전자책,1130617033 ,소설,2023-03-10
9384,레슨 인 케미스트리 2,보니 가머스,다산책방,전자책,1130620840 ,소설,2023-03-10
9385,"괜찮지 않을까, 우리가 함께라면",성진환,수카,전자책,113063213X,시/에세이,2023-03-10
9386,할 말은 합니다,희렌최,유영,전자책,1130640612 ,자기계발,2023-03-10
9387,너의 다정한 우주로부터,이경희,다산책방,전자책,1130679403 ,소설,2023-03-10
9388,하루라도 공부만 할 수 있다면,박철범,다산북스,전자책,1130679802 ,청소년,2023-03-10
9389,엑설런스,도리스 메르틴,다산초당,전자책,113068038X,인문/역사,2023-03-10
9390,뭐든 해 봐요,김동현,콘택트,전자책,1130681149 ,시/에세이,2023-03-10
9391,내가 같이 뛰어내려 줄게,씨씨코,다산북스,전자책,1130688887 ,시/에세이,2023-03-10
9392,수상한 중고상점,미치오 슈스케,놀,전자책,1130689247 ,소설,2023-03-10
9393,아홉 살 공부 습관 사전: 마음,해피이선생,다산북스,전자책,1130689786 ,아동,2023-03-10
9394,아홉 살 공부 습관 사전: 실천,해피이선생,다산북스,전자책,1130689794 ,아동,2023-03-10
9395,나는 대출 없이 0원으로 소형 아파트를 산다,잭파시(최경천),다산북스,전자책,1130689875 ,경제경영,2023-03-10
9396,오십의 주역공부,김동완,다산초당,전자책,1130689883 ,인문/역사,2023-03-10
9397,내가 틀릴 수도 있습니다,비욘 나티코 린데블라드,다산초당,전자책,1130689891 ,인문/역사,2023-03-10
9398,우리가 다리를 건널 때,문지혁,다산책방,전자책,1130690237 ,소설,2023-03-10
9399,이웃집 식물상담소,신혜우,브라이트,전자책,1130690822 ,시/에세이,2023-03-10
9400,호텔 로언트리,팀 보울러,다산책방,전자책,1130690873 ,소설,2023-03-10
9401,60 세컨즈 잉글리쉬,리아반,시대인,전자책,113830574X,국어/외국어,2023-03-10
9402,세상에서 가장 쉬운 하고 싶은 일 찾는 법,야기 젬페이,소미미디어,전자책,113840764X,자기계발,2023-03-10
9403,나는 말을 잘 못해,시노 나오야,소미미디어,전자책,1138408484 ,소설,2023-03-10
9404,설득의 디테일,제임스 보그,현대지성,전자책,1139705067 ,자기계발,2023-03-10
9405,피곤해지지 않는 올바른 자세 도감 100,나츠시마 다카시,즐거운상상,전자책,1155361806 ,건강/의학,2023-03-10
9406,우리 몸이 말을 할 수 있다면,제임스 햄블린,추수밭,전자책,1155401972 ,과학/공학,2023-03-10
9407,컬러의 시간,제임스 폭스,윌북,전자책,1155814169 ,예술/대중문화,2023-03-10
9408,첫 문장의 힘,샌드라 거스,윌북,전자책,1155814606 ,인문/역사,2023-03-10
9409,어떻게 물리학을 사랑하지 않을 수 있을까?,짐 알칼릴리,윌북,전자책,1155814673 ,과학/공학,2023-03-10
9410,지적 행복론,리처드 이스털린,윌북,전자책,115581469X,인문/역사,2023-03-10
9411,히든 스토리,킨드라 홀,윌북,전자책,1155814851 ,자기계발,2023-03-10
9412,리더의 질문법,에드거 샤인,심심,전자책,1156759439 ,경제경영,2023-03-10
9413,진실의 조건,오사 빅포르스,푸른숲,전자책,1156759528 ,인문/역사,2023-03-10
9414,어션영어의 진짜 기초영어: 완결편,어션,동양북스,전자책,115768775X,국어/외국어,2023-03-10
9415,힘들어도 사람한테 너무 기대지 마세요,정우열,동양북스,전자책,1157688047 ,자기계발,2023-03-10
9416,절대 지치지 않는 몸,나카노 제임스 슈이치,비타북스,전자책,1158462271 ,건강/의학,2023-03-10
9417,걷기만 해도 병이 낫는다,KBS 생로병사의 비밀 제작팀,비타북스,전자책,1158463758 ,건강/의학,2023-03-10
9418,미술관에서는 언제나 맨얼굴이 된다,이세라,나무의철학,전자책,1158511817 ,예술/대중문화,2023-03-10
9419,말의 공식,쟈스민 한,토네이도,전자책,115851235X,자기계발,2023-03-10
9420,보도 섀퍼의 이기는 습관,보도 섀퍼,토네이도,전자책,1158512376 ,자기계발,2023-03-10
9421,심리학이 불안에 답하다,황양밍,미디어숲,전자책,1158741480 ,자기계발,2023-03-10
9422,나를 살리는 논어 한마디,판덩,미디어숲,전자책,1158741510 ,자기계발,2023-03-10
9423,선을 넘지 않는 사람이 성공한다,장샤오헝,미디어숲,전자책,1158741529 ,자기계발,2023-03-10
9424,팀장은 처음이라,남관희,교보문고,전자책,1159098514 ,경제경영,2023-03-10
9425,악의 마음을 읽는 자들,권일용,알마,전자책,115992225X,정치/사회,2023-03-10
9426,달을 지키는 곰,조시엔카,작가정신,전자책,1160269289 ,유아,2023-03-10
9427,녹즙 배달원 강정민,김현진,한겨레출판사,전자책,1160404712 ,소설,2023-03-10
9428,당신 옆을 스쳐간 그 소녀의 이름은,최진영,한겨레출판사,전자책,1160406839 ,소설,2023-03-10
9429,언어가 삶이 될 때,김미소,한겨레출판사,전자책,1160407908 ,시/에세이,2023-03-10
9430,박시백의 고려사. 1,박시백,휴머니스트,전자책,1160808090 ,인문/역사,2023-03-10
9431,일주일의 학교,김혜진,사계절,전자책,116094721X,아동,2023-03-10
9432,나쁜 말 사전,박효미,사계절,전자책,1160947597 ,아동,2023-03-10
9433,예의 없는 친구들을 대하는 슬기로운 말하기 사전,김원아,사계절,전자책,1160948925 ,아동,2023-03-10
9434,불편한 편의점,김호연,나무옆의자,전자책,1161571183 ,소설,2023-03-10
9435,우리의 밤이 시작되는 곳,고요한,나무옆의자,전자책,1161571310 ,소설,2023-03-10
9436,미학 아는 척하기,크리스토퍼 퀼 원트,팬덤북스,전자책,1161691464 ,인문/역사,2023-03-10
9437,취향은 없지만 욕구는 가득,이솜,서랍의날씨,전자책,116169191X,시/에세이,2023-03-10
9438,탄소 중립이 뭐예요?,장성익,풀빛,전자책,1161724494 ,아동,2023-03-10
9439,나귀를 탄 소년,네스토어 T. 콜레,나무생각,전자책,1162181974 ,소설,2023-03-10
9440,리팩터링,마틴 파울러,한빛미디어,전자책,1162242744 ,IT/프로그래밍,2023-03-10
9441,엑셀로 부자되기,김태형,한빛미디어,전자책,1162245433 ,IT/프로그래밍,2023-03-10
9442,혼자 공부하는 얄팍한 코딩 지식,고현민,한빛미디어,전자책,1162245557 ,IT/프로그래밍,2023-03-10
9443,구글 엔지니어는 이렇게 일한다,타이터스 윈터스,한빛미디어,전자책,116224562X,IT/프로그래밍,2023-03-10
9444,나를 바꾸는 마지막 용기,로스 엘런혼,비즈니스북스,전자책,1162542667 ,자기계발,2023-03-10
9445,2050 에너지 제국의 미래,양수영,비즈니스북스,전자책,1162542748 ,경제경영,2023-03-10
9446,"아티스트 웨이, 마음의 소리를 듣는 시간",줄리아 캐머런,비즈니스북스,전자책,1162542764 ,자기계발,2023-03-10
9447,인생의 절반쯤 왔을 때 논어를 읽다,조형권,비즈니스북스,전자책,1162542780 ,자기계발,2023-03-10
9448,빌 게이츠 넥스트 팬데믹을 대비하는 법,빌 게이츠,비즈니스북스,전자책,1162542802 ,정치/사회,2023-03-10
9449,말 잘한다는 소리를 들으면 소원이 없겠다,정흥수,비즈니스북스,전자책,1162542829 ,자기계발,2023-03-10
9450,지능의 역설,가나자와 사토시,연필,전자책,1162766522 ,인문/역사,2023-03-10
9451,문학이 사라진다니 더 쓰고 싶다,강병융,마음의숲,전자책,1162851147 ,시/에세이,2023-03-10
9452,Do it! 클론 코딩 줌,니꼴라스,이지스퍼블리싱,전자책,1163033537 ,IT/프로그래밍,2023-03-10
9453,유네스코 세계 문화유산,김경희,뭉치,전자책,1163633372 ,아동,2023-03-10
9454,알고리즘이 지배한다는 착각,데이비드 섬프터,해나무,전자책,1164051555 ,과학/공학,2023-03-10
9455,질문 빈곤 사회,강남순,행성B,전자책,1164711547 ,정치/사회,2023-03-10
9456,달리기의 모든 것,남혁우,매일경제신문사,전자책,1164843761 ,건강/의학,2023-03-10
9457,기괴한 레스토랑 2: 리디아의 일기장,김민정,팩토리나인,전자책,1165344343 ,소설,2023-03-10
9458,놓아주는 엄마 주도하는 아이,윌리엄 스틱스러드,쌤앤파커스,전자책,1165344718 ,가정/생활/요리,2023-03-10
9459,책들의 부엌,김지혜,팩토리나인,전자책,116534520X,소설,2023-03-10
9460,딱 한마디 미술사,안소연,천개의바람,전자책,1165731908 ,아동,2023-03-10
9461,사고 싶게 만드는 것들,폴린 브라운,알키,전자책,1165799502 ,경제경영,2023-03-10
9462,도깨비가 슬금슬금,이가을,북극곰,전자책,116588058X,아동,2023-03-10
9463,고양이 인간이 된 선생님,임소영,북극곰,전자책,1165880997 ,아동,2023-03-10
9464,세계 심리학 필독서 30,사토 다쓰야,센시오,전자책,116657055X,인문/역사,2023-03-10
9465,주식 단타로 매일매일 벌어봤어?,양선호,넥서스,전자책,1166832112 ,경제경영,2023-03-10
9466,원어민처럼 말하는 올쏘의 일상 영어: 원어민의 일상 표현,김지은,북스고,전자책,1167600169 ,국어/외국어,2023-03-10
9467,우리말 어휘력 사전,박영수,유유,전자책,1167700244 ,인문/역사,2023-03-10
9468,내 마음 공부하는 법,신고은,유유,전자책,1167700295 ,인문/역사,2023-03-10
9469,처음 읽는 행동경영학,리처드 채터웨이,어크로스,전자책,1167740203 ,경제경영,2023-03-10
9470,시스템 에러: 빅테크 시대의 윤리학,롭 라이히,어크로스,전자책,1167740394 ,인문/역사,2023-03-10
9471,창조적 사고의 놀라운 역사,슈테판 클라인,어크로스,전자책,1167740440 ,인문/역사,2023-03-10
9472,푸틴의 러시아,대릴 커닝엄,어크로스,전자책,1167740467 ,정치/사회,2023-03-10
9473,태어나서 죄송합니다,전안나,가디언,전자책,1167780310 ,시/에세이,2023-03-10
9474,이상한 나라의 책 읽기,윤성근,드루,전자책,1168014581 ,인문/역사,2023-03-10
9475,작고 단순한 삶에 진심입니다,류하윤,위즈덤하우스,전자책,1168122511 ,시/에세이,2023-03-10
9476,일 잘하는 사람의 시간은 다르게 흘러간다,이윤규,위즈덤하우스,전자책,1168122627 ,자기계발,2023-03-10
9477,아끼고 아낀 말,정세운,위즈덤하우스,전자책,1168122732 ,시/에세이,2023-03-10
9478,경매하는 직장인,정규범(경장인),베가북스,전자책,1168210097 ,경제경영,2023-03-10
9479,성장주에 투자하라,이정윤,베가북스,전자책,1168210143 ,경제경영,2023-03-10
9480,더 솥밥,이민주,서사원,전자책,1168220289 ,가정/생활/요리,2023-03-10
9481,나에게 다정해지기로 했습니다,디아,카시오페아,전자책,1168270138 ,인문/역사,2023-03-10
9482,말의 시나리오,김윤나,카시오페아,전자책,1168270421 ,자기계발,2023-03-10
9483,나는 매일 작은 성공을 합니다,윤준,인플루엔셜,전자책,1168340071 ,자기계발,2023-03-10
9484,나답게 일한다는 것,최명화,인플루엔셜,전자책,1168340187 ,자기계발,2023-03-10
9485,우리는 모두 각자의 별에서 빛난다,이광형,인플루엔셜,전자책,1168340217 ,자기계발,2023-03-10
9486,프로세스 이코노미,오바라 가즈히로,인플루엔셜,전자책,1168340225 ,경제경영,2023-03-10
9487,마스터스 오브 스케일,리드 호프먼,인플루엔셜,전자책,1168340446 ,경제경영,2023-03-10
9488,"알잖아, 소중한 너인걸",앤 마리,데이원,전자책,1168470315 ,시/에세이,2023-03-10
9489,자원쟁탈의 세계사,히라누마 히카루,시그마북스,전자책,1168620473 ,인문/역사,2023-03-10
9490,어른의 시간,줄리 리스콧-헤임스,온워드,전자책,1168982529 ,자기계발,2023-03-10
9491,행복 합의,서혜주,미다스북스,전자책,1169100252 ,자기계발,2023-03-10
9492,생각이 자라는 나의 첫 동양고전,빗살무늬,팜파스,전자책,1170264387 ,아동,2023-03-10
9493,생각이 자라는 나의 첫 서양고전,빗살무늬,팜파스,전자책,1170264395 ,아동,2023-03-10
9494,기묘한 분식집,박현숙,한솔수북,전자책,1170289401 ,아동,2023-03-10
9495,영화관에 간 심리학,박소진,믹스커피,전자책,1170432948 ,인문/역사,2023-03-10
9496,먹는 순서만 바꿔도 살이 빠진다,박민수,페이스메이커,전자책,1170433057 ,건강/의학,2023-03-10
9497,루루야 내 동생이 되어 줄래?,김경희,키위북스,전자책,1185173676 ,아동,2023-03-10
9498,아들러 성격 상담소,기시미 이치로,생각의날개,전자책,1185428674 ,인문/역사,2023-03-10
9499,생각의 천재들,조병학,인사이트앤뷰,전자책,1185785477 ,자기계발,2023-03-10
9500,"아무튼, 노래",이슬아,위고,전자책,1186602716 ,시/에세이,2023-03-10
9501,초등 메타인지 독서법,윤옥희,헤리티지,전자책,1186615605 ,가정/생활/요리,2023-03-10
9502,식물의 은밀한 감정,디디에 반 코뵐라르트,연금술사,전자책,1186686561 ,시/에세이,2023-03-10
9503,연애가 끝났다,전보라,답,전자책,1187229083 ,소설,2023-03-10
9504,소식주의자,미즈노 남보쿠,사이몬북스,전자책,1187330272 ,자기계발,2023-03-10
9505,탁월함의 발견,김민기,프레너미,전자책,1187383694 ,자기계발,2023-03-10
9506,부자의 독서법,송숙희,토트,전자책,1187444774 ,자기계발,2023-03-10
9507,용기 충전소,선시야,잇츠북어린이,전자책,118790371X,아동,2023-03-10
9508,미래를 어떻게 읽을 것인가,앤드류 메이나드,프롬북스,전자책,1188167634 ,인문/역사,2023-03-10
9509,"아무튼, 할머니",신승은,제철소,전자책,1188343564 ,시/에세이,2023-03-10
9510,반려식물 난초 재테크,이대건,티나,전자책,1188417517 ,여행/취미,2023-03-10
9511,굿 멘토(Good Mentor),데이비드 코트렐,필름(Feelm),전자책,1188469916 ,자기계발,2023-03-10
9512,"선 넘는 거, 습관이시죠?",봄쏙,필름(Feelm),전자책,1188469932 ,시/에세이,2023-03-10
9513,1년 뒤 오늘을 마지막 날로 정해두었습니다,오자와 다케토시,필름(Feelm),전자책,1188469959 ,시/에세이,2023-03-10
9514,당신은 결국 무엇이든 해내는 사람,김상현,필름(Feelm),전자책,1188469991 ,시/에세이,2023-03-10
9515,김형석의 인생문답,김형석,미류책방,전자책,1188632035 ,인문/역사,2023-03-10
9516,부의 미술관,니시오카 후미히코,사람과나무사이,전자책,1188635603 ,인문/역사,2023-03-10
9517,되받아치는 기술,이오타 다쓰나리,사람과나무사이,전자책,118863562X,자기계발,2023-03-10
9518,아시아가 세계를 제패하는 시대는 다시 오는가?,다마키 도시아키,사람과나무사이,전자책,1188635646 ,인문/역사,2023-03-10
9519,다모다란의 투자 전략 바이블,애스워드 다모다란,에프엔미디어,전자책,1188754521 ,경제경영,2023-03-10
9520,브라질에 비가 내리면 스타벅스 주식을 사라,피터 나바로,에프엔미디어,전자책,1188754580 ,경제경영,2023-03-10
9521,아하부장의 맛,아하부장(김광용),프롬비,전자책,1188801104 ,가정/생활/요리,2023-03-10
9522,뇌가 아니라 몸이다,사이먼 로버츠,소소의책,전자책,1188941836 ,인문/역사,2023-03-10
9523,히틀러를 선택한 나라,벤저민 카터 헷,눌와,전자책,1189074478 ,인문/역사,2023-03-10
9524,거북이 버스,차율이,고래가숨쉬는도서관,전자책,118923968X,아동,2023-03-10
9525,처음 읽는 식물의 세계사,리처드 메이비,탐나는책,전자책,1189550628 ,인문/역사,2023-03-10
9526,유튜브 교과서,강민형,램프앤라이트,전자책,1189598256 ,경제경영,2023-03-10
9527,2022 제5회 한국과학문학상 수상작품집,서윤빈,허블,전자책,1190090643 ,소설,2023-03-10
9528,표현의 감각,한경혜,애플북스,전자책,1190147505 ,인문/역사,2023-03-10
9529,엔드게임 살인사건,다니엘 콜,북플라자,전자책,1190157519 ,소설,2023-03-10
9530,교도소에 들어가는 중입니다,김도영,봄름,전자책,1190278944 ,시/에세이,2023-03-10
9531,모두 내 편이 되는 직장인의 심리 기술,추이추이,다른상상,전자책,1190312565 ,자기계발,2023-03-10
9532,함께 있으면 마음이 편안해지는 사람,사이토 시게타,다른상상,전자책,1190312581 ,자기계발,2023-03-10
9533,지금의 나로 충분하다,이소은,수오서재,전자책,1190382601 ,자기계발,2023-03-10
9534,세 여자,드로 미샤니,북레시피,전자책,1190489317 ,소설,2023-03-10
9535,역사 삼국지,최진열,미지북스,전자책,1190498251 ,인문/역사,2023-03-10
9536,"딸아, 너는 생각보다 강하단다",매기 다운스,메이븐,전자책,1190538431 ,시/에세이,2023-03-10
9537,당신만 모르는 일의 법칙 51,이혜운,메이븐,전자책,1190538458 ,자기계발,2023-03-10
9538,객체지향 사고 프로세스,맷 와이스펠드,제이펍,전자책,1190665212 ,IT/프로그래밍,2023-03-10
9539,감정 어휘,유선경,앤의서재,전자책,1190710412 ,인문/역사,2023-03-10
9540,세계 최고의 바리스타가 커피 초보자를 위해 만든 BOOK,이자키 히데노리,아티오,전자책,1190732718 ,가정/생활/요리,2023-03-10
9541,나는 네이버 카페로 월급 대신 월세 받는다,김소영,라디오북,전자책,1190836548 ,경제경영,2023-03-10
9542,나는 왜 네 말이 힘들까,박재연,한빛라이프,전자책,1190846012 ,인문/역사,2023-03-10
9543,리얼 괌(2022~2023),민정아,한빛라이프,전자책,1190846357 ,여행/취미,2023-03-10
9544,50 오늘이 당신에게 가장 젊은 날입니다,나카타니 아키히로,나비의활주로,전자책,1190865610 ,자기계발,2023-03-10
9545,나도 이제서야 알았다라는 거예요,제갈건,라이스메이커,전자책,1190906309 ,시/에세이,2023-03-10
9546,간헐적 몰입,조우석,라이스메이커,전자책,1190906384 ,자기계발,2023-03-10
9547,파이어 FIRE,강환국,페이지2북스,전자책,1190977613 ,경제경영,2023-03-10
9548,인플레이션에서 살아남기,오건영,페이지2북스,전자책,1190977664 ,경제경영,2023-03-10
9549,지겨운 공부 왜 해야 해?,정재영,북라이프,전자책,1191013383 ,아동,2023-03-10
9550,위기가 곧 기회다,핏블리(문석기),스튜디오오드리,전자책,1191043320 ,자기계발,2023-03-10
9551,위기주도학습법,임현서,스튜디오오드리,전자책,1191043606 ,자기계발,2023-03-10
9552,백광,렌조 미키히코,모모,전자책,1191043614 ,소설,2023-03-10
9553,모든 사람에게 사랑받을 필요는 없다,이평,스튜디오오드리,전자책,1191043673 ,인문/역사,2023-03-10
9554,누구에게도 상처받을 필요는 없다,지민석,스튜디오오드리,전자책,1191043703 ,시/에세이,2023-03-10
9555,"어느 날, 내 죽음에 네가 들어왔다",세이카 료겐,모모,전자책,119104372X,소설,2023-03-10
9556,세상의 마지막 기차역,무라세 다케시,모모,전자책,1191043754 ,소설,2023-03-10
9557,멘탈을 바꿔야 인생이 바뀐다,박세니,마인드셋(Mindset),전자책,1191043762 ,자기계발,2023-03-10
9558,미드나잇 라이브러리,매트 헤이그,인플루엔셜,전자책,1191056554 ,소설,2023-03-10
9559,생각을 바꾸는 생각들,비카스 샤,인플루엔셜,전자책,1191056856 ,인문/역사,2023-03-10
9560,영알못 엄마는 어떻게 영어고수가 되었을까,신동규,유노라이프,전자책,1191104389 ,가정/생활/요리,2023-03-10
9561,작별인사,김영하,복복서가,전자책,1191114228 ,소설,2023-03-10
9562,채권자의 민낯,전진응,신아사,전자책,1191158691 ,정치/사회,2023-03-10
9563,별게 다 영감,이승희,북스톤,전자책,1191211533 ,시/에세이,2023-03-10
9564,사랑받은 아이는 흔들리지 않는다,린다 해트필드,빌리버튼,전자책,1191228819 ,가정/생활/요리,2023-03-10
9565,물만 먹어도 살찌는 습관 숨만 쉬어도 살 빠지는 습관,모토지마 사오리,포레스트북스,전자책,119134763X,건강/의학,2023-03-10
9566,어떻게 해야 원하는 삶을 사는가,데이지 웨이드먼,포레스트북스,전자책,1191347702 ,자기계발,2023-03-10
9567,"땅, 돈, 힘",신환종,포레스트북스,전자책,1191347788 ,경제경영,2023-03-10
9568,옥탑방의 문제아들,KBS 옥탑방의 문제아들 제작팀,포레스트북스,전자책,119134780X,아동,2023-03-10
9569,그냥 오는 돈은 없다,단희쌤(이의상),포레스트북스,전자책,1191347834 ,자기계발,2023-03-10
9570,세상의 모든 법칙,시라토리 케이,포레스트북스,전자책,1191347842 ,과학/공학,2023-03-10
9571,일생일문,최태성,생각정원,전자책,1191360237 ,인문/역사,2023-03-10
9572,세븐,전인구,차이정원,전자책,1191360415 ,자기계발,2023-03-10
9573,왠지 끌리는 명화 한 점,이윤서,더블엔,전자책,1191382095 ,예술/대중문화,2023-03-10
9574,응급실의 소크라테스,곽경훈,포르체,전자책,1191393313 ,시/에세이,2023-03-10
9575,포스트 메타버스,우운택,포르체,전자책,1191393607 ,경제경영,2023-03-10
9576,마지막 질문,김종원,포르체,전자책,1191393623 ,인문/역사,2023-03-10
9577,나 이제 진짜 갓생산다,정호철,포르체,전자책,119139378X,자기계발,2023-03-10
9578,이것은 작은 브랜드를 위한 책,이근상,몽스북,전자책,1191401448 ,경제경영,2023-03-10
9579,나는 왜 집중하지 못하는가,반건호,라이프앤페이지,전자책,1191462099 ,인문/역사,2023-03-10
9580,걷기의 세계,셰인 오마라,미래의창,전자책,1191464717 ,과학/공학,2023-03-10
9581,왜 아플까,벤자민 빅먼,북드림,전자책,1191509192 ,건강/의학,2023-03-10
9582,나는 예민한 엄마입니다,송희재,북드림,전자책,1191509249 ,가정/생활/요리,2023-03-10
9583,언택트건 컨택트건 잘 팔리는 말솜씨,강동섭,북드림,전자책,1191509311 ,자기계발,2023-03-10
9584,그림으로 공부하는 TCP/IP 구조,미야타 히로시,제이펍,전자책,1191600416 ,IT/프로그래밍,2023-03-10
9585,나를 아프게 한 건 항상 나였다,이혜진,스몰빅라이프,전자책,1191731219 ,자기계발,2023-03-10
9586,게으른 뇌에 행동 스위치를 켜라,오히라 노부타카,밀리언서재,전자책,1191777154 ,자기계발,2023-03-10
9587,나쁜 토끼,와카타케 나나미,내친구의서재,전자책,1191803031 ,소설,2023-03-10
9588,지구 끝의 온실,김초엽,자이언트북스,전자책,1191824004 ,소설,2023-03-10
9589,세상에서 가장 짧은 한국사,김재원,빅피시,전자책,119182540X,인문/역사,2023-03-10
9590,맛있어서 지속 가능한 디디미니 다이어트 레시피,미니 박지우,빅피시,전자책,1191825434 ,가정/생활/요리,2023-03-10
9591,"나만 모른다, 내가 잘하고 있다는걸",슈테파니 슈탈,갈매나무,전자책,1191842045 ,자기계발,2023-03-10
9592,투자하려면 경제신문,이수정(크리스탈),라온북,전자책,1192072413 ,경제경영,2023-03-10
9593,거의 모든 전쟁의 역사,제러미 블랙,서해문집,전자책,1192085264 ,인문/역사,2023-03-10
9594,쓸모 있는 음악책,마르쿠스 헨리크,웨일북(whalebooks),전자책,1192097114 ,인문/역사,2023-03-10
9595,아이라는 숲,이진민,웨일북(whalebooks),전자책,1192097149 ,가정/생활/요리,2023-03-10
9596,오십에 읽는 장자,김범준,유노북스,전자책,1192300092 ,인문/역사,2023-03-10
9597,부부가 둘다 놀고 있습니다,편성준,몽스북,전자책,1196946582 ,시/에세이,2023-03-10
9598,초등국어 문법왕,신수정,다다북스,전자책,1197156224 ,아동,2023-03-10
9599,센스를 배웠더니 일머리가 돌아갑니다,이찬,티더블유아이지,전자책,1197251456 ,자기계발,2023-03-10
9600,"어서 오세요, 휴남동 서점입니다",황보름,클레이하우스,전자책,119737714X,소설,2023-03-10
9601,개는 천재다,브라이언 헤어,디플롯,전자책,1197413081 ,과학/공학,2023-03-10
9602,내가 나인 게 싫을 때 읽는 책,이두형,아몬드,전자책,1197510656 ,인문/역사,2023-03-10
9603,감성과 지성으로 일한다는 것,야마구치 슈,마인더브,전자책,1197582320 ,자기계발,2023-03-10
9604,심리학자가 사랑을 기억하는 법,이고은,아몬드,전자책,1197689265 ,인문/역사,2023-03-10
9605,과식하지 않는 삶,이시구로 세이지,머스트리드북,전자책,1197693424 ,건강/의학,2023-03-10
9606,끝까지 해내는 아이의 50가지 습관,오카자키 다이스케,또다른우주,전자책,1197736328 ,가정/생활/요리,2023-03-10
9607,"아, 육아란 원래 이런 거구나!",마이클렌 다우클레프,시프,전자책,1197737774 ,가정/생활/요리,2023-03-10
9608,부모 인문학 23,윤성경,이야기공간,전자책,1197769013 ,가정/생활/요리,2023-03-10
9609,화이트헤드의 언어로 세상을 성찰하다,NomadSirius,와이에이치파트너스,전자책,1197832300 ,인문/역사,2023-03-10
9610,42가지 사건으로 보는 투기의 세계사,토르스텐 데닌,웅진지식하우스,전자책,8901255340 ,인문/역사,2023-03-10
9611,삶이라는 우주를 건너는 너에게,김민형,웅진지식하우스,전자책,8901255979 ,인문/역사,2023-03-10
9612,반전의 한국사,안정준,웅진지식하우스,전자책,8901258196 ,인문/역사,2023-03-10
9613,운명을 바꾸는 부동산 투자 수업: 기초편,정태익,리더스북,전자책,8901259303 ,경제경영,2023-03-10
9614,운명을 바꾸는 부동산 투자 수업: 실전편,정태익,리더스북,전자책,8901259311 ,경제경영,2023-03-10
9615,나의 투자는 새벽 4시에 시작된다,유목민,리더스북,전자책,8901259702 ,경제경영,2023-03-10
9616,기억의 뇌과학,리사 제노바,웅진지식하우스,전자책,8901259729 ,인문/역사,2023-03-10
9617,그때 이렇게 말했더라면,몰리 하우스,웅진지식하우스,전자책,8901259761 ,자기계발,2023-03-10
9618,아들아 부동산 공부해야 한다,정선용,리더스북,전자책,8901260352 ,경제경영,2023-03-10
9619,역행자,자청,웅진지식하우스,전자책,8901260719 ,자기계발,2023-03-10
9620,혼자와 함께 사이,최유나,알에이치코리아,전자책,8925578662 ,시/에세이,2023-03-10
9621,돈의 공식,윌리엄 그린,알에이치코리아,전자책,8925578751 ,경제경영,2023-03-10
9622,"5년 후, 당신은",그레이스 로던,알에이치코리아,전자책,8925578859 ,자기계발,2023-03-10
9623,초집중의 힘,박세니,알에이치코리아,전자책,8925589060 ,자기계발,2023-03-10
9624,달변가영쌤의 친절한 구동사,김영욱,다락원,전자책,8927701526 ,국어/외국어,2023-03-10
9625,나는 고양이로소이다,나쓰메 소세키,문예출판사,전자책,8931011490 ,소설,2023-03-10
9626,다빈치 코딩,이철기,성안당,전자책,8931558465 ,자기계발,2023-03-10
9627,돈그릇을 키우는 6가지 방법,김승현,앤페이지,전자책,8931586108 ,자기계발,2023-03-10
9628,우리가 다시 만날 세계,황모과,문학과지성사,전자책,8932039496 ,소설,2023-03-10
9629,김헌의 그리스 로마 신화,김헌,을유문화사,전자책,8932474648 ,인문/역사,2023-03-10
9630,스테이트 오브 테러(State of Terror),힐러리 로댐 클린턴,열린책들,전자책,8932922012 ,소설,2023-03-10
9631,떠난 후에 남겨진 것들,김새별,청림출판,전자책,8935213284 ,시/에세이,2023-03-10
9632,앨빈 토플러 부의 미래,앨빈 토플러,청림출판,전자책,8935213810 ,경제경영,2023-03-10
9633,수학을 읽어드립니다,남호성,한국경제신문,전자책,894754776X,과학/공학,2023-03-10
9634,법 만드는 아이들,옥효진,한국경제신문,전자책,8947548138 ,아동,2023-03-10
9635,아이 친구 엄마라는 험난한 세계,박혜란,마시멜로,전자책,8947548235 ,시/에세이,2023-03-10
9636,초등학생을 위한 지식습관 1: 지구30,애니타 개너리,아울북,전자책,8950900025 ,아동,2023-03-10
9637,초등학생을 위한 지식습관 2: 우주30,클라이브 기포드,아울북,전자책,8950900033 ,아동,2023-03-10
9638,초등학생을 위한 지식습관 3: 과학 개념30,마이크 골드스미스,아울북,전자책,8950900041 ,아동,2023-03-10
9639,초등학생을 위한 지식습관 4: 수학 개념30,앤 루니,아울북,전자책,895090005X,아동,2023-03-10
9640,초등학생을 위한 지식습관 5: 인체30,애나 클레이본,아울북,전자책,8950900068 ,아동,2023-03-10
9641,두선생의 지도로 읽는 세계사: 서양 편,한영준,21세기북스,전자책,895090019X,인문/역사,2023-03-10
9642,데이터 천재들은 어떻게 기획하고 분석할까?,조성준,21세기북스,전자책,895090022X,경제경영,2023-03-10
9643,더 찬스,김영익,21세기북스,전자책,8950900750 ,경제경영,2023-03-10
9644,뜻밖의 한국,유건재,21세기북스,전자책,8950901579 ,경제경영,2023-03-10
9645,중년 독서,이지상,아르테(arte),전자책,8950978504 ,시/에세이,2023-03-10
9646,세상에 맛있는 와인이 너무 많아서,와인디렉터 양갱,21세기북스,전자책,8950998505 ,가정/생활/요리,2023-03-10
9647,신통한 책방 필로뮈토. 1: 첫 번째 고민 내 마음,서지원,아울북,전자책,8950999048 ,아동,2023-03-10
9648,신통한 책방 필로뮈토 2: 두 번째 고민 내 몸,서지원,아울북,전자책,8950999056 ,아동,2023-03-10
9649,5번 레인,은소홀,문학동네,전자책,8954674631 ,아동,2023-03-10
9650,2022 제13회 젊은작가상 수상작품집,임솔아,문학동네,전자책,8954685889 ,소설,2023-03-10
9651,디 에센셜 한강,한강,문학동네,전자책,8954686893 ,소설,2023-03-10
9652,저만치 혼자서,김훈,문학동네,전자책,8954686923 ,소설,2023-03-10
9653,뜨겁게 투자하고 차갑게 승부하라,이태철,예문,전자책,8956594392 ,경제경영,2023-03-10
9654,나는 100세 골퍼를 꿈꾼다,이승헌(일지),한문화,전자책,8956994285 ,여행/취미,2023-03-10
9655,"돈, 뜨겁게 사랑하고 차갑게 다루어라",앙드레 코스톨라니,미래의창,전자책,8959893544 ,경제경영,2023-03-10
9656,"나는 1,000만 원으로 아파트 산다",시크릿브라더,황금부엉이,전자책,896030588X,경제경영,2023-03-10
9657,10배의 법칙,그랜트 카돈,부키,전자책,8960519146 ,자기계발,2023-03-10
9658,우리는 벚꽃이야,천미진,다림,전자책,8961772848 ,유아,2023-03-10
9659,꼬리에 꼬리를 무는 그날 이야기 2,SBS 〈꼬리에 꼬리를 무는 그날 이야기〉 제작팀,동아시아,전자책,8962624214 ,정치/사회,2023-03-10
9660,왼손잡이 우주,최강신,동아시아,전자책,8962624303 ,과학/공학,2023-03-10
9661,우리는 우주를 꿈꾼다,에린 엔트라다 켈리,밝은미래,전자책,8965464013 ,아동,2023-03-10
9662,피터 린치의 이기는 투자,피터 린치,흐름출판,전자책,8965964806 ,경제경영,2023-03-10
9663,멈추고 호흡하고 선택하라,나즈 베헤시티,흐름출판,전자책,8965965055 ,자기계발,2023-03-10
9664,불멸의 열쇠,브라이언 무라레스쿠,흐름출판,전자책,8965965136 ,인문/역사,2023-03-10
9665,봉준호 코드,이용철,미다스북스,전자책,8966373461 ,예술/대중문화,2023-03-10
9666,꼬불꼬불나라의 외교이야기,서해경,풀빛미디어,전자책,8967341377 ,아동,2023-03-10
9667,나라는 식물을 키워보기로 했다,김은주,허밍버드,전자책,8968333254 ,시/에세이,2023-03-10
9668,세력주 매매 공식,와조스키,경향BP,전자책,8969525017 ,경제경영,2023-03-10
9669,관계를 망치는 사람들을 위한 심리 처방전,후션즈,리드리드출판,전자책,897277359X,자기계발,2023-03-10
9670,기적을 부르는 공감 대화법,장신웨,리드리드출판,전자책,8972773603 ,자기계발,2023-03-10
9671,컬러애 물들다,밥 햄블리,리드리드출판,전자책,8972773611 ,자기계발,2023-03-10
9672,"안녕, 내 친구는 페미니즘이야",강남순,동녘주니어,전자책,8972979562 ,아동,2023-03-10
9673,"고양이가 주는 행복, 기쁘게 유쾌하게",보경,불광출판사,전자책,8974797038 ,시/에세이,2023-03-10
9674,지리의 힘 2,팀 마샬,사이,전자책,8993178984 ,정치/사회,2023-03-10
9675,최소 저항의 법칙,로버트 프리츠,라이팅하우스,전자책,8998075962 ,자기계발,2023-03-10
9676,아이패드로 돈 버는 이모티콘 만들기,진선호(써노),더블엔,전자책,8998294931 ,IT/프로그래밍,2023-03-10
9677,달러구트 꿈 백화점,이미예,북닻,전자책,D200426480,소설,2023-03-10
9678,워터 : 물이 평등하다는 착각,맷 데이먼,애플북스,전자책,D220504790,정치/사회,2023-03-10
9679,동의가 서툰 너에게,유미 스타인스,다산어린이,전자책,1130638456 ,아동,2023-03-10
9680,이나모리 가즈오의 회계 경영,이나모리 가즈오,다산북스,전자책,1130689131 ,경제경영,2023-03-10
9681,하늘을 나는 타이어,이케이도 준,소미미디어,전자책,1138410438 ,소설,2023-03-10
9682,고양이의 비밀을 알고 있니?,김규리,지식과감성,전자책,1139204300 ,아동,2023-03-10
9683,컬러의 일,로라 페리먼,윌북,전자책,1155814002 ,예술/대중문화,2023-03-10
9684,닥터 K의 이상한 해부학 실험실 1,애덤 케이,윌북주니어,전자책,1155814355 ,아동,2023-03-10
9685,닥터 K의 이상한 해부학 실험실 2,애덤 케이,윌북주니어,전자책,1155814363 ,아동,2023-03-10
9686,민주주의 공부,얀-베르너 뮐러,윌북,전자책,1155814568 ,정치/사회,2023-03-10
9687,시점의 힘,샌드라 거스,윌북,전자책,1155814592 ,인문/역사,2023-03-10
9688,우리는 왜 서로를 미워하는가,에즈라 클라인,윌북,전자책,1155814886 ,정치/사회,2023-03-10
9689,마이데이터의 시대가 온다,김태훈,지식공감,전자책,1156226821 ,경제경영,2023-03-10
9690,중독에 빠진 뇌 과학자,주디스 그리셀,심심,전자책,1156759323 ,인문/역사,2023-03-10
9691,깃발의 세계사,팀 마셜,푸른숲,전자책,115675934X,인문/역사,2023-03-10
9692,여덟 건의 완벽한 살인,피터 스완슨,푸른숲,전자책,1156759455 ,소설,2023-03-10
9693,세상을 구한 의학의 전설들,로날트 D. 게르슈테,한빛비즈,전자책,1157845649 ,인문/역사,2023-03-10
9694,작은 당부,제인 고드윈,모래알(키다리),전자책,1157855172 ,유아,2023-03-10
9695,그냥 베티,이선주,책읽는곰,전자책,1158361416 ,아동,2023-03-10
9696,처음 학교 가는 날,플뢰르 우리,노란돼지,전자책,1159950520 ,아동,2023-03-10
9697,마음요리,엄지짱꽁냥소,노란돼지,전자책,1159951497 ,아동,2023-03-10
9698,나의 첫 인공지능 수업,김진우,메이트북스,전자책,1160023654 ,경제경영,2023-03-10
9699,주식 멘토 김현구의 주식 잘 사고 잘 파는 법,김현구,메이트북스,전자책,1160023719 ,경제경영,2023-03-10
9700,우리는 1형 당뇨를 선택하지 않았습니다,김미영,메이트북스,전자책,1160023727 ,건강/의학,2023-03-10
9701,경제지식이 돈이다,토리텔러,메이트북스,전자책,1160023743 ,경제경영,2023-03-10
9702,우울할 땐 돈 공부,조성준,경영정신,전자책,1160262802 ,경제경영,2023-03-10
9703,노랜드,천선란,한겨레출판사,전자책,1160404941 ,소설,2023-03-10
9704,퇴사합니다. 독립하려고요,스몰브랜더,휴머니스트,전자책,1160808503 ,시/에세이,2023-03-10
9705,초등학생을 위한 거의 모든 것 그리기,연필이야기,더디퍼런스,전자책,1161253505 ,아동,2023-03-10
9706,아이 키우는 엄마들에게 건네는 육아,정우열,서랍의날씨,전자책,1161692053 ,가정/생활/요리,2023-03-10
9707,평화: 평화를 빼앗긴 사람들,정주진,풀빛,전자책,1161721568 ,아동,2023-03-10
9708,복지논쟁,류재숙,풀빛,전자책,1161723838 ,아동,2023-03-10
9709,원자력 논쟁,오승현,풀빛,전자책,1161723897 ,아동,2023-03-10
9710,내 옷은 플라스틱이야,해리엇 브런들,풀빛,전자책,1161724346 ,아동,2023-03-10
9711,완성된 웹사이트로 배우는 HTML&CSS 웹 디자인,Mana,한빛미디어,전자책,1162245603 ,IT/프로그래밍,2023-03-10
9712,세상 모든 창업가가 묻고 싶은 질문들,토머스 아이젠만,비즈니스북스,전자책,1162542624 ,경제경영,2023-03-10
9713,산불이 일어난 뒤에,대니 포포비치,책속물고기,전자책,1163271098 ,아동,2023-03-10
9714,절대지식 치매 백과사전,홍경환,스마트비즈니스,전자책,1163430412 ,건강/의학,2023-03-10
9715,가장 외로운 선택,김현수,북하우스,전자책,116405161X,정치/사회,2023-03-10
9716,나의 하루를 담는 아이패드 드로잉,이솔기,페이퍼버드,전자책,1164161113 ,예술/대중문화,2023-03-10
9717,우리 역사 속 전염병,신병주,매일경제신문사,전자책,1164843982 ,인문/역사,2023-03-10
9718,혈당이 쑥 내려가는 7초 스쿼트,우사미 게이지,쌤앤파커스,전자책,116534243X,건강/의학,2023-03-10
9719,침묵은 여자가 되나니,팻 바커,비에이블,전자책,1165345188 ,소설,2023-03-10
9720,아이는 얼마나 중요한가,메리 앤 메이슨,시공사,전자책,1165799790 ,정치/사회,2023-03-10
9721,늑대 원더,로잔느 패리,북극곰,전자책,1165881454 ,아동,2023-03-10
9722,고릴라와 너구리,이루리,북극곰,전자책,1165881594 ,유아,2023-03-10
9723,원어민처럼 말하는 올쏘의 일상 영어: 한국인의 영어 습관,김지은,북스고,전자책,1167600150 ,국어/외국어,2023-03-10
9724,오거나이즈 타임,박정선,북스고,전자책,116760024X,가정/생활/요리,2023-03-10
9725,어쩌면 당신이 원했던 괴담실록,괴담실록,북스고,전자책,1167600274 ,인문/역사,2023-03-10
9726,장애인과 함께 사는 법,백정연,유유,전자책,1167700260 ,정치/사회,2023-03-10
9727,미국 서부 셀프트래블(2022-2023),조은정,상상출판,전자책,1167820045 ,여행/취미,2023-03-10
9728,하와이 셀프트래블(2022-2023),정꽃나래,상상출판,전자책,1167820525 ,여행/취미,2023-03-10
9729,셀프트래블 북유럽(2022-2023),유진선,상상출판,전자책,1167820673 ,여행/취미,2023-03-10
9730,어른의 태도,신재현,위즈덤하우스,전자책,1168122112 ,시/에세이,2023-03-10
9731,"도그맨 1: 도그맨, 핫도그의 침공",대브 필키,위즈덤하우스,전자책,1168122538 ,아동,2023-03-10
9732,도그맨 2: 도그맨과 납작 피티,대브 필키,위즈덤하우스,전자책,1168122546 ,아동,2023-03-10
9733,인간들은 맨날,최진영,위즈덤하우스,전자책,1168122945 ,시/에세이,2023-03-10
9734,"알맹이만 팔아요, 알맹상점",고금숙,위즈덤하우스,전자책,1168123038 ,정치/사회,2023-03-10
9735,디 아이돌,서귤,위즈덤하우스,전자책,1168123151 ,소설,2023-03-10
9736,이렇게만 하면 장사는 저절로 됩니다,강호동,위즈덤하우스,전자책,1168123178 ,경제경영,2023-03-10
9737,공부머리보다 금융머리를 먼저 키워라,가와구치 유키코,위즈덤하우스,전자책,1168123356 ,가정/생활/요리,2023-03-10
9738,이건 몰랐지? 기발하고 엉뚱한 공룡 도감,히라야마 렌 (감수),카시오페아,전자책,1168270324 ,아동,2023-03-10
9739,샤일록의 아이들,이케이도 준,인플루엔셜,전자책,1168340276 ,소설,2023-03-10
9740,인싸를 죽여라,앤절라 네이글,오월의봄,전자책,1168730058 ,정치/사회,2023-03-10
9741,우편함 속 세계사,사이먼 시백 몬티피오리,시공사,전자책,1169250521 ,인문/역사,2023-03-10
9742,환경을 지키는 지속 가능한 패션 이야기,정유리,팜파스,전자책,117026431X,아동,2023-03-10
9743,어린이 돈 스터디,서지원,한솔수북,전자책,117028938X,아동,2023-03-10
9744,헌팅턴비치에 가면 네가 있을까,이어령,열림원,전자책,1170400817 ,시/에세이,2023-03-10
9745,월 500 임대료 받는 엄마의 상가 투자 시크릿,안선이,원앤원북스,전자책,1170433022 ,경제경영,2023-03-10
9746,겁보 만보,김유,책읽는곰,전자책,1185564330 ,아동,2023-03-10
9747,난데없이 메타버스: 서부 횡단 열차에 올라라,차유진,슬로래빗,전자책,1186494999 ,아동,2023-03-10
9748,책의 민족,맥스 I. 디몬트,교양인,전자책,1187064416 ,인문/역사,2023-03-10
9749,부풀어 용기 껌,정희용,잇츠북어린이,전자책,1187903566 ,아동,2023-03-10
9750,주말이 기다려지는 행복한 걷기여행: 서울·수도권(2022),김영록,터치아트,전자책,1187936472 ,여행/취미,2023-03-10
9751,인류애가 제로가 되었다,오누이,스토리존,전자책,118829931X,소설,2023-03-10
9752,내가 가장 듣고 싶은 말,허은미,나는별,전자책,1188574221 ,유아,2023-03-10
9753,동에 번쩍 서에 번쩍 귀신 잡는 감찰 궁녀,손주현,파란자전거,전자책,1188609661 ,아동,2023-03-10
9754,세계사를 바꾼 커피 이야기,우스이 류이치로,사람과나무사이,전자책,1188635662 ,인문/역사,2023-03-10
9755,그림책을 읽다 너의 마음을 보다,장선화,청림라이프,전자책,1188700707 ,가정/생활/요리,2023-03-10
9756,김학렬의 부동산 투자 절대 원칙,김학렬(빠숑),에프엔미디어,전자책,1188754599 ,경제경영,2023-03-10
9757,외식의 역사,윌리엄 시트웰,소소의책,전자책,1188941704 ,인문/역사,2023-03-10
9758,한국의 능력주의,박권일,이데아,전자책,1189143259 ,정치/사회,2023-03-10
9759,김경일의 지혜로운 인간생활,김경일,저녁달,전자책,1189217139 ,인문/역사,2023-03-10
9760,에이아이 내니 영원한 내 친구,박미정,고래가숨쉬는도서관,전자책,1189239590 ,아동,2023-03-10
9761,웹 3.0 레볼루션,윤준탁,와이즈맵,전자책,1189328593 ,경제경영,2023-03-10
9762,철사 코끼리,고정순,만만한책방,전자책,1189499037 ,아동,2023-03-10
9763,시간의 책장,김주현,만만한책방,전자책,1189499126 ,아동,2023-03-10
9764,대단한 실수,김주현,만만한책방,전자책,1189499193 ,아동,2023-03-10
9765,패션의 흑역사,앨리슨 매슈스 데이비드,탐나는책,전자책,1189550644 ,인문/역사,2023-03-10
9766,맛의 세계사,미야자키 마스카츠,탐나는책,전자책,1189550687 ,인문/역사,2023-03-10
9767,커넥터스,엄지용,마인드빌딩,전자책,1190015730 ,경제경영,2023-03-10
9768,초월하는 세계의 사랑,우다영,허블,전자책,1190090570 ,소설,2023-03-10
9769,조각상 살인사건,다니엘 콜,북플라자,전자책,1190157454 ,소설,2023-03-10
9770,내가 나를 버린 날,마츠무라 료야,북플라자,전자책,1190157535 ,소설,2023-03-10
9771,발칙한 수학책,최정담(디멘),웨일북(whalebooks),전자책,119031391X,과학/공학,2023-03-10
9772,셀프경락,정지은,책밥,전자책,1190641615 ,건강/의학,2023-03-10
9773,지성의 돈되는 부동산 1인법인,지성,잇콘,전자책,1190916304 ,경제경영,2023-03-10
9774,초등 완성 매일 영어책 읽기 습관,이은경,비에이블,전자책,119093115X,가정/생활/요리,2023-03-10
9775,창업가 수업,최민영,생각의힘,전자책,119095558X,경제경영,2023-03-10
9776,변화와 생존,김동환,페이지2북스,전자책,1190977591 ,경제경영,2023-03-10
9777,50만 원으로 시작하는 돈 굴리기 기술,쿼터백,페이지2북스,전자책,1190977710 ,경제경영,2023-03-10
9778,뜻대로 하세요,윌리엄 셰익스피어,레인보우퍼블릭북스,전자책,1190978202 ,소설,2023-03-10
9779,2035 SF 미스터리,천선란,나비클럽,전자책,1191029409 ,소설,2023-03-10
9780,한국추리문학상 황금펜상 수상작품집: 2021 제15회,한이,나비클럽,전자책,1191029433 ,소설,2023-03-10
9781,무례한 사람에게 휘둘리지 않는 법,정재훈,마인드셋(Mindset),전자책,1191043657 ,자기계발,2023-03-10
9782,머니 체인저,문준희,마인드셋(Mindset),전자책,1191043711 ,경제경영,2023-03-10
9783,엄마를 위한 그림책 인문학,남궁기순,유노라이프,전자책,1191104400 ,인문/역사,2023-03-10
9784,기이현상청 사건일지,이산화,안전가옥,전자책,1191193497 ,소설,2023-03-10
9785,모래도시 속 인형들,이경희,안전가옥,전자책,1191193519 ,소설,2023-03-10
9786,"도시, 청년, 호러",이시우,안전가옥,전자책,1191193535 ,소설,2023-03-10
9787,모던 테일,서미애,안전가옥,전자책,1191193543 ,소설,2023-03-10
9788,생각은 양손잡이처럼,정병익,북스톤,전자책,1191211649 ,경제경영,2023-03-10
9789,영혼 통행증,미야베 미유키,북스피어,전자책,1191253384 ,소설,2023-03-10
9790,수면의 과학,헤더 다월-스미스,시그마북스,전자책,1191307832 ,건강/의학,2023-03-10
9791,메타 리치의 시대,김상윤,포레스트북스,전자책,1191347710 ,경제경영,2023-03-10
9792,수학으로 생각하기,스즈키 간타로,포레스트북스,전자책,1191347907 ,과학/공학,2023-03-10
9793,"광기의 실험, 시장의 반격. 1",심교언,무블출판사,전자책,1191433498 ,경제경영,2023-03-10
9794,날씨가 바꾼 세계의 역사,로날트 D. 게르슈테,미래의창,전자책,119146475X,인문/역사,2023-03-10
9795,공무원이었습니다만,진고로호,미래의창,전자책,1191464849 ,시/에세이,2023-03-10
9796,8초 인류,리사 이오띠,미래의창,전자책,1191464873 ,과학/공학,2023-03-10
9797,위닝 컬러(Winning Color),이랑주,지와인,전자책,1191521133 ,경제경영,2023-03-10
9798,"굿바이, 나의 영웅",이미영,M&Kids,전자책,119152731X,아동,2023-03-10
9799,"퇴근 후, 캠핑",이소원,리얼북스,전자책,1191553108 ,여행/취미,2023-03-10
9800,붉은 여왕,후안 고메스 후라도,시월이일,전자책,1191560236 ,소설,2023-03-10
9801,돌아오지 못한 아이들,고정순,노란상상,전자책,1191667189 ,유아,2023-03-10
9802,"마이뜨리, 생에 한 번쯤은 요가",마이뜨리,디 이니셔티브,전자책,1191754014 ,건강/의학,2023-03-10
9803,부동산 틈새 투자,김태연,밀리언서재,전자책,1191777138 ,경제경영,2023-03-10
9804,아무도 존중하지 않는 동물들에 관하여,리나 구스타브손,갈매나무,전자책,1191842053 ,인문/역사,2023-03-10
9805,세계사와 통하는 매운맛 조선사,김용남,바틀비,전자책,119195904X,인문/역사,2023-03-10
9806,싸우는 심리학,김태형,서해문집,전자책,1192085353 ,인문/역사,2023-03-10
9807,용서하지 않을 권리,김태경,웨일북(whalebooks),전자책,1192097092 ,인문/역사,2023-03-10
9808,교실 뒤의 소년,온잘리 Q. 라우프,다봄,전자책,1192148029 ,아동,2023-03-10
9809,차라리 내가 하고 말지,문가든,탈잉,전자책,1192258088 ,IT/프로그래밍,2023-03-10
9810,나는 집에서 아이를 키우기로 했다,김서연,탈잉,전자책,1192258142 ,가정/생활/요리,2023-03-10
9811,한국인 이야기: 너 누구니,이어령,파람북,전자책,1192265106 ,인문/역사,2023-03-10
9812,한국인 이야기: 너 어떻게 살래,이어령,파람북,전자책,1192265386 ,인문/역사,2023-03-10
9813,평생 현금이 마르지 않는 투자법,박성현,유노북스,전자책,1192300130 ,경제경영,2023-03-10
9814,데이터로 경험을 디자인하라,차경진,시크릿하우스,전자책,1192312058 ,경제경영,2023-03-10
9815,악플 전쟁,이규희,별숲,전자책,1192370090 ,아동,2023-03-10
9816,"요즘, 일본",공태희,시프,전자책,1192421035 ,인문/역사,2023-03-10
9817,저도 환율은 어렵습니다만,송인창,바틀비,전자책,1197092633 ,경제경영,2023-03-10
9818,초라하게 창업해서 잘 살고 있습니다,야우치 하루키,책사람집,전자책,1197329579 ,경제경영,2023-03-10
9819,악당이 된 녀석들,정설아,다른매듭,전자책,1197415017 ,아동,2023-03-10
9820,오늘부터 건물주,제이든(채병도),탈잉,전자책,1197431667 ,경제경영,2023-03-10
9821,모두의 세균,박성아,대림아이,전자책,1197508082 ,아동,2023-03-10
9822,리슐리외 호텔 살인,아니타 블랙몬,키멜리움,전자책,1197550917 ,소설,2023-03-10
9823,머니 테라피,데보라 프라이스,나비이펙트,전자책,1197584218 ,경제경영,2023-03-10
9824,어린이 산책자를 위한 자연의 신호,알방 캉브,그린애플,전자책,1197619062 ,아동,2023-03-10
9825,이순신의 바다,황현필,역바연,전자책,1197693009 ,인문/역사,2023-03-10
9826,"식물, 같이 키우실래요?",블랙죠,심플라이프콘텐츠그룹(심플라이프),전자책,1197799303 ,여행/취미,2023-03-10
9827,최선의 고통,폴 블룸,알에이치코리아,전자책,8925578344 ,인문/역사,2023-03-10
9828,카스트,이저벨 윌커슨,알에이치코리아,전자책,8925578360 ,정치/사회,2023-03-10
9829,백종원의 육: 돼지고기 편,백종원,알에이치코리아,전자책,8925578514 ,가정/생활/요리,2023-03-10
9830,결국은 문장력이다,후지요시 유타카,앤페이지,전자책,8931586086 ,인문/역사,2023-03-10
9831,이모의 꿈꾸는 집,정옥,문학과지성사,전자책,8932020574 ,아동,2023-03-10
9832,아무것도 아니라고 잘라 말하기,임솔아,문학과지성사,전자책,8932039232 ,소설,2023-03-10
9833,이토록 치밀하고 친밀한 적에 대하여,신고은,샘터(샘터사),전자책,8946422041 ,인문/역사,2023-03-10
9834,꽃잎 한 장처럼,이해인,샘터(샘터사),전자책,894642205X,시/에세이,2023-03-10
9835,브람스의 밤과 고흐의 별,김희경,한국경제신문,전자책,8947547980 ,예술/대중문화,2023-03-10
9836,수상한 수학 감옥 아이들,류승재,한국경제신문,전자책,8947548308 ,아동,2023-03-10
9837,그가 나에게 말하지 않은 것,로라 데이브,마시멜로,전자책,8947548332 ,소설,2023-03-10
9838,꼬리에 꼬리를 무는 암살의 역사,존 위딩턴,레드리버,전자책,8950900181 ,인문/역사,2023-03-10
9839,내가 살인자의 마음을 읽는 이유,권일용,21세기북스,전자책,8950901919 ,인문/역사,2023-03-10
9840,제로웨이스트 살림법,살림스케치(김향숙),21세기북스,전자책,8950999552 ,가정/생활/요리,2023-03-10
9841,목요일 살인 클럽,리처드 오스먼,살림,전자책,8952243390 ,소설,2023-03-10
9842,먹다 듣다 걷다,이어령,두란노,전자책,8953135230 ,종교,2023-03-10
9843,물음에 답하다,조재욱,두란노서원,전자책,8953141699 ,종교,2023-03-10
9844,그래서 학원 마케팅,그래서노벰버(윤민옥),대경북스,전자책,8956768919 ,경제경영,2023-03-10
9845,경매대마왕 반드시 부자 되는 투자의 소신,심태승,국일증권경제연구소,전자책,8957822070 ,경제경영,2023-03-10
9846,절대 절대로,베아트리체 알레마냐,책빛,전자책,8962193809 ,유아,2023-03-10
9847,김치 안 먹을래,김지은,위즈덤하우스,전자책,8962471159 ,아동,2023-03-10
9848,찰랑찰랑 비밀 하나,황선미,위즈덤하우스,전자책,8962475979 ,아동,2023-03-10
9849,나 여기 있어요,원혜영,위즈덤하우스(스콜라),전자책,8962476835 ,유아,2023-03-10
9850,투잡하는 김 대리는 취업규칙을 위반했을까?,노정진,비전코리아,전자책,8963221881 ,경제경영,2023-03-10
9851,"기후변화, 이제는 감정적으로 이야기할 때",리베카 헌틀리,양철북,전자책,8963723909 ,정치/사회,2023-03-10
9852,목공 짜맞춤 설계 교과서,테리 놀,보누스,전자책,896494562X,여행/취미,2023-03-10
9853,위스퍼맨,알렉스 노스,흐름출판,전자책,896596489X,소설,2023-03-10
9854,스스로 깨어난 자 붓다,카렌 암스트롱,푸른숲,전자책,8971843926 ,종교,2023-03-10
9855,감옥으로부터의 사색 [제3판],신영복,돌베개,전자책,897199911X,시/에세이,2023-03-10
9856,목요일에는 코코아를,아오야마 미치코,문예춘추사,전자책,8976045238 ,소설,2023-03-10
9857,"우크라이나 전쟁, 제국주의 강대국들의 각축전",알렉스 캘리니코스,책갈피,전자책,8979662238 ,정치/사회,2023-03-10
9858,조선시대 천재들의 빛나는 동시 이야기,권오단,산수야,전자책,8980975325 ,아동,2023-03-10
9859,콘텐츠 바이블,조 풀리지,세종서적,전자책,8984079723 ,경제경영,2023-03-10
9860,블랙아웃,박효미,한겨레아이들,전자책,8984318302 ,아동,2023-03-10
9861,세상 모든 아이들의 권리,페르닐라 스탈펠트,시금치,전자책,8992371713 ,아동,2023-03-10
9862,세 나라는 늘 싸우기만 했을까,강창훈,책과함께어린이,전자책,8997735268 ,아동,2023-03-10
9863,보통의 취준생을 위한 코딩 테스트 with 파이썬,권국원,로드북,전자책,8997924958 ,IT/프로그래밍,2023-03-10
9864,대기업 때려치우고 웹소설,Guybrush,카멜북스,전자책,8998599961 ,시/에세이,2023-03-10
9865,연옥의 수리공,경민선,마카롱,전자책,D220110100,소설,2023-03-10
9866,우리 집 식물 수업,정재경,교보문고,전자책,D220330670,여행/취미,2023-03-10
9867,교보문고 스토리공모전 단편 수상작품집 2022,정욱,교보문고,전자책,D220338250,소설,2023-03-10
9868,붉은 봄,원주희,교보문고,전자책,D220543010,소설,2023-03-10
9869,1일 1표현,마스터유진,교보문고,전자책,D220615240,국어/외국어,2023-03-10
9870,아티스트 인사이트 : 차이를 만드는 힘 : 내 안의 잠든 사유를 깨우는,<정인호> 저,카시오페아,전자책,9791190000000 ,시/에세이,2023-03-10
9871,비즈니스 모델의 탄생,"<알렉산더 오스터왈더>,<예스 피그누어> 공저/<유효상> 역",비즈니스북스,전자책,9791160000000 ,경제경영,2023-03-10
9872,한 그릇 싹~ 비우는 서현이네 유아식,<한온유> 저,베가북스,전자책,9791190000000 ,가정/생활/요리,2023-03-10
9873,어떤 배움은 떠나야만 가능하다,<김우인> 저,열매하나,전자책,9791190000000 ,정치/사회,2023-03-10
9874,감각 통합 놀이 : 3~7세 우리 아이 발달을 자극하는 감각놀이 172,"<석경아>,<변미선>,<강은선> 공저",소울하우스,전자책,9791190000000 ,가정/생활/요리,2023-03-10
9875,달러는 왜 비트코인을 싫어하는가 : 화폐의 역사와 블록체인 기술로 알아보는 비트코인의 참모습,<사이페딘 아모스> 저/<위대선> 역,터닝포인트,전자책,9791160000000 ,경제경영,2023-03-10
9876,후크 포인트 : 3초 세상에서 승리하는 법,<브렌던 케인> 저/<김고명> 역,윌북(willbook),전자책,9791160000000 ,경제경영,2023-03-10
9877,대슬이 밥상,<전슬기> 저,서사원,전자책,9791190000000 ,가정/생활/요리,2023-03-10
9878,생명이란 무엇인가,<폴 너스> 저/<이한음> 역,까치(까치글방),전자책,9788970000000 ,과학/공학,2023-03-10
9879,시작하세요! 도커/쿠버네티스 (개정판) : 친절한 설명으로 쉽게 이해하는 컨테이너 관리,<용찬호> 저,위키북스,전자책,9791160000000 ,IT/프로그래밍,2023-03-10
9880,재와 물거품,<김청귤> 저,안전가옥,전자책,9791190000000 ,소설,2023-03-10
9881,계급이란 무엇인가? : 갖가지 불평등의 원인을 이해하는 열쇠,<린지 저먼> 저/<최병현> 역,책갈피,전자책,9788980000000 ,정치/사회,2023-03-10
9882,그로쓰 GROWTH,<조남성> 저,클라우드나인,전자책,9791190000000 ,경제경영,2023-03-10
9883,조현병의 모든 것 : 35년의 연구 결과를 축적한 조현병 바이블,<E. 풀러 토리> 저/<정지인> 역/<권준수> 감수,심심,전자책,9791160000000 ,인문/역사,2023-03-10
9884,이것이 진짜 주식이다 : 2030 미래 성장 가치주 발굴 기법,<이상우> 저,여의도책방,전자책,9791200000000 ,경제경영,2023-03-10
9885,성공적인 RPA 플랫폼 구축 A to Z : 사용자 입장에서 생각해 보는 RPA 이야기,<이석배> 저,영진닷컴,전자책,9788930000000 ,IT/프로그래밍,2023-03-10
9886,Node.js 디자인 패턴 바이블 : 검증된 패턴과 기술을 이용한 수준 높은 Node.js 애플리케이션,"<Mario Casciaro>,<Luciano Mammino> 저/<김성원>,<곽천웅> 역",영진닷컴,전자책,9788930000000 ,IT/프로그래밍,2023-03-10
9887,밍키언니의 돈 계획 : 0원부터 시작하는 월급 독립 프로젝트,<밍키언니> 저,원앤원북스,전자책,9791170000000 ,경제경영,2023-03-10
9888,ㅁㅇㅇㅅ : 미영과 양식의 은하행성서비스센터,<곽재식> 저,아작,전자책,9791170000000 ,소설,2023-03-10
9889,"수학자가 알려주는 전염의 원리 : 이러스, 투자 버블, 가짜 뉴스-왜 퍼져나가고 언제 멈출까?",<애덤 쿠차르스키> 저/<고호관> 역,세종서적,전자책,9788980000000 ,과학/공학,2023-03-10
9890,하란사,<권비영> 저,특별한서재,전자책,9791170000000 ,소설,2023-03-10
9891,사라진 소녀들 : 목숨을 걸고 전쟁터에 뛰어든 이름 없는 영웅들의 숨겨진 미스터리,<팜 제노프> 저/<정윤희> 역,도서출판 잔,전자책,9791190000000 ,소설,2023-03-10
9892,"우정의 과학 : 최첨단 과학으로 밝혀낸 유대의 기원과 진화, 그 놀라운 힘",<리디아 덴워스> 저/<안기순> 역,흐름출판,전자책,9788970000000 ,인문/역사,2023-03-10
9893,"업무와 일상을 정리하는 새로운 방법 노션 Notion : 생각 정리부터 업무 생산성, 협업 관리 도구를 노션 하나로!","<이해봄>,<전시진> 공저",제이펍,전자책,9791190000000 ,IT/프로그래밍,2023-03-10
9894,"객체지향의 사실과 오해 : 역할, 책임, 협력 관점에서 본 객체지향",<조영호> 저,위키북스,전자책,9791160000000 ,IT/프로그래밍,2023-03-10
9895,부동산의 미래: 프롭테크,<이상빈> 저,쌤앤파커스,전자책,9791170000000 ,경제경영,2023-03-10
9896,경험의 함정 : 빠르게 변화하는 시대에 경험은 왜 강점이 아닌 약점이 되는가,"<로빈 M. 호가스>,<엠레 소이야르> 저",사이,전자책,9788990000000 ,자기계발,2023-03-10
9897,언오소독스 : 밖으로 나온 아이,<데버라 펠드먼> 저/<홍지영> 역,사계절,전자책,9791160000000 ,시/에세이,2023-03-10
9898,"W 바이러스 쇼크 인류 재앙의 실체, 알아야 살아남는다",<최강석> 저,에듀넷,전자책,9791190000000 ,과학/공학,2023-03-10
9899,10년 후에도 살아남을 주식에 투자하라 : 무극선생과 김민희 앵커가 알려주는 주린이를 위한 실전 투자 교과서,<김민희> 저/<이승조> 감수,새빛,전자책,9791190000000 ,경제경영,2023-03-10
9900,이상한 재판의 나라에서 : 우리 사법의 우울한 풍경,<정인진> 저,교양인,전자책,9791190000000 ,정치/사회,2023-03-10
9901,1페이지 한국사 365,<심용환> 저,빅피시,전자책,9791200000000 ,인문/역사,2023-03-10
9902,데이터 분석가의 숫자유감 : 만화로 배우는 업무 데이터 분석 상식,<권정민> 글/<주형> 만화,골든래빗,전자책,9791200000000 ,IT/프로그래밍,2023-03-10
9903,센스를 배웠더니 일머리가 돌아갑니다 : 직급별로 마주하는 다양한 문제들을 센스 있게 해결하는 직장 내 &apos;센스&apos; 참고서,"<이찬>,<박소영> 공저",티더블유아이지,전자책,9791190000000 ,자기계발,2023-03-10
9904,나를 살리는 철학,<알베르트 키츨러> 저/<최지수> 역,클레이하우스,전자책,9791200000000 ,인문/역사,2023-03-10
9905,마른 사람들의 실패 없는 벌크업 프로젝트 by 메루치양식장,<이가람> 저,클,전자책,9791190000000 ,건강/의학,2023-03-10
9906,"스프링 부트 실전 활용 마스터 : 스프링 부트 개발과 운영부터 웹플럭스, R소켓, 메시징을 활용한 고급 리액티브 웹 개발까지",<그렉 턴키스트> 저/<오명운> 역/<이일민> 감수,책만,전자책,9791190000000 ,IT/프로그래밍,2023-03-10
9907,마음의 연금술,<웨인 다이어> 저/<도지영> 역,비즈니스북스,전자책,9791160000000 ,자기계발,2023-03-10
9908,나라는 식물을 키워보기로 했다 : 유해한 것들 속에서 나를 가꾸는 셀프가드닝 프로젝트,<김은주> 글/<워리 라인스> 그림,허밍버드,전자책,9788970000000 ,시/에세이,2023-03-10
9909,통곡 없이 잠 잘 자는 아기의 비밀,<곽윤철> 저,북라이프,전자책,9791190000000 ,가정/생활/요리,2023-03-10
9910,행복해지려는 관성,<김지영> 저,필름,전자책,9791190000000 ,시/에세이,2023-03-10
9911,엄마의 어휘력 : ~7세까지 아이의 상상을 넓히고 생각의 깊이를 결정짓는,<표유진> 저,앵글북스,전자책,9791190000000 ,가정/생활/요리,2023-03-10
9912,"메타버스 FOR 에듀테크 : 게더타운, 제페토, 이프랜드, 가상현실 코스페이시스","<변문경>,<박찬>,<김병석>,<이정훈> 저",다빈치books,전자책,9791190000000 ,경제경영,2023-03-10
9913,블록체인 트렌드 2022-2023,<커넥팅랩> 저,비즈니스북스,전자책,9791160000000 ,경제경영,2023-03-10
9914,말버릇의 힘,<나이토 요시히토> 저/<김윤경> 역,비즈니스북스,전자책,9791160000000 ,자기계발,2023-03-10
9915,진짜 스페인은 시골에 있다,<문정훈> 글/<장준우> 사진,상상출판,전자책,9791170000000 ,여행/취미,2023-03-10
9916,문해력 수업,<전병규(콩나물쌤)> 저,알에이치코리아(RHK),전자책,9788930000000 ,가정/생활/요리,2023-03-10
9917,관계의 내공,<유세미> 저,비즈니스북스,전자책,9791160000000 ,자기계발,2023-03-10
9918,투자의 본질 : 동학개미의 스승 박세익 전무가 말하는 현명한 투자 행복한 투자,<박세익> 저,위너스북,전자책,9791190000000 ,경제경영,2023-03-10
9919,가상화폐 단타의 정석,<나씨> 저,경향미디어,전자책,9788970000000 ,경제경영,2023-03-10
9920,시대의 1등주를 찾아라 : 1등 펀드매니저처럼 생각하고 투자하는 법,<이한영> 저,페이지2,전자책,9791190000000 ,경제경영,2023-03-10
9921,무기모토 산포는 오늘이 좋아,<스미노 요루> 저/<이소담> 역,소미북스,전자책,9791140000000 ,소설,2023-03-10
9922,월급쟁이의 첫 부동산 공부,<마중물> 저,체인지업,전자책,9791190000000 ,경제경영,2023-03-10
9923,모바일 미래보고서 2022,"<커넥팅랩>,<현경민>,<정근호>,<백채욱>,<권기범>,<김호균>,<김태형>,<민준홍> 저",비즈니스북스,전자책,9791160000000 ,경제경영,2023-03-10
9924,인생은 실전이다 : 아주 작은 날갯짓의 시작,"<신영준>,<주언규> 공저",상상스퀘어,전자책,9791200000000 ,시/에세이,2023-03-10
9925,느끼고 아는 존재 : 인간의 마음은 어떻게 진화했을까,<안토니오 다마지오> 저/<고현석> 역/<박문호> 감수,흐름출판,전자책,9788970000000 ,과학/공학,2023-03-10
9926,비밀,<히가시노 게이고> 저/<양윤옥> 역,소미북스,전자책,9791140000000 ,소설,2023-03-10
9927,하면 된다! 퀀트 투자 : 부와 자유를 꿈꾸는 직장인을 위한 주식투자의 정석,<강환국> 저/<신진오> 감수,에프엔미디어,전자책,9791190000000 ,경제경영,2023-03-10
9928,수학대백과사전,<구라모토 다카후미> 저/<린커넥터> 역,동양북스(동양books),전자책,9791160000000 ,과학/공학,2023-03-10
9929,1일 1페이지 조선사 365 : 읽다 보면 역사의 흐름이 트이는 조선 왕조 이야기,<유정호> 저,믹스커피,전자책,9791170000000 ,인문/역사,2023-03-10
9930,예민한 아이 잘 키우는 법 : 서울대 정신과 의사의 섬세한 기질 맞춤 육아,<최치현> 저,유노라이프,전자책,9791190000000 ,가정/생활/요리,2023-03-10
9931,지구 끝의 온실,<김초엽> 저,자이언트북스,전자책,9791190000000 ,소설,2023-03-10
9932,나는 투자로 30년을 벌었다,<한정수> 저,토네이도,전자책,9791160000000 ,경제경영,2023-03-10
9933,에센셜리즘 Essentialism,<그렉 맥커운> 저/<김원호> 역,알에이치코리아(RHK),전자책,9788930000000 ,자기계발,2023-03-10
9934,부의 시그널,<박종훈> 저,베가북스,전자책,9791170000000 ,경제경영,2023-03-10
9935,"욕조가 놓인 방 : 소설, 향 리마인드",<이승우> 저,작가정신,전자책,9791160000000 ,소설,2023-03-10
9936,"믿는 인간에 대하여 : 라틴어 수업, 두 번째 시간",<한동일> 저,흐름출판,전자책,9788970000000 ,인문/역사,2023-03-10
9937,헤이트(Hate) : 왜 혐오의 역사는 반복될까,"<최인철>,<홍성수>,<김민정>,<이은주>,<최호근>,<이희수>,<한건수>,<박승찬>,<전진성> 공저",마로니에북스,전자책,9788960000000 ,정치/사회,2023-03-10
9938,재능의 불시착,<박소연> 저,알에이치코리아(RHK),전자책,9788930000000 ,소설,2023-03-10
9939,앞으로 10년 부의 거대 물결이 온다 : 새로운 부와 기회를 창출할 7가지 딥테크 비즈니스,<에릭 레드먼드> 저/<정성재> 역,유노북스,전자책,9791190000000 ,경제경영,2023-03-10
9940,"소로스 투자 특강 : 인간사를 이해하라, 돈은 그 결과일 뿐",<조지 소로스> 저/<이건> 역,에프엔미디어,전자책,9791190000000 ,경제경영,2023-03-10
9941,"당신을 초대합니다 : 다시 연결된 세상, 코로나 이후의 커뮤니티를 말하다","<존 리비> 저/<최소영>,<우태영> 역",천그루숲,전자책,9791190000000 ,자기계발,2023-03-10
9942,딱 한 번 읽고 평생 써먹는 주식 공부 : 나의 첫 번째 주식 투자 수업,<이재준> 저,원앤원북스,전자책,9791170000000 ,경제경영,2023-03-10
9943,2022 트렌드 모니터 : 대중을 읽고 기획하는 힘,"<최인수>,<윤덕환>,<채선애>,<송으뜸>,<이진아> 공저",시크릿하우스,전자책,9791190000000 ,경제경영,2023-03-10
9944,2022 피할 수 없는 부채 위기 : 부동산과 주식 시장의 폭락에 대비하라!,<서영수> 저,에이지21,전자책,9789000000000 ,경제경영,2023-03-10
9945,뒤틀린 집,<전건우> 저,안전가옥,전자책,9791190000000 ,소설,2023-03-10
9946,일생일문,<최태성> 저,생각정원,전자책,9791190000000 ,인문/역사,2023-03-10
9947,피라네시,<수재나 클라크> 저/<김해온> 역,흐름출판,전자책,9788970000000 ,소설,2023-03-10
9948,주식투자 절대 원칙 : 대한민국 최고 투자자 주식농부의,<박영옥> 저,센시오,전자책,9791170000000 ,경제경영,2023-03-10
9949,생명을 보는 마음,<김성호> 저,풀빛,전자책,9791160000000 ,과학/공학,2023-03-10
9950,한 달 반 만에 9kg 감량 운동 없는 맛불리 다이어트 : 38만 구독자 열광한 저탄수화물 다이어트 레시피,<맛불리> 저,동양북스(동양books),전자책,9791160000000 ,건강/의학,2023-03-10
9951,"한성부, 달 밝은 밤에",<김이삭> 저,고즈넉이엔티,전자책,9791160000000 ,소설,2023-03-10
9952,월 200도 못 벌면서 집부터 산 31살 이서기 이야기 1,<이서기> 저,페이지2,전자책,9791190000000 ,자기계발,2023-03-10
9953,프로부업러가 콕 짚어주는 디지털 부업 50가지,<김진영> 저,굿인포메이션,전자책,9791190000000 ,경제경영,2023-03-10
9954,법정에서 못다 한 이야기,<박형남> 저,휴머니스트,전자책,9791160000000 ,정치/사회,2023-03-10
9955,"비트코인 수업, 코린이가 묻고 세력이 답하다 : 다시올 상승장에서 성공하기 위한 가상화폐 투자상식",<강기태(세력)> 저,국일증권경제연구소,전자책,9788960000000 ,경제경영,2023-03-10
9956,딱 2년 안에 무조건 돈 버는 부동산 투자 시크릿,<김세희(세빛희)> 저,비즈니스북스,전자책,9791160000000 ,경제경영,2023-03-10
9957,Real MySQL 8.0 1권 : 개발자와 DBA를 위한 MySQL 실전 가이드,"<백은빈>,<이성욱> 공저",위키북스,전자책,9791160000000 ,IT/프로그래밍,2023-03-10
9958,Real MySQL 8.0 2권 : 개발자와 DBA를 위한 MySQL 실전 가이드,"<백은빈>,<이성욱> 공저",위키북스,전자책,9791160000000 ,IT/프로그래밍,2023-03-10
9959,"블록체인 해설서 : 비트코인, 이더리움 그리고 하이퍼레저",<이병욱> 저,에이콘출판사,전자책,9791160000000 ,IT/프로그래밍,2023-03-10
9960,"나는 1,000만 원으로 아파트 산다 : 170만 부동산 카페 회원들이 열광하는 시크릿브라더의 투자 비결",<시크릿브라더> 저,황금부엉이,전자책,9788960000000 ,경제경영,2023-03-10
9961,"개발자로 살아남기 : 한글과컴퓨터, 블리자드, 넥슨, 삼성전자, 몰로코 출신 개발자의 30년 커리어패스 인사이트",<박종천> 저,골든래빗,전자책,9791190000000 ,IT/프로그래밍,2023-03-10
9962,"도메인 주도 설계로 시작하는 마이크로서비스 개발 : 핵심 개념과 패턴, 설계, 구현으로 배우는 DDD와 MSA","<한정헌>,<유해식>,<최은정>,<이주영> 저",위키북스,전자책,9791160000000 ,IT/프로그래밍,2023-03-10
9963,도서실에 있어요,<아오야마 미치코> 저/<박우주> 역,달로와,전자책,9791190000000 ,소설,2023-03-10
9964,세대주 오영선,<최양선> 저,사계절,전자책,9791160000000 ,소설,2023-03-10
9965,"개장 전, 아직 켜지지 않은 모니터 앞에서",<강민우(돈깡)> 저,이레미디어,전자책,9791190000000 ,경제경영,2023-03-10
9966,"창업가의 습관 : 시작하고 3년, 사업 시스템을 만드는 법",<이상훈> 저,좋은습관연구소,전자책,9791190000000 ,경제경영,2023-03-10
9967,조각상 살인사건,<다니엘 콜> 저/<김효정> 역,북플라자,전자책,9791190000000 ,소설,2023-03-10
9968,전념,<피트 데이비스> 저/<신유희> 역,상상스퀘어,전자책,9791200000000 ,자기계발,2023-03-10
9969,네가 없으면 인생도 사막이다,<나태주> 저,열림원,전자책,9791170000000 ,시/에세이,2023-03-10
9970,주식의 道(도) : 주식 단기투자 필독서!,<생존재테크> 저,트러스트북스,전자책,9791190000000 ,경제경영,2023-03-10
9971,"정해진 미래, 대세상승장이 온다 : 이야기꾼의 시나리오 투자법",<이야기꾼> 저,책수레,전자책,9791190000000 ,경제경영,2023-03-10
9972,감사의 재발견,"<제러미 애덤 스미스>,<키라 뉴먼>,<제이슨 마시>,<대처 켈트너> 저/<손현선> 역",현대지성,전자책,9791140000000 ,자기계발,2023-03-10
9973,메타버스 3.0,<홍성용> 저,매일경제신문사,전자책,9791160000000 ,경제경영,2023-03-10
9974,"우리, 아파트 딱 100채만 보러 가보자",<아이리> 저,원앤원북스,전자책,9791170000000 ,경제경영,2023-03-10
9975,101살 할아버지의 마지막 인사,"<벤자민 페렌츠>,<나디아 코마미> 저/<조연주> 역",양철북,전자책,9788960000000 ,인문/역사,2023-03-10
9976,오늘부터 건물주 : 가장 쉽게 배우는 부동산 경매,<제이든(채병도)> 저,탈잉,전자책,9791190000000 ,경제경영,2023-03-10
9977,늙는다는 착각 : 하버드 심리학 거장이 전하는 건강하고 지혜롭게 사는 법,<엘렌 랭어> 저/<변용란> 역,유노북스,전자책,9791190000000 ,인문/역사,2023-03-10
9978,스프링 부트 쇼핑몰 프로젝트 with JPA,<변구훈> 저,로드북,전자책,9789000000000 ,IT/프로그래밍,2023-03-10
9979,이탈리아 와인 여행,"<엄정선>,<배두환> 공저",꿈의지도,전자책,9791170000000 ,여행/취미,2023-03-10
9980,행복한 나라의 불행한 사람들 : 복지국가 스웨덴은 왜 실패하고 있는가,<박지우> 저,추수밭,전자책,9791160000000 ,정치/사회,2023-03-10
9981,더 보스(THE BOSS) : 돈을 통제하라 그리고 원하는 삶을 살아라,<안규호> 저,떠오름,전자책,9791200000000 ,자기계발,2023-03-10
9982,"개미 5년, 세후 55억",<성현우> 저,모루,전자책,9791200000000 ,경제경영,2023-03-10
9983,캐릭터 디자인&드로잉 완성 컬러로 톡톡 튀는 일러스트 테크닉,"<쿠루미츠> 글,그림/<김재훈> 역",AK(에이케이 커뮤니케이션즈),전자책,9791130000000 ,여행/취미,2023-03-10
9984,"비혼이고 아이를 키웁니다 : 결혼도 출산도 아닌, 새로운 가족의 탄생",<백지선> 저,또다른우주,전자책,9791200000000 ,시/에세이,2023-03-10
9985,메타버스 세상의 주인공들에게 : 우리가 만나게 될 새로운 미래,<이상근> 저,샘터,전자책,9788950000000 ,정치/사회,2023-03-10
9986,나는 매일 블로그로 출근한다,<한혜진> 저,사이다경제,전자책,9791200000000 ,자기계발,2023-03-10
9987,스프링 입문을 위한 자바 객체 지향의 원리와 이해,<김종민> 저,위키북스,전자책,9791160000000 ,IT/프로그래밍,2023-03-10
9988,나쁜 토끼,<와카타케 나나미> 저/<문승준> 역,내친구의서재,전자책,9791190000000 ,소설,2023-03-10
9989,"나는 예민한 엄마입니다 : 예민한 내가 만난, 나의 예민한 아이",<송희재> 저,북드림,전자책,9791190000000 ,가정/생활/요리,2023-03-10
9990,오르는 주식을 사들이는 차트매매법 : 황족의 한 권으로 끝내는 차트투자,<황족> 저,메이트북스,전자책,9791160000000 ,경제경영,2023-03-10
9991,"포커스(Focus) : 더 쉽게, 더 나답게, 더 자유롭게, 인생을 바꾸는 실제적인 시간관리 노하우",<이준희> 저,Alivebooks,전자책,9791200000000 ,자기계발,2023-03-10
9992,365 인생독본,<레프 톨스토이> 저/<최종옥> 역,Nomad(노마드),전자책,9791190000000 ,시/에세이,2023-03-10
9993,기획은 결정이다 : ‘될 것 같은’ 생각을 ‘되는’ 기획으로,<다카세 아쓰야> 저/<김영주> 역,북스톤,전자책,9791190000000 ,자기계발,2023-03-10
9994,동물은 어떻게 슬퍼하는가,<바버라 J. 킹> 저/<정아영> 역,서해문집,전자책,9791190000000 ,정치/사회,2023-03-10
9995,생각도 생각이 필요해 : 유쾌하고 과학적인 &apos;엉터리 생각&apos; 퇴치술,<존 에이커프> 저/<김문주> 역,위너스북,전자책,9791190000000 ,자기계발,2023-03-10
9996,지성의 돈되는 부동산 1인법인,<지성> 저/<이승현> 감수,잇콘,전자책,9791190000000 ,경제경영,2023-03-10
9997,철들지 않은 인생이 즐겁다,<사이토 히토리> 저/<한성례> 역,비전코리아,전자책,9791190000000 ,자기계발,2023-03-10
9998,백광,<렌조 미키히코> 저/<양윤옥> 역,모모,전자책,9791190000000 ,소설,2023-03-10
9999,"변화와 생존 : 위기와 불확실성의 시대, 투자자의 길을 묻다","<김동환>,<박세익>,<김한진> 공저",페이지2,전자책,9791190000000 ,경제경영,2023-03-10
10000,프로그래머의 뇌 : 훌륭한 프로그래머가 알아야 할 인지과학의 모든 것,<펠리너 헤르만스> 저/<차건희> 역,제이펍,전자책,9791190000000 ,IT/프로그래밍,2023-03-10
10001,리더의 질문법 : 조직의 성과를 이끄는 신뢰와 협력의 소통 전략,"<에드거 샤인>,<피터 샤인> 저/<노승영> 역",심심,전자책,9791160000000 ,경제경영,2023-03-10
10002,나는 네이버 카페로 월급 대신 월세 받는다,<김소영(소영처럼)> 저,라디오북,전자책,9791190000000 ,경제경영,2023-03-10
10003,"중소기업 다니던 용수는 수익형 부동산으로 어떻게 월 7,000만원 벌게 됐을까?",<강용수> 저,리더북스,전자책,9791190000000 ,경제경영,2023-03-10
10004,블랙 쉽 : 잠들어 있는 내 안의 검은 양을 깨워라,<브랜트 멘스워> 저/<최이현> 역,필름,전자책,9791190000000 ,자기계발,2023-03-10
10005,놓아주는 엄마 주도하는 아이,"<윌리엄 스틱스러드>,<네드 존슨> 저/<이영래> 역",쌤앤파커스,전자책,9791170000000 ,가정/생활/요리,2023-03-10
10006,"돈, 뜨겁게 사랑하고 차갑게 다루어라",<앙드레 코스톨라니> 저/<한윤진> 역,미래의창,전자책,9788960000000 ,경제경영,2023-03-10
10007,투자는 심리게임이다,<앙드레 코스톨라니> 저,미래의창,전자책,9788960000000 ,경제경영,2023-03-10
10008,실전 투자강의,<앙드레 코스톨라니> 저/<최병연> 역,미래의창,전자책,9788960000000 ,경제경영,2023-03-10
10009,꽃잎 한 장처럼 : 오늘을 살아가는 당신을 위한 이해인 수녀의 시 편지,<이해인> 저,샘터,전자책,9788950000000 ,시/에세이,2023-03-10
10010,나는 왜 집중하지 못하는가 : 37년 정신의학 전문가가 전하는 복잡한 머릿속을 꿰뚫는 성인 ADHD의 모든 것,<반건호> 저,라이프앤페이지,전자책,9791190000000 ,인문/역사,2023-03-10
10011,미래 모빌리티 UAM에 투자하라,<이재광> 저,경향비피,전자책,9788970000000 ,경제경영,2023-03-10
10012,처음 읽는 식물의 세계사 : 인간의 문명을 정복한 식물 이야기,<리처드 메이비> 저/<김영정> 역,탐나는책,전자책,9791190000000 ,인문/역사,2023-03-10
10013,세계 심리학 필독서 30 : 프로이트부터 스키너까지 심리학 명저 30권을 한 권에,<사토 다쓰야> 저/<박재영> 역,센시오,전자책,9791170000000 ,인문/역사,2023-03-10
10014,비트코인·블록체인 바이블 : 비트코인의 탄생부터 블록체인의 미래까지 명쾌하게 이해하는,<장세형> 저,위키북스,전자책,9791160000000 ,IT/프로그래밍,2023-03-10
10015,게으른 뇌에 행동 스위치를 켜라,<오히라 노부타카> 저/<오정화> 역,밀리언서재,전자책,9791190000000 ,자기계발,2023-03-10
10016,세력주 매매 공식,<와조스키> 저,경향비피,전자책,9788970000000 ,경제경영,2023-03-10
10017,아이라는 숲 : 숲을 곁에 두고 나무만 바라보는 부모를 위한 12가지 철학 수업,<이진민> 저,웨일북,전자책,9791190000000 ,가정/생활/요리,2023-03-10
10018,용서하지 않을 권리 : 피해자를 바라보는 직정한 시선과 태도에 관하여,<김태경> 저,웨일북,전자책,9791190000000 ,인문/역사,2023-03-10
10019,아미타경 마음공부 : 초조한 마음에서 벗어나 소원을 성취하는 가장 간단한 방법,<페이융> 저/<허유영> 역,유노북스,전자책,9791190000000 ,인문/역사,2023-03-10
10020,놀이터는 24시,"<김초엽>,<배명훈>,<편혜영>,<장강명>,<김금희>,<박상영>,<김중혁> 공저",자이언트북스,전자책,9791190000000 ,소설,2023-03-10
10021,파이어 FIRE : 그들은 어떻게 남들보다 빨리 경제적 자유를 이뤘을까?,<강환국> 저,페이지2,전자책,9791190000000 ,경제경영,2023-03-10
10022,그때그때 가볍게 산다,<장성숙> 저,새벽세시,전자책,9791190000000 ,자기계발,2023-03-10
10023,"지리의 힘 2 : 지리는 어떻게 나라의 운명을, 세계의 분쟁을, 우리의 선택을 좌우하는가",<팀 마샬> 저/<김미선> 역,사이,전자책,9788990000000 ,정치/사회,2023-03-10
10024,첫 문장의 힘 : 그 장면은 진부하다,<샌드라 거스> 저/<지여울> 역,윌북(willbook),전자책,9791160000000 ,인문/역사,2023-03-10
10025,시점의 힘 : 독자는 모르는 작가의 비밀 도구,<샌드라 거스> 저/<지여울> 역,윌북(willbook),전자책,9791160000000 ,인문/역사,2023-03-10
10026,"마흔, 체력이 능력 : 마음, 태도, 관계가 단단한 내가 되기 위해",<최수희> 저,빌리버튼,전자책,9791190000000 ,시/에세이,2023-03-10
10027,결국은 문장력이다,"<후지요시 유타카>,<오가와 마리코> 저/<양지영> 역",앤페이지,전자책,9788930000000 ,인문/역사,2023-03-10
10028,"아티스트 웨이, 마음의 소리를 듣는 시간",<줄리아 캐머런> 저/<이상원> 역,비즈니스북스,전자책,9791160000000 ,자기계발,2023-03-10
10029,"행복을 파는 브랜드, 오롤리데이 : 좋아하는 것을 의미 있는 일로 만드는 사람들의 일과 삶을 넘나드는 브랜딩 철학",<박신후> 저,블랙피쉬,전자책,9788970000000 ,경제경영,2023-03-10
10030,김학렬의 부동산 투자 절대 원칙 : 최강 인플루언서 빠숑과 함께하는 나의 평생 부동산 교과서,<김학렬> 저,에프엔미디어,전자책,9791190000000 ,경제경영,2023-03-10
10031,"패션 디자이너, 미래가 찬란한 너에게",<박민지> 저,크루,전자책,9791170000000 ,자기계발,2023-03-10
10032,수학원리를 제대로 배운 아이는 쉽게 계산합니다 : 수학에 강한 아이를 만드는 독일 교과서식 사칙연산 곱셈구구,<차지혜> 저,블루무스,전자책,9791190000000 ,가정/생활/요리,2023-03-10
10033,꿈을 현실로 만들어주는 마법의 성공노트,<손재모> 저,아이프렌드,전자책,9788960000000 ,자기계발,2023-03-10
10034,공무원이었습니다만 : 가끔 달달하고 자주 씁쓸했던 8년 8개월의 순간들,<진고로호> 저,미래의창,전자책,9791190000000 ,시/에세이,2023-03-10
10035,어떻게 물리학을 사랑하지 않을 수 있을까? : 이 세상을 이해하는 가장 정확한 관점,<짐 알칼릴리> 저<김성훈> 역,윌북(willbook),전자책,9791160000000 ,과학/공학,2023-03-10
10036,"가불 선진국 : 연대와 공존, 사회권 선진국을 위한 제언",<조국> 저,메디치미디어,전자책,9791160000000 ,정치/사회,2023-03-10
10037,30일 완독 책방 : 인생이 바뀌는 독서법 알려드립니다,<조미정> 저,블랙피쉬,전자책,9788970000000 ,자기계발,2023-03-10
10038,"지금의 나로 충분하다 : 유연하고 충실하게, 이소은이 사는 법",<이소은> 저,수오서재,전자책,9791190000000 ,자기계발,2023-03-10
10039,혼자와 함께 사이,<최유나> 저,알에이치코리아(RHK),전자책,9788930000000 ,시/에세이,2023-03-10
10040,손석희의 앵커브리핑 2 : 바람은 언제나 당신의 등 뒤에서 불고,"<손석희>,<김현정> 저",역사비평사,전자책,9788980000000 ,정치/사회,2023-03-10
10041,손석희의 앵커브리핑 1 : ‘L의 운동화’는 집으로 가는 중입니다,"<손석희>,<김현정> 저",역사비평사,전자책,9788980000000 ,정치/사회,2023-03-10
10042,데이터로 경험을 디자인하라 : 고객 경험을 극대화하는 DCX 혁신의 비밀,<차경진> 저,시크릿하우스,전자책,9791190000000 ,경제경영,2023-03-10
10043,장애인과 함께 사는 법 : 다양한 몸 사이의 경계를 허물기 위하여,<백정연> 저,유유,전자책,9791160000000 ,정치/사회,2023-03-10
10044,누구에게도 상처받을 필요는 없다,<지민석> 저,스튜디오오드리,전자책,9791190000000 ,시/에세이,2023-03-10
10045,위대한 투자자 위대한 수익률 : 세계 최고의 투자자들은 왜 기본에 집중할까?,<매그너스 안젠펠트> 저/<정윤미> 역,페이지2,전자책,9791190000000 ,경제경영,2023-03-10
10046,심리학이 불안에 답하다,"<황양밍>,< 장린린 저 / 권소현 역> 저",미디어숲,전자책,9791160000000 ,자기계발,2023-03-10
10047,지적 행복론 : 97세 경제학 교수가 물질의 시대에 던지는 질문,<리처드 이스털린> 저/<안세민> 역,윌북(willbook),전자책,9791160000000 ,인문/역사,2023-03-10
10048,어느 투자자의 회상,<에드윈 르페브르> 저/<신가을> 역,탑픽,전자책,9791190000000 ,경제경영,2023-03-10
10049,현명한 반도체 투자,<우황제> 저,이레미디어,전자책,9791190000000 ,경제경영,2023-03-10
10050,보도 섀퍼의 이기는 습관 : 불가능을 뛰어넘어 최후의 승자가 된 사람들,<보도 섀퍼> 저,토네이도,전자책,9791160000000 ,자기계발,2023-03-10
10051,보이지 않는 중국 : 무엇이 중국의 지속적 성장을 가로막는가,"<스콧 로젤>,<내털리 헬> 저/<박민희> 역",롤러코스터,전자책,9791190000000 ,정치/사회,2023-03-10
10052,주식 멘토 김현구의 주식 잘 사고 잘 파는 법 : 싸게 사서 비싸게 파는 최강의 실전 트레이딩 스킬,<김현구> 저,메이트북스,전자책,9791160000000 ,경제경영,2023-03-10
10053,말의 공식 : 우아하게 내 몫을 챙기는,<쟈스민 한> 저,토네이도,전자책,9791160000000 ,자기계발,2023-03-10
10054,당신만 모르는 일의 법칙 51 : 대체 불가능한 나를 만들기 위해 꼭 알아야 할 51가지 생각의 기술,<이혜운>,메이븐,전자책,9791190000000 ,자기계발,2023-03-10
10055,당신은 결국 무엇이든 해내는 사람,<김상현> 저,필름,전자책,9791190000000 ,시/에세이,2023-03-10
10056,최고의 주식에 이르는 작은책 : 스크리닝에서 포트폴리오 관리까지 종목 선정을 위한 5단계 투자 기술,"<조슈아 펄>,<조슈아 로젠바움> 저/<이상원>,<이윤정> 역",워터베어프레스 (WATER BEAR PRESS),전자책,9791190000000 ,경제경영,2023-03-10
10057,집 한 채만 있어도 꼭 알아야 하는 상속증여 절세 45 : 현직 금융기관 세무 전문가가 알려주는 부의 관리법,"<이환주>,<김재현> 저",원앤원북스,전자책,9791170000000 ,경제경영,2023-03-10
10058,"휘둘리지 않는 말투, 거리감 두는 말씨 : 나를 휘두르는 타인으로부터 자신을 지키는 책",<Joe> 저/<이선영> 역,리텍콘텐츠(RITEC CONTENTS),전자책,9791190000000 ,자기계발,2023-03-10
10059,돈 되는 구매대행 실전 노하우,<구대러> 저,라디오북,전자책,9791190000000 ,경제경영,2023-03-10
10060,하트 오브 비즈니스 : 미래의 비즈니스를 위한 안내서,"<위베르 졸리>,<캐롤라인 램버트> 저",상상스퀘어,전자책,9791190000000 ,경제경영,2023-03-10
10061,나는 친절한 죽음을 원한다 : 삶의 완성으로서의 좋은 죽음을 말하는 죽음학 수업,<박중철> 저,홍익출판미디어그룹,전자책,9791190000000 ,인문/역사,2023-03-10
10062,책들의 부엌,<김지혜> 저,팩토리나인,전자책,9791170000000 ,소설,2023-03-10
10063,브라질에 비가 내리면 스타벅스 주식을 사라 : 경제의 큰 흐름에서 기회를 잡는 매크로 투자 가이드,<피터 나바로> 저/<이창식> 역/<윤지호> 감수,에프엔미디어,전자책,9791190000000 ,경제경영,2023-03-10
10064,"마이뜨리, 생에 한 번쯤은 요가",<마이뜨리> 저/<요기윤> 그림,디 이니셔티브,전자책,9791190000000 ,건강/의학,2023-03-10
10065,모든 사람에게 사랑받을 필요는 없다,<이평> 저,스튜디오오드리,전자책,9791190000000 ,인문/역사,2023-03-10
10066,사랑받은 아이는 흔들리지 않는다 : 우리 아이의 잠재력을 깨우는 존중의 육아법,"<린다 해트필드>,<타이 해트필드>,<웬디 토마스 러셀> 저/<신솔잎> 역",빌리버튼,전자책,9791190000000 ,가정/생활/요리,2023-03-10
10067,토지 투자의 정석,<김용남> 저,경향비피,전자책,9788970000000 ,경제경영,2023-03-10
10068,아들러 성격 상담소 : 내 뜻대로 되지 않는 성격 때문에 인생이 힘든 당신에게,<기시미 이치로> 저/<이영미> 역,생각의날개,전자책,9791190000000 ,인문/역사,2023-03-10
10069,운의 시그널 : 내 안의 좋은 운을 깨우는 법,<막스 귄터> 저 /<양소하> 역,카시오페아,전자책,9791170000000 ,자기계발,2023-03-10
10070,이토록 멋진 오십이라면 : 오직 나로 살아가기 위한 자기발견 수업,<이주희> 저,청림출판,전자책,9788940000000 ,자기계발,2023-03-10
10071,좋은 걸 보면 네 생각이 나 : 먼 곳에서 선명해지는 시간의 흔적들,<청민> 글/<Peter> 사진,상상출판,전자책,9791170000000 ,여행/취미,2023-03-10
10072,예민한 너를 위한 까칠한 심리학 : 알고 보면 자신보다 타인을 더 배려하는 너에게,<조우관> 저,유노북스,전자책,9791190000000 ,인문/역사,2023-03-10
10073,돈그릇을 키우는 6가지 방법,<김승현> 저,앤페이지,전자책,9788930000000 ,자기계발,2023-03-10
10074,오십에 읽는 장자 : 복잡한 마음이 홀가분해지는 시간,<김범준> 저,유노북스,전자책,9791190000000 ,인문/역사,2023-03-10
10075,당신이 알던 MBTI는 진짜 MBTI가 아니다 : MBTI를 ‘올바르게’ 활용하여 ‘나다움’을 극대화하는 방법,<고영재> 저,인스피레이션,전자책,9791190000000 ,인문/역사,2023-03-10
10076,위닝 컬러 WINNING COLOR : 사람의 욕망을 움직이는 10가지 색의 법칙,<이랑주> 저,지와인,전자책,9791190000000 ,경제경영,2023-03-10
10077,"아무튼, 노래 : 노래와 함께 오래된 사람이 된다",<이슬아> 저,위고,전자책,9791160000000 ,시/에세이,2023-03-10
10078,컬러의 시간,<제임스 폭스> 저/<강경이> 역,윌북(willbook),전자책,9791160000000 ,예술/대중문화,2023-03-10
10079,인생의 절반쯤 왔을 때 논어를 읽다,<조형권> 저,비즈니스북스,전자책,9791160000000 ,자기계발,2023-03-10
10080,소식주의자 : 소식은 어떻게 부와 장수를 불러오는가,<미즈노 남보쿠> 저/<최진호> 역,사이몬북스,전자책,9791190000000 ,자기계발,2023-03-10
10081,월 500 임대료 받는 엄마의 상가 투자 시크릿 : 나는 당신도 하루 빨리 상가 투자를 시작하면 좋겠습니다,<안선이> 저,원앤원북스,전자책,9791170000000 ,경제경영,2023-03-10
10082,"직장인을 위한 데이터 분석 실무 with 파이썬 (개정판) : 마케팅, 영업, 기획 실무 담당자를 위한 데이터 분석의 기술","<이형석>,<장남수>,<전상환>,<정상욱> 공저",위키북스,전자책,9791160000000 ,IT/프로그래밍,2023-03-10
10083,그래프 신경망 입문,"<즈위안 리우>,<지에 저우> 저/<정지수> 역",에이콘출판사,전자책,9791160000000 ,IT/프로그래밍,2023-03-10
10084,맛있어서 지속 가능한 디디미니 다이어트 레시피,<미니 박지우> 저,빅피시,전자책,9791190000000 ,가정/생활/요리,2023-03-10
10085,먹는 순서만 바꿔도 살이 빠진다 : 다이어트가 필요 없는 건강한 식습관,<박민수> 저,페이스메이커,전자책,9791170000000 ,건강/의학,2023-03-10
10086,나의 첫 ETF 포트폴리오 : 게으르게 투자하고 확실하게 수익 내는,<송민섭(수페TV)> 저,토네이도,전자책,9791160000000 ,경제경영,2023-03-10
10087,나는 아끼는 대신 더 벌기로 했다 : N잡 워킹맘의 수익형 블로그 만들기,<율마(오애진)> 저,경이로움,전자책,9791200000000 ,경제경영,2023-03-10
10088,오토 워,<자동차미생> 저,이레미디어,전자책,9791190000000 ,경제경영,2023-03-10
10089,여덟 건의 완벽한 살인,<피터 스완슨> 저/<노진선> 역,푸른숲,전자책,9791160000000 ,소설,2023-03-10
10090,생존자들 : 뿌리 깊은 트라우마를 극복한 치유의 기록,<캐서린 길디너> 저/<이은선> 역,라이프앤페이지,전자책,9791190000000 ,인문/역사,2023-03-10
10091,힘들어도 사람한테 너무 기대지 마세요 : 기대면 더 상처받는 사람들을 위한 관계 심리학,<정우열> 저,동양북스(동양books),전자책,9791160000000 ,자기계발,2023-03-10
10092,감정 어휘,<유선경> 저,앤의서재,전자책,9791190000000 ,인문/역사,2023-03-10
10093,NFT 초보자가 가장 알고 싶은 최다질문 TOP 50 : 암호학 최고 전문가 김승주 교수가 알려주는 NFT의 모든 것,<김승주> 저,메이트북스,전자책,9791160000000 ,경제경영,2023-03-10
10094,"한 공기의 사랑, 아낌의 인문학",<강신주> 저,EBS BOOKS,전자책,9788950000000 ,인문/역사,2023-03-10
10095,세븐,<전인구> 저,차이정원,전자책,9791190000000 ,자기계발,2023-03-10
10096,"예순 살, 나는 또 깨꽃이 되어 : 이순자 유고 산문집",<이순자> 저,휴머니스트,전자책,9791160000000 ,시/에세이,2023-03-10
10097,나를 아프게 한 건 항상 나였다 : 지친 마음을 위로하는 치유의 심리학,<이혜진> 저,스몰빅라이프,전자책,9791190000000 ,자기계발,2023-03-10
10098,히든 스토리 : 인생의 무기가 되는,<킨드라 홀> 저/<이은경> 역,윌북(willbook),전자책,9791160000000 ,자기계발,2023-03-10
10099,빅데이터 부동산 투자 2022-2023 대전망,"<김기원>,<정세윤> 저",클라우드나인,전자책,9791190000000 ,경제경영,2023-03-10
10100,나를 단단하게 만드는 심리학 : 두려움으로부터 벗어나는 방법,<피파 그레인지> 저/<장진영> 역,상상스퀘어,전자책,9791190000000 ,인문/역사,2023-03-10
10101,우리의 밤이 시작되는 곳 : 제18회 세계문학상 수상작,<고요한> 저,나무옆의자,전자책,9791160000000 ,소설,2023-03-10
10102,어느 날 유리멘탈 개복치로 판정받았다 : 섬세한 나를 위한 대화 처방전,<태지원> 저,크레타,전자책,9791200000000 ,시/에세이,2023-03-10
10103,인플레이션에서 살아남기,<오건영> 저,페이지2,전자책,9791190000000 ,경제경영,2023-03-10
10104,성장주에 투자하라 : 슈퍼개미 이정윤의 주식 투자 정석,<이정윤> 저,베가북스,전자책,9791200000000 ,경제경영,2023-03-10
10105,AI 분석으로 발견한 상위 5% 리더의 습관,<고시카와 신지> 저/<김정환> 역,밀리언서재,전자책,9791190000000 ,자기계발,2023-03-10
10106,덕후 여자 넷이 한집에 삽니다 : 프로 덕질러들의 슬기로운 동거 생활,<후지타니 지아키> 저/<이경은> 역,흐름출판,전자책,9788970000000 ,시/에세이,2023-03-10
10107,코인 좀 아는 사람 : 앞으로 10년 암호화폐의 미래가 여기 있다,"<닐 메타>,<아디티야 아가쉐>,<파스 디트로자> 저/<정미진> 역",윌북(willbook),전자책,9791160000000 ,경제경영,2023-03-10
10108,김헌의 그리스 로마 신화,<김헌> 저,을유문화사,전자책,9788930000000 ,인문/역사,2023-03-10
10109,평생 현금이 마르지 않는 투자법 : 부자 아빠가 365일 수익을 실현하는 비결,<박성현> 저,유노북스,전자책,9791190000000 ,경제경영,2023-03-10
10110,저도 환율은 어렵습니다만 : 처음 시작하는 환율 공부,"<송인창>,<이경석>,<성진규> 공저",바틀비,전자책,9791190000000 ,경제경영,2023-03-10
10111,말 잘한다는 소리를 들으면 소원이 없겠다,<정흥수(흥버튼)> 저,비즈니스북스,전자책,9791160000000 ,자기계발,2023-03-10
10112,투자의 신 : 절대로 잃지 않는,<박성현> 저,알에이치코리아(RHK),전자책,9788930000000 ,경제경영,2023-03-10
10113,가진 돈은 몽땅 써라,<호리에 다카후미> 저/<윤지나> 역,쌤앤파커스,전자책,9791170000000 ,자기계발,2023-03-10
10114,걷기의 세계 : 뇌과학자가 전하는 가장 단순한 운동의 경이로움,<셰인 오마라> 저/<구희성> 역,미래의창주식회사,전자책,9791190000000 ,과학/공학,2023-03-10
10115,세상에서 가장 짧은 한국사 : 읽는 것만으로 역사의 흐름이 머릿속에 들어온다,<김재원> 저,빅피시,전자책,9791190000000 ,인문/역사,2023-03-10
10116,공감하는 유전자 : 삶의 방향을 바꾸는 인간의 생물학적 본성에 대하여,<요아힘 바우어> 저/<장윤경> 역,매일경제신문사,전자책,9791160000000 ,정치/사회,2023-03-10
10117,선을 넘지 않는 사람이 성공한다,<장샤오헝 저/정은지 역> 저,미디어숲,전자책,9791160000000 ,자기계발,2023-03-10
10118,메시지를 입력하세요,<오휘명> 저,히읏,전자책,9791200000000 ,소설,2023-03-10
10119,당신이라는 자랑,<박근호 저> 저,히읏,전자책,9791200000000 ,시/에세이,2023-03-10
10120,요즘 팀장은 이렇게 일합니다,<백종화> 저,중앙북스(books),전자책,9788930000000 ,경제경영,2023-03-10
10121,빌 게이츠 넥스트 팬데믹을 대비하는 법,<빌 게이츠> 저/<이영래> 역,비즈니스북스,전자책,9791160000000 ,정치/사회,2023-03-10
10122,경매대마왕 반드시 부자 되는 투자의 소신 : 당신을 500억 자산가로 만들어줄 부동산경매,<심태승> 저,국일증권경제연구소,전자책,9788960000000 ,경제경영,2023-03-10
10123,설득의 디테일 : 원하는 것을 얻는 섬세한 대화의 기술 9가지,<제임스 보그> 저/<이정민> 역,현대지성,전자책,9791140000000 ,자기계발,2023-03-10
10124,멘탈을 바꿔야 인생이 바뀐다,<박세니> 저,마인드셋(Mindset),전자책,9791190000000 ,자기계발,2023-03-10
10125,머니 체인저,<문준희(절약왕 정약용)> 저,마인드셋(Mindset),전자책,9791190000000 ,경제경영,2023-03-10
10126,위기주도학습법,<임현서> 저,스튜디오오드리,전자책,9791190000000 ,자기계발,2023-03-10
10127,무례한 사람에게 휘둘리지 않는 법,<정재훈> 저,마인드셋(Mindset),전자책,9791190000000 ,자기계발,2023-03-10
10128,나도 이제서야 알았다라는 거예요,<제갈건> 저,BOOKULOVE,전자책,9791190000000 ,시/에세이,2023-03-10
10129,당신의 뇌는 최적화를 원한다,<가바사와 시온> 저/<오시연> 역,쌤앤파커스,전자책,9788970000000 ,자기계발,2023-03-10
10130,당신은 일을 못하는 게 아니라 말을 못하는 겁니다 : 일의 디테일을 완성하는 말투와 목소리,<이규희> 저,서사원,전자책,9791170000000 ,자기계발,2023-03-10
10131,"도시, 청년, 호러","<이시우>,<김동식>,<허정>,<전건우>,<조예은>,<남유하> 공저",안전가옥,전자책,9791190000000 ,소설,2023-03-10
10132,일러스트로 배우는 채색 테크닉,<무라 카루키> 저/<김재훈> 역,AK(에이케이 커뮤니케이션즈),전자책,9791130000000 ,여행/취미,2023-03-10
10133,세상의 마지막 기차역,<무라세 다케시> 저/<김지연> 역,모모,전자책,9791190000000 ,소설,2023-03-10
10134,"어느 날, 내 죽음에 네가 들어왔다",<세이카 료겐> 저/<김윤경> 역,모모,전자책,9791190000000 ,소설,2023-03-10
10135,그냥 살아만 있어 아무것도 안 해도 돼 : 예민한 엄마와 청소년 우울증 딸의 화해와 치유를 향한 여정,"<이유미>,<이하연> 공저",매일경제신문사,전자책,9791160000000 ,시/에세이,2023-03-10
10136,최선의 고통,<폴 블룸> 저/<김태훈> 역,알에이치코리아(RHK),전자책,9788930000000 ,인문/역사,2023-03-10
10137,부자의 독서법 : 부와 성공을 이루기 위한 책읽기 기술,<송숙희> 저,토트출판사,전자책,9791190000000 ,자기계발,2023-03-10
10138,"굿모닝 해빗 : 아침마다, 나를 위해 하이파이브!",<멜 로빈스> 저/<강성실> 역,쌤앤파커스,전자책,9791170000000 ,자기계발,2023-03-10
10139,물러서지 않는 마음 : 26명의 대표 철학자에게 배우는 삶을 지탱하는 태도,<이준형> 저,빅피시,전자책,9791190000000 ,인문/역사,2023-03-10
10140,어른의 일기 : 나를 위한 가장 작은 성실,<김애리> 저,카시오페아,전자책,9791170000000 ,인문/역사,2023-03-10
10141,모래도시 속 인형들,<이경희> 저,안전가옥,전자책,9791190000000 ,소설,2023-03-10
10142,미국 서부 셀프트래블 (22-23 최신판),<조은정> 저,상상출판,전자책,9791170000000 ,여행/취미,2023-03-10
10143,북유럽 셀프트래블 (22-23 최신판),<유진선> 저,상상출판,전자책,9791170000000 ,여행/취미,2023-03-10
10144,하와이 셀프트래블 (22-23 최신판),"<정꽃나래>,<정꽃보라> 공저",상상출판,전자책,9791170000000 ,여행/취미,2023-03-10
10145,"학원 대신 시애틀, 과외 대신 프라하 : 사교육비 모아 떠난 10년간의 가족 여행기",<이지영> 저,서사원,전자책,9791170000000 ,가정/생활/요리,2023-03-10
10146,0~6세 똑소리나는 놀이백과,<이민주> 저,시대인,전자책,9791140000000 ,가정/생활/요리,2023-03-10
10147,너무 잘하려고 애쓰지 마라,<나태주> 저,열림원,전자책,9791170000000 ,시/에세이,2023-03-10
10148,피터 드러커 어떻게 경영할 것인가,<후지타 가쓰토시> 저/<나지윤> 역,비즈니스북스,전자책,9791160000000 ,경제경영,2023-03-10
10149,히스토리×메디슨 : 살리려는 자와 죽이려는 자를 둘러싼 숨막히는 약의 역사,<송은호> 저,카시오페아,전자책,9791170000000 ,인문/역사,2023-03-10
10150,50만 원으로 시작하는 돈 굴리기 기술 : 푼돈을 목독으로 만드는 월급쟁이 자동완성 포트폴리오,<쿼터백> 저,페이지2,전자책,9791190000000 ,경제경영,2023-03-10
10151,우주섬 사비의 기묘한 탄도학,<배명훈> 저,자이언트북스,전자책,9791190000000 ,소설,2023-03-10
10152,응급실의 소크라테스,<곽경훈> 저,포르체,전자책,9791190000000 ,시/에세이,2023-03-10
10153,"워킹푸어 가족의 가난 탈출기 : 청소 노동자, 퀵 서비스 기사, 오토바이 배달, 콜센터 직원, 식당·마트 노동자 등 3대 가족의 노동 이야기",<강은진> 저,작아진 둥지,전자책,9791200000000 ,정치/사회,2023-03-10
10154,비상식적 성공 법칙 : 부의 추월차선에 올라타는 가장 강력한 8가지 습관,<간다 마사노리> 저/<서승범> 역,생각지도,전자책,9791190000000 ,자기계발,2023-03-10
10155,"서른다섯, 늙는 기분 : “나에게 서른다섯은 또 다른 성장판이 열리는 중요한 시기다.”",<이소호> 저,웨일북,전자책,9791190000000 ,시/에세이,2023-03-10
10156,감성과 지성으로 일한다는 것 : 뉴노멀시대 비즈니스 전략,"< 야마구치 슈>,<미즈노 마나부> 저/<오인정>,<이연희> 역",마인더브,전자책,9791200000000 ,자기계발,2023-03-10
10157,우리 모두 메타버스 크리에이터 : 제페토 빌드잇 따라하기 가이드북,"<온은주>,<김현희> 저",영진닷컴,전자책,9788930000000 ,IT/프로그래밍,2023-03-10
10158,내가 나를 버린 날,<마츠무라 료야> 저/<권하영> 역,북플라자,전자책,9791190000000 ,소설,2023-03-10
10159,"거의 모든 전쟁의 역사 : 전쟁의 기원에서 미래의 전쟁까지, 한 권으로 읽는 전쟁의 세계사",<제러미 블랙> 저/<유나영> 역,서해문집,전자책,9791190000000 ,인문/역사,2023-03-10
10160,세상은 당신의 명령을 기다리고 있습니다,<네빌 고다드> 저/<이상민> 역,서른세개의계단,전자책,9789000000000 ,자기계발,2023-03-10
10161,말의 시나리오 : 어떤 말은 삶의 숨겨진 이야기를 들려준다,<김윤나> 저,카시오페아,전자책,9791170000000 ,자기계발,2023-03-10
10162,처음 읽는 맛의 세계사 : 맛에 숨겨진 흥미로운 인류 역사 이야기,<미야자키 마스카츠> 저/<오정화> 역,탐나는책,전자책,9791190000000 ,인문/역사,2023-03-10
10163,어른의 문해력 : 나도 쓱 읽고 싹 이해하면 바랄 게 없겠네,<김선영> 저,블랙피쉬,전자책,9788970000000 ,인문/역사,2023-03-10
10164,머니 테라피 : 기적의 돈 공부,<데보라 프라이스> 저,나비이펙트,전자책,9791200000000 ,자기계발,2023-03-10
10165,ETF 처음공부,<김성일>,이레미디어,전자책,9791190000000 ,경제경영,2023-03-10
10166,한박사의 아로마테라피 개론,<한주탁> 저,좋은땅,전자책,9791160000000 ,건강/의학,2023-03-10
10167,활용아로마테라피,"<이애란>,<현경화>,<조아랑>,<오영숙> 공저",광문각,전자책,9791190000000 ,건강/의학,2023-03-10
10168,누가 내 치즈를 옮겼을까 : 당신의 인생에서 일어나게 될 변화에 대응하는 확실한 방법,<스펜서 존슨> 저,진명출판사,전자책,9788980000000 ,자기계발,2023-03-10
10169,파는 것이 인간이다,<다니엘 핑크> 저/<김명철> 역,청림출판,전자책,9788940000000 ,경제경영,2023-03-10
10170,지혜,월레스 워틀스,생각의나무,전자책,9788960000000 ,자기계발,2023-03-10
10171,알고리즘을 키워주는 코딩학습법 [기본편],<송종훈> 저,유페이퍼,전자책,9791190000000 ,IT/프로그래밍,2023-03-10
10172,알고리즘을 키워주는 코딩학습법 [심화편],<송종훈> 저,유페이퍼,전자책,9791190000000 ,IT/프로그래밍,2023-03-10
10173,인생,<위화> 저/<백원담> 역,푸른숲,전자책,9791160000000 ,소설,2023-03-10
10174,내가 가장 좋아하는 살인 : Mystr 컬렉션 제77권,<앰브로스 비어스> 저,위즈덤커넥트,전자책,9791160000000 ,소설,2023-03-10
10175,IT 개발자의 거의 모든 것,<이병덕> 저,미래의창,전자책,9788960000000 ,경제경영,2023-03-10
10176,아메리카노 한잔으로 배우는 Node.js Express 기본편,<이진현> 저,유페이퍼,전자책,9791160000000 ,IT/프로그래밍,2023-03-10
10177,재앙의 거리,<엘러리 퀸> 저/<현재훈> 역,동서문화사,전자책,9788950000000 ,소설,2023-03-10
10178,네덜란드 구두의 비밀,<엘러리 퀸> 저/<박기반> 역,동서문화사,전자책,9788950000000 ,소설,2023-03-10
10179,로마 모자의 비밀,<앨러리 퀸> 저/<강영길> 역,동서문화사,전자책,9788950000000 ,소설,2023-03-10
10180,엘러리 퀸의 모험,엘러리 퀸 저/장백일 역,동서문화사,전자책,9788950000000 ,소설,2023-03-10
10181,편의점,"<유기농볼셰비키>,<류연웅>,<이아람>,<정세호>,<이산화> 공저",안전가옥,전자책,9791190000000 ,소설,2023-03-10
10182,IT용어 도감,<마쓰이 토시카츠> 저/<김기태> 역,성안당,전자책,9788930000000 ,IT/프로그래밍,2023-03-10
10183,축소주의자가 되기로 했다 : 자기 몫의 유연한 비건 지향 생활,<이보람> 저,카멜북스,전자책,9789000000000 ,시/에세이,2023-03-10
10184,비건 치즈 : 유제품을 사용하지 않는,<mariko> 저/<임지인> 역,보누스,전자책,9788960000000 ,가정/생활/요리,2023-03-10
10185,부동산 빅데이터 블록체인 프롭테크,<경정익> 저,(주)박영사,전자책,9791130000000 ,경제경영,2023-03-10
10186,아침이 달라지는 저녁 루틴의 힘 : 설레는 하루를 만드는 똑똑한 저녁 사용법,<류한빈> 저,동양북스(동양books),전자책,9791160000000 ,자기계발,2023-03-10
10187,부의 마스터키 : 슈퍼리치 황금의 문을 여는,<댄 록> 저/<서민주> 역,서영,전자책,9789000000000 ,경제경영,2023-03-10
10188,"지금 여기, 무탈한가요?",<오찬호> 저,북트리거,전자책,9791190000000 ,정치/사회,2023-03-10
10189,주식시장의 17가지 미신 : 왜 대다수의 투자자는 시장에서 돈을 잃는가,"<켄 피셔>,<라라 호프만스> 공저/<이건> 역/<박성진> 감수",페이지2,전자책,9791190000000 ,경제경영,2023-03-10
10190,오브젝트 : 코드로 이해하는 객체지향 설계,<조영호> 저,위키북스,전자책,9791160000000 ,IT/프로그래밍,2023-03-10
10191,그로스 해킹 : 데이터와 실험을 통해 성장하는 서비스를 만드는 방법,<양승화> 저,위키북스,전자책,9791160000000 ,경제경영,2023-03-10
10192,당신의 생각을 정리해드립니다,<복주환> 저,비즈니스북스,전자책,9791160000000 ,자기계발,2023-03-10
10193,"아무튼, 클래식",<김호경> 저,코난북스,전자책,9791160000000 ,시/에세이,2023-03-10
10194,초집중의 힘 : 최고의 공부를 위한 멘탈 트레이닝,<박세니> 저,알에이치코리아(RHK),전자책,9788930000000 ,자기계발,2023-03-10
10195,"Tucker의 Go 언어 프로그래밍 : Golang 입문부터 고급 기법까지, 재미있는 4가지 프로젝트와 함께",<공봉식> 저,골든래빗,전자책,9791200000000 ,IT/프로그래밍,2023-03-10
10196,그림으로 공부하는 IT 인프라 구조,"<야마자키 야스시>,<미나와 요시코>,<아제카츠 요헤이>,<사토 타카히코> 공저/<오다 케이지> 감수/<김완섭> 역",제이펍,전자책,9791190000000 ,IT/프로그래밍,2023-03-10
10197,자바 개발자를 위한 97가지 제안,"<케블린 헤니>,<트리샤 지> 공저/<장현희> 역",제이펍,전자책,9791190000000 ,IT/프로그래밍,2023-03-10
10198,C포자를 위한 본격 C 언어 프로그래밍,<허경용> 저,제이펍,전자책,9791190000000 ,IT/프로그래밍,2023-03-10
10199,우리들의 MBTI 2: 친구 관계,조수연,다산어린이,전자책,1130623424 ,아동,2023-03-10
10200,우리들의 MBTI.. 1: 성격 유형,조수연,다산어린이,전자책,1130639401 ,아동,2023-03-10
10201,슬기로운 지구 생활 1: 기후 행동,게리 베일리,다산어린이,전자책,1130688925 ,아동,2023-03-10
10202,슬기로운 지구 생활 2: 청정에너지,새런 테일러,다산어린이,전자책,1130688933 ,아동,2023-03-10
10203,슬기로운 지구 생활 3: 건강한 숲과 땅,새런 테일러,다산어린이,전자책,1130688941 ,아동,2023-03-10
10204,슬기로운 지구 생활 4: 숨 쉬는 바다,새런 테일러,다산어린이,전자책,113068895X,아동,2023-03-10
10205,슬기로운 지구 생활 5: 깨끗한 물,새런 테일러,다산어린이,전자책,1130688968 ,아동,2023-03-10
10206,입지 센스,훨훨(박성혜),다산북스,전자책,1130692078 ,경제경영,2023-03-10
10207,하쿠다 사진관,허태연,놀,전자책,1130692256 ,소설,2023-03-10
10208,럭키스트 걸 얼라이브,제시카 놀,놀,전자책,1130692361 ,소설,2023-03-10
10209,어린이를 위한 역사의 쓸모 1: 선사시대~남북국 시대,최태성,다산어린이,전자책,1130692663 ,아동,2023-03-10
10210,당신의 공부는 틀리지 않았다,사오TV,다산북스,전자책,1130692752 ,자기계발,2023-03-10
10211,하루 1문1답 영어 말하기의 기적: 기초편,SD어학연구소,시대인,전자책,1138325910 ,국어/외국어,2023-03-10
10212,하루 1문1답 영어 말하기의 기적: 확장편,SD어학연구소,시대인,전자책,1138325929 ,국어/외국어,2023-03-10
10213,0~6세 똑소리나는 놀이백과,이민주,시대인,전자책,1138326216 ,가정/생활/요리,2023-03-10
10214,똑똑한 자기주도 학습법,이영균,시대인,전자책,1138328014 ,가정/생활/요리,2023-03-10
10215,맥락 영어,노블저니,좋은땅,전자책,1138809608 ,국어/외국어,2023-03-10
10216,감정의 늪에서 빠져나오는 중입니다,다나카 요시코,현대지성,전자책,1139704958 ,자기계발,2023-03-10
10217,미식가를 위한 식물 사전,스쥔,현대지성,전자책,1139706640 ,과학/공학,2023-03-10
10218,현실 인테리어 10가지 법칙,다키모토 마나미,즐거운상상,전자책,1155361830 ,가정/생활/요리,2023-03-10
10219,의심하는 인간,박규철,추수밭,전자책,1155402057 ,인문/역사,2023-03-10
10220,용돈 받는 부자들,월터 안달,윌북주니어,전자책,1155814533 ,아동,2023-03-10
10221,오십부터 시작하는 나이 공부,루시 폴록,윌북,전자책,1155814975 ,인문/역사,2023-03-10
10222,잠자는 죽음을 깨워 길을 물었다,닐 올리버,윌북,전자책,1155814983 ,인문/역사,2023-03-10
10223,세상 쉬운 엄마표 영어,권료주,마음세상,전자책,1156364868 ,가정/생활/요리,2023-03-10
10224,가불 선진국,조국,메디치미디어,전자책,1157062563 ,정치/사회,2023-03-10
10225,"로커웨이, 이토록 멋진 일상",다이앤 카드웰,ㅁ(미음),전자책,1157062598 ,시/에세이,2023-03-10
10226,생각 하나 바꿨을 뿐인데,나이토 요시히토,아이템하우스,전자책,1157770002 ,자기계발,2023-03-10
10227,고양이 별,이용한,책읽는곰,전자책,115836069X,아동,2023-03-10
10228,인스타그램 브랜딩 레시피,김정은,위키북스,전자책,1158392958 ,경제경영,2023-03-10
10229,스프링 부트 핵심 가이드,장정우,위키북스,전자책,1158393083 ,IT/프로그래밍,2023-03-10
10230,핏블리의 다이어트 식단 전략집,핏블리(문석기),비타북스,전자책,1158463782 ,건강/의학,2023-03-10
10231,부를 재편하는 금융 대혁명,마리온 라부,미디어숲,전자책,1158741545 ,경제경영,2023-03-10
10232,나라면 나와 결혼할까?,후이,미디어숲,전자책,1158741596 ,시/에세이,2023-03-10
10233,미래의 부를 위한 투자 공부,신진상,미디어숲,전자책,115874160X,경제경영,2023-03-10
10234,메타버스 초보자가 가장 알고 싶은 최다질문 TOP 45,이승환,메이트북스,전자책,1160023751 ,경제경영,2023-03-10
10235,라이커빌리티,김현정,메이트북스,전자책,116002376X,자기계발,2023-03-10
10236,부동산의 속성,신얼,메이트북스,전자책,1160023786 ,경제경영,2023-03-10
10237,일회용 아내,세라 게일리,한스미디어,전자책,1160077673 ,소설,2023-03-10
10238,내 장난감 물어내!,탁정은,어린이작가정신,전자책,1160269432 ,아동,2023-03-10
10239,천 일의 눈맞춤,이승욱,한겨레출판사,전자책,1160407010 ,가정/생활/요리,2023-03-10
10240,크게 그린 사람,은유,한겨레출판사,전자책,116040822X,인문/역사,2023-03-10
10241,인류 본사,이희수,휴머니스트,전자책,1160805326 ,인문/역사,2023-03-10
10242,오늘부터 시작하는 탄소중립,권승문,휴머니스트,전자책,1160808325 ,청소년,2023-03-10
10243,전쟁은 일어나지 않는다는 착각,이진우,휴머니스트,전자책,1160808627 ,정치/사회,2023-03-10
10244,박시백의 고려사 2,박시백,휴머니스트,전자책,1160808767 ,인문/역사,2023-03-10
10245,고양이 샴푸,이상교,나무생각,전자책,1162181907 ,유아,2023-03-10
10246,에덴 컬처,요하네스 하르틀,나무생각,전자책,1162182075 ,정치/사회,2023-03-10
10247,콩이네 베란다 텃밭,김주현,나무생각,전자책,1162182091 ,아동,2023-03-10
10248,워런 버핏의 위대한 부자 수업,존 롱고,비즈니스북스,전자책,1162542721 ,경제경영,2023-03-10
10249,밥 프록터 부의 확신,밥 프록터,비즈니스북스,전자책,1162542861 ,자기계발,2023-03-10
10250,가끔은 이기적이어도 괜찮아,미셸 엘먼,비즈니스북스,전자책,1162542888 ,자기계발,2023-03-10
10251,류,히가시야마 아키라,해피북스투유,전자책,1164796887 ,소설,2023-03-10
10252,공감하는 유전자,요아힘 바우어,매일경제신문사,전자책,1164844210 ,인문/역사,2023-03-10
10253,나의 모든 밤은 너에게로 흐른다,제딧,쌤앤파커스,전자책,1165340542 ,시/에세이,2023-03-10
10254,구구 아저씨,김은주,팩토리나인,전자책,1165345579 ,소설,2023-03-10
10255,티나의 종이집,김개미,천개의바람,전자책,1165731894 ,아동,2023-03-10
10256,마음버스,김유,천개의바람,전자책,1165732254 ,유아,2023-03-10
10257,130층 나무 집,앤디 그리피스,시공주니어,전자책,1165794810 ,아동,2023-03-10
10258,143층 나무 집,앤디 그리피스,시공주니어,전자책,1165799057 ,아동,2023-03-10
10259,누가 선택을 강요하는가?,고동연,시공아트,전자책,1165799448 ,예술/대중문화,2023-03-10
10260,빵이 되고 싶은 토끼,마루야마 나오,스푼북,전자책,1165810182 ,유아,2023-03-10
10261,겨울에 만나는 봄,김지인,북극곰,전자책,1165881500 ,유아,2023-03-10
10262,하루 10분 영어 필사 인생의 한 줄,조이스박,로그인,전자책,1166376893 ,국어/외국어,2023-03-10
10263,썸 탈 때 바로 써먹는 심리학,안은성,센시오,전자책,1166570673 ,자기계발,2023-03-10
10264,박상미의 가족 상담소,박상미,특별한서재,전자책,1167030532 ,자기계발,2023-03-10
10265,오늘 한 끼 어떠셨나요?,이우석,꿈의지도,전자책,1167620232 ,여행/취미,2023-03-10
10266,우리는 책의 파도에 몸을 맡긴 채,김영건,어크로스,전자책,1167740475 ,시/에세이,2023-03-10
10267,인터넷 때문에,그레천 매컬러,어크로스,전자책,1167740505 ,인문/역사,2023-03-10
10268,때로는 행복 대신 불행을 택하기도 한다,김진명,이타북스,전자책,1167763203 ,시/에세이,2023-03-10
10269,우리는 숲으로 여행 간다,안윤정,상상출판,전자책,1167820657 ,여행/취미,2023-03-10
10270,타이틀이 필요할까,장재인,상상출판,전자책,1167820746 ,시/에세이,2023-03-10
10271,토깽이네 지구 구출 대작전 2: 음식물 쓰레기에서 지구를 구하라,토깽이네,위즈덤하우스,전자책,1168120144 ,아동,2023-03-10
10272,토깽이네 지구 구출 대작전 3: 거대 괴물로부터 바다를 구하라!,토깽이네 (원작),위즈덤하우스,전자책,1168122244 ,아동,2023-03-10
10273,억울한 이유가 있어서 멸종했습니다,마루야마 다카시,위즈덤하우스,전자책,1168123119 ,아동,2023-03-10
10274,우리는 투기의 민족입니다,이한,위즈덤하우스,전자책,116812350X,인문/역사,2023-03-10
10275,로열 패밀리,정유경,위즈덤하우스,전자책,1168123550 ,인문/역사,2023-03-10
10276,에이블,김현준,위즈덤하우스,전자책,1168123895 ,경제경영,2023-03-10
10277,당신에게 필요한 색다른 하루,김규리,서사원,전자책,1168220815 ,인문/역사,2023-03-10
10278,운의 시그널,막스 귄터,카시오페아,전자책,1168270316 ,자기계발,2023-03-10
10279,100세 건강 주권,마키타 젠지,카시오페아,전자책,1168270413 ,건강/의학,2023-03-10
10280,열두 살 경제학교,권오상,카시오페아,전자책,1168270553 ,아동,2023-03-10
10281,엄마의 첫 공부,홍순범,카시오페아,전자책,1168270626 ,가정/생활/요리,2023-03-10
10282,바디사운드,이윤석,플랜비디자인,전자책,1168320062 ,자기계발,2023-03-10
10283,숫자로 일하는 법,노현태,인플루엔셜,전자책,1168340470 ,자기계발,2023-03-10
10284,외로움을 마주하는 자세,이수아,미다스북스,전자책,1169100503 ,시/에세이,2023-03-10
10285,혼자 해도 프로 작가처럼 잘 그리는 아이패드 드로잉 with 프로크리에이트,빨간고래(박정아),한빛미디어,전자책,1169210007 ,IT/프로그래밍,2023-03-10
10286,"스토리, 꼭 그래야 할까?",양혜석,시공아트,전자책,1169250505 ,예술/대중문화,2023-03-10
10287,예민함이라는 선물,이미로,온워드,전자책,1169372376 ,인문/역사,2023-03-10
10288,대전환,바츨라프 스밀,처음북스,전자책,1170222447 ,인문/역사,2023-03-10
10289,너무 잘하려고 애쓰지 마라,나태주,열림원,전자책,1170400604 ,시/에세이,2023-03-10
10290,지구 속 여행,쥘 베른,열림원,전자책,117040099X,소설,2023-03-10
10291,나의 마지막 영어공부,박소운,원앤원북스,전자책,1170433243 ,자기계발,2023-03-10
10292,인천 부동산의 미래,스마트튜브(김학렬),원앤원북스,전자책,117043326X,경제경영,2023-03-10
10293,일의 원칙,류랑도,트로이목마,전자책,1187440965 ,자기계발,2023-03-10
10294,비상식적 성공 법칙,간다 마사노리,생각지도,전자책,1187875236 ,자기계발,2023-03-10
10295,인생을 바꾸는 잠들기 전 15분 노트,요코카와 히로유키,프롬북스,전자책,1188167650 ,자기계발,2023-03-10
10296,2년 만에 비행기 모드 버튼을 눌렀다,정재이,더라인북스,전자책,118840329X,시/에세이,2023-03-10
10297,따뜻한 무의식,이무석,미류책방,전자책,1188632051 ,가정/생활/요리,2023-03-10
10298,잡학사전 통조림,엔사이클로넷,사람과나무사이,전자책,1188635689 ,인문/역사,2023-03-10
10299,나도 세금 내는 아이가 될래요!,옥효진,청림라이프,전자책,1188700995 ,아동,2023-03-10
10300,시의 역사,존 캐리,소소의책,전자책,1188941852 ,인문/역사,2023-03-10
10301,지극히 사적인 러시아,벨랴코프 일리야,틈새책방,전자책,1188949411 ,인문/역사,2023-03-10
10302,작곡독학 가이드북,박주언,1458music,전자책,118959806X,예술/대중문화,2023-03-10
10303,오탐정의 확진자 추적 사건,공수경,책과콩나무,전자책,1189734575 ,아동,2023-03-10
10304,나는 노후에 가난하지 않기로 결심했다,서대리,세이지,전자책,1189797151 ,경제경영,2023-03-10
10305,살면서 꼭 한 번은 목민심서,임성훈,다른상상,전자책,1190312646 ,자기계발,2023-03-10
10306,마음을 업데이트할 시간입니다,남궁원,모모북스,전자책,1190408252 ,시/에세이,2023-03-10
10307,초등 공부 습관 바이블,하유정,한빛라이프,전자책,1190846438 ,가정/생활/요리,2023-03-10
10308,어느 맑은 날 약속이 취소되는 기쁨에 대하여,하현,비에이블,전자책,1190931516 ,시/에세이,2023-03-10
10309,가족이라는 착각,이호선,유노라이프,전자책,1191104443 ,인문/역사,2023-03-10
10310,온난한 날들,윤이안,안전가옥,전자책,1191193578 ,소설,2023-03-10
10311,프로파일러는 어때?,고준채,토크쇼,전자책,1191299457 ,아동,2023-03-10
10312,웹툰작가는 어때?,손영완,토크쇼,전자책,1191299465 ,아동,2023-03-10
10313,ETF 처음공부,김성일,이레미디어,전자책,1191328511 ,경제경영,2023-03-10
10314,과학으로 생각하기,임두원,포레스트북스,전자책,1191347826 ,과학/공학,2023-03-10
10315,사야 할 집 팔아야 할 집,채상욱,포레스트북스,전자책,1191347877 ,경제경영,2023-03-10
10316,박제영의 종목선정 절대원칙 37,박제영,포레스트북스,전자책,1191347915 ,경제경영,2023-03-10
10317,예쁘게 말하는 네가 좋다,김범준,포레스트북스,전자책,119134794X,자기계발,2023-03-10
10318,우리는 어디서 살아야 하는가,김시덕,포레스트북스,전자책,1191347974 ,경제경영,2023-03-10
10319,솔직히 회계 1도 모르겠습니다,고야마 아키히로,포레스트북스,전자책,1191347990 ,경제경영,2023-03-10
10320,스스로 잘 자는 아기를 위한 스르륵 수면교육,범은경,더블엔,전자책,1191382109 ,가정/생활/요리,2023-03-10
10321,30년 뒤 딸에게 보내는 편지,김여나(퀸스드림),더블엔,전자책,119138215X,시/에세이,2023-03-10
10322,최강의 멘탈 관리,킴벌리 페이스,포르체,전자책,1191393844 ,자기계발,2023-03-10
10323,최고의 조직,김성준,포르체,전자책,1191393879 ,경제경영,2023-03-10
10324,100단어로 읽는 중세 이야기,김동섭,책과함께,전자책,1191432750 ,인문/역사,2023-03-10
10325,여행을 바꾸는 여행 트렌드,김다영,미래의창,전자책,1191464970 ,경제경영,2023-03-10
10326,걷는 것을 멈추지만 않는다면,이혜림,허들링북스,전자책,119150512X,시/에세이,2023-03-10
10327,나를 찾는 시간,유창선,새빛,전자책,1191517195 ,자기계발,2023-03-10
10328,대한민국 위기와 기회의 시간,선대인,지와인,전자책,119152115X,경제경영,2023-03-10
10329,내 남친은 길냥이,조아라,M&Kids,전자책,1191527395 ,아동,2023-03-10
10330,토깽이네 지구 구출 대작전 1: 사라져 가는 숲을 구하라,토깽이네 (원작),위즈덤하우스,전자책,119158321X,아동,2023-03-10
10331,로지의 움직이는 찻집,레베카 레이즌,황금시간,전자책,1191602133 ,소설,2023-03-10
10332,변호사의 글쓰기 습관,문혜정,좋은습관연구소,전자책,1191636321 ,자기계발,2023-03-10
10333,그때그때 가볍게 산다,장성숙,새벽세시,전자책,1191731197 ,자기계발,2023-03-10
10334,나를 내려놓으니 내가 좋아졌다,네모토 히로유키,밀리언서재,전자책,1191777197 ,자기계발,2023-03-10
10335,각별한 당신,김종철,도서출판 사이드웨이,전자책,1191998061 ,인문/역사,2023-03-10
10336,식량위기 대한민국,남재작,웨일북(whalebooks),전자책,1192097238 ,정치/사회,2023-03-10
10337,R의 공포가 온다,김효신,트러스트북스,전자책,119221854X,경제경영,2023-03-10
10338,브랜드 마케터로 일하고 있습니다,레드펭귄,천그루숲,전자책,1192227816 ,경제경영,2023-03-10
10339,40일간의 산업일주,남혁진,어바웃어북,전자책,1192229088 ,경제경영,2023-03-10
10340,디지털 권리장전,최재윤,어바웃어북,전자책,119222910X,경제경영,2023-03-10
10341,오늘도 밑줄을 긋습니다,신혜원,강한별,전자책,119223703X,시/에세이,2023-03-10
10342,예민한 너를 위한 까칠한 심리학,조우관,유노북스,전자책,1192300114 ,인문/역사,2023-03-10
10343,말하기 전에 생각했나요?,권민창,떠오름,전자책,119237200X,자기계발,2023-03-10
10344,저 별은 모두 당신을 위해 빛나고 있다,손힘찬(오가타 마리토),떠오름,전자책,1192372034 ,시/에세이,2023-03-10
10345,초고속 성장,한성곤(곤팀장),떠오름,전자책,1192372182 ,자기계발,2023-03-10
10346,탁월함의 그릇,조현우,떠오름,전자책,1192372204 ,자기계발,2023-03-10
10347,우리의 인생에는 그림이 필요하다,이서영,SISO,전자책,1192377117 ,예술/대중문화,2023-03-10
10348,어쩌면 나도 무례한 사람일까,헨리에테 쿠르트,필름(Feelm),전자책,1192403053 ,인문/역사,2023-03-10
10349,"여기는 커스터드, 특별한 도시락을 팝니다",가토 겐,필름(Feelm),전자책,119240307X,소설,2023-03-10
10350,무엇이 최고의 조직을 만드는가,한근태,미래의창,전자책,1192519027 ,경제경영,2023-03-10
10351,사진으로 만나는 피렌체,최순원,솔깃미디어,전자책,1196743037 ,예술/대중문화,2023-03-10
10352,엉망으로 살자,노선경,떠오름,전자책,1197080864 ,시/에세이,2023-03-10
10353,고독한 놀거리 마스터,이종구,모던스튜디오,전자책,1197359222 ,자기계발,2023-03-10
10354,인문학 쫌 아는 어른이 되고 싶어,조이엘,섬타임즈,전자책,119740421X,인문/역사,2023-03-10
10355,최재붕의 메타버스 이야기,최재붕,북인어박스,전자책,1197617027 ,경제경영,2023-03-10
10356,뉴욕 정신과 의사의 사람 도서관,나종호,아몬드,전자책,1197689281 ,인문/역사,2023-03-10
10357,기후 1.5℃ 미룰 수 없는 오늘,박상욱,초사흘달,전자책,1197739726 ,정치/사회,2023-03-10
10358,우리들의 비밀 클럽,유순희,그린애플,전자책,1197771441 ,아동,2023-03-10
10359,"걱정방, 팔로우했습니다",최은영,그린애플,전자책,1197771476 ,아동,2023-03-10
10360,나는 아끼는 대신 더 벌기로 했다,율마(오애진),경이로움,전자책,1197772847 ,경제경영,2023-03-10
10361,어느 날 유리멘탈 개복치로 판정받았다,태지원,크레타,전자책,1197784241 ,시/에세이,2023-03-10
10362,삶이 허기질 때 나는 교양을 읽는다,지식브런치,서스테인,전자책,1197825908 ,인문/역사,2023-03-10
10363,오늘도 취향을 요리합니다,박미셸,서스테인,전자책,1197825991 ,시/에세이,2023-03-10
10364,초역 소크라테스의 말,이채윤,읽고싶은책,전자책,1197856900 ,인문/역사,2023-03-10
10365,나는 관계가 어려운 사람입니다,김민경,언더라인,전자책,1197860126 ,인문/역사,2023-03-10
10366,사라진 숲의 아이들,손보미,안온북스,전자책,119787304X,소설,2023-03-10
10367,특별한 아이에서 평범한 아이로,권현정,캥거루북스,전자책,1197897801 ,인문/역사,2023-03-10
10368,말은 딱 깔끔하고 센스 있게,가키우치 다카후미,갤리온,전자책,890126109X,자기계발,2023-03-10
10369,나를 돌파하는 힘,윤석금,리더스북,전자책,8901261189 ,경제경영,2023-03-10
10370,감정이라는 세계,레온 빈트샤이트,웅진지식하우스,전자책,8901262487 ,인문/역사,2023-03-10
10371,나는 무조건 한 번에 합격한다,이형재,웅진지식하우스,전자책,8901262517 ,자기계발,2023-03-10
10372,계속 가봅시다 남는 게 체력인데,정김경숙,웅진지식하우스,전자책,8901262541 ,자기계발,2023-03-10
10373,작고 똑똑한 심리책,야나 니키틴,웅진지식하우스,전자책,8901262657 ,인문/역사,2023-03-10
10374,임진왜란 1592,KBS 〈임진왜란 1592〉 제작팀,웅진지식하우스,전자책,8901262819 ,인문/역사,2023-03-10
10375,자꾸 잘못된 선택을 하는 사람을 위한 결정의 기술,필립 마이스너,갤리온,전자책,8901262908 ,자기계발,2023-03-10
10376,비터스위트,수전 케인,알에이치코리아,전자책,8925577984 ,인문/역사,2023-03-10
10377,새들이 모조리 사라진다면,리처드 파워스,알에이치코리아,전자책,8925578425 ,소설,2023-03-10
10378,지구에서 잘 놀다 가는 70가지 방법,로버트 풀검,알에이치코리아,전자책,892557876X,시/에세이,2023-03-10
10379,맨처음 토익 LC 실력편,다락원 토익연구소,다락원,전자책,892778023X,국어/외국어,2023-03-10
10380,맨처음 토익 RC 실력편,다락원 토익연구소,다락원,전자책,8927780248 ,국어/외국어,2023-03-10
10381,요즘 팀장은 이렇게 일합니다,백종화,중앙북스,전자책,8927812395 ,자기계발,2023-03-10
10382,무조건 돈 버는 카카오 이모티콘 만들기,김나무,중앙북스,전자책,8927813049 ,IT/프로그래밍,2023-03-10
10383,마법의 비행,리처드 도킨스,을유문화사,전자책,8932474729 ,과학/공학,2023-03-10
10384,헤어질 결심 각본,정서경,을유문화사,전자책,8932474753 ,예술/대중문화,2023-03-10
10385,히어로 코드,윌리엄 H. 맥레이븐,열린책들,전자책,8932922624 ,자기계발,2023-03-10
10386,"수학 잘하는 아이, 수학도 잘하는 아이",오선영,한국경제신문,전자책,8947548197 ,가정/생활/요리,2023-03-10
10387,5000일 후의 세계,케빈 켈리,한국경제신문,전자책,8947548294 ,경제경영,2023-03-10
10388,자취의 맛,자취남(정성권),21세기북스,전자책,8950902958 ,시/에세이,2023-03-10
10389,"참을 수 없이 불안할 때, 에리히 프롬",박찬국,21세기북스,전자책,8950902966 ,인문/역사,2023-03-10
10390,긴축의 시대,김광석,21세기북스,전자책,8950902974 ,경제경영,2023-03-10
10391,일을 지배하는 기술,최형렬,21세기북스,전자책,8950912880 ,자기계발,2023-03-10
10392,78층 나무 집,앤디 그리피스,시공주니어,전자책,8952784936 ,아동,2023-03-10
10393,91층 나무 집,앤디 그리피스,시공주니어,전자책,8952786475 ,아동,2023-03-10
10394,친밀한 이방인,정한아,문학동네,전자책,8954648525 ,소설,2023-03-10
10395,다섯번째 산,파울로 코엘료,문학동네,전자책,8954687482 ,소설,2023-03-10
10396,믿음에 대하여,박상영,문학동네,전자책,8954699804 ,소설,2023-03-10
10397,"선생님, 저랑 상담할래요?",전경남,그린북,전자책,8955883862 ,아동,2023-03-10
10398,나도 책이 좋아,오미경,위즈덤하우스,전자책,8962473216 ,아동,2023-03-10
10399,그래서 우리는 달에 간다,곽재식,동아시아,전자책,8962624427 ,과학/공학,2023-03-10
10400,지방시대,강영환,선,전자책,8963120139 ,정치/사회,2023-03-10
10401,완전 범죄 추리 게임,개러스 무어,비전코리아,전자책,8963221911 ,자기계발,2023-03-10
10402,수런수런 숲 이야기,고데마리 루이,양철북,전자책,8963724034 ,아동,2023-03-10
10403,한 컷 한국사,조한경,해냄에듀,전자책,8964462017 ,청소년,2023-03-10
10404,STEAM 초등 과학 실험 캠프,조건호,바이킹,전자책,8964945395 ,아동,2023-03-10
10405,웹툰 스토리 만들기 대작전,이지,바이킹,전자책,8964945492 ,아동,2023-03-10
10406,다 팔아버리는 백억짜리 카피 대전,오하시 가즈요시,보누스,전자책,8964945557 ,경제경영,2023-03-10
10407,"유럽도시기행 2: 빈, 부다페스트, 프라하, 드레스덴 편",유시민,생각의길,전자책,8965137705 ,인문/역사,2023-03-10
10408,내가 된다는 것,아닐 세스,흐름출판,전자책,8965965160 ,과학/공학,2023-03-10
10409,비로소 이해되는 치매의 세계,가케이 유스케,에디터,전자책,8967442432 ,건강/의학,2023-03-10
10410,속이 뻥 뚫리는 친구 고민 상담소,김민화,개암나무,전자책,8968306958 ,아동,2023-03-10
10411,어른의 문해력,김선영,블랙피쉬,전자책,8968333769 ,인문/역사,2023-03-10
10412,글로스터의 홈가드닝 이야기,글로스터,미디어샘,전자책,8968572135 ,여행/취미,2023-03-10
10413,호감 가는 말투에는 비밀이 있다,장신웨,리드리드출판,전자책,8972773646 ,자기계발,2023-03-10
10414,세상을 바꾼 엉뚱한 세금 이야기,오무라 오지로,리드리드출판,전자책,8972773654 ,경제경영,2023-03-10
10415,수상한 목욕탕,마쓰오 유미,문예춘추사,전자책,8976045246 ,소설,2023-03-10
10416,달팽이 학교,이정록,바우솔,전자책,8983897112 ,유아,2023-03-10
10417,코끼리 놀이터,서석영,바우솔,전자책,898389976X,유아,2023-03-10
10418,소원 코딱지를 드릴게요,이승민,바우솔,전자책,8983899794 ,아동,2023-03-10
10419,최종 경고: 6도의 멸종,마크 라이너스,세종서적,전자책,8984079715 ,과학/공학,2023-03-10
10420,사이언스 쿠킹,스튜어트 페리몬드,시그마북스,전자책,8984459186 ,가정/생활/요리,2023-03-10
10421,망원동 브라더스,김호연,나무옆의자,전자책,8997962124 ,소설,2023-03-10
10422,이상한 아이스크림 가게,장지혜,니케주니어,전자책,8998062372 ,아동,2023-03-10
10423,와인 좋아하세요?,정아영,카멜북스,전자책,8998599996 ,가정/생활/요리,2023-03-10
10424,당신은 생각보다 멘탈이 강한 사람입니다,박세니,다산북스,전자책,9791130000000 ,시/에세이,2023-03-10
10425,롱 게임,도리 클라크,다산북스,전자책,1130691993 ,자기계발,2023-03-10
10426,백만 번의 상상,김지윤,다산북스,전자책,1130692094 ,자기계발,2023-03-10
10427,킬러 씽킹,박성연,브라이트,전자책,1130692582 ,경제경영,2023-03-10
10428,미궁,나카무라 후미노리,놀,전자책,1130692736 ,소설,2023-03-10
10429,인간관계가 힘들어서 퇴사했습니다,안나,놀,전자책,1130692795 ,자기계발,2023-03-10
10430,대출의 마법,김은진,다산북스,전자책,1130692949 ,경제경영,2023-03-10
10431,인간 본성 불패의 법칙,로런 노드그런,다산북스,전자책,9791130000000 ,경제경영,2023-03-10
10432,30개 도시로 읽는 미국사,김봉중,다산초당,전자책,9791130000000 ,인문/역사,2023-03-10
10433,작은 땅의 야수들,김주혜,다산책방,전자책,1130693929 ,소설,2023-03-10
10434,조셉 머피 부의 초월자,조셉 머피,다산북스,전자책,9791130000000 ,자기계발,2023-03-10
10435,외사랑,히가시노 게이고,소미미디어,전자책,9791140000000 ,소설,2023-03-10
10436,초대받지 않은 형제들,아민 말루프,소미미디어,전자책,9791140000000 ,소설,2023-03-10
10437,믹스(MIX),안성은(Brand Boy),더퀘스트,전자책,1140700995 ,경제경영,2023-03-10
10438,보이는 수학책,박만구,추수밭,전자책,1155402073 ,과학/공학,2023-03-10
10439,뛰는 사람,베른트 하인리히,윌북,전자책,1155814827 ,과학/공학,2023-03-10
10440,세계사 만물관,피에르 싱가라벨루 (엮음),윌북,전자책,1155815092 ,인문/역사,2023-03-10
10441,7가지 코드,닐 메타,윌북,전자책,1155815149 ,경제경영,2023-03-10
10442,딜레마 사전,안젤라 애커만,윌북,전자책,1155815165 ,인문/역사,2023-03-10
10443,기빙 파워,매슈 바전,윌북,전자책,1155815351 ,경제경영,2023-03-10
10444,컬러의 방,폴 심프슨,윌북,전자책,9791160000000 ,예술/대중문화,2023-03-10
10445,네이티브 영어회화사전,Keith Milling,제이플러스,전자책,없음,국어/외국어,2023-03-10
10446,매일을 헤엄치는 법,이연,푸른숲,전자책,1156759722 ,시/에세이,2023-03-10
10447,30일의 밤,블레이크 크라우치,푸른숲,전자책,9791160000000 ,소설,2023-03-10
10448,계속 가보겠습니다,임은정,메디치미디어,전자책,1157062644 ,정치/사회,2023-03-10
10449,좋은 불평등,최병천,메디치미디어,전자책,9791160000000 ,경제경영,2023-03-10
10450,살인자의 쇼핑목록,강지영,네오픽션,전자책,1157403395 ,소설,2023-03-10
10451,난중일기,이순신,스타북스,전자책,1157956572 ,인문/역사,2023-03-10
10452,지와 사랑,헤르만 헤세,브라운힐,전자책,E978897381035,소설,2023-03-10
10453,너 자신의 이유로 살라,루크 버기스,토네이도,전자책,115851123X,자기계발,2023-03-10
10454,부의 치트키,김성공,토네이도,전자책,9791160000000 ,자기계발,2023-03-10
10455,신녀성의 레미장센,안상아(신녀성),토네이도,전자책,1158512449 ,자기계발,2023-03-10
10456,&apos;한 번 더&apos;의 힘,에드 마일렛,토네이도,전자책,9791160000000 ,자기계발,2023-03-10
10457,기억력 천재 게으른 뇌를 깨워라,개러스 무어,미디어숲,전자책,115874157X,자기계발,2023-03-10
10458,집중력 천재 잠자는 뇌를 깨워라,개러스 무어,미디어숲,전자책,1158741618 ,자기계발,2023-03-10
10459,"반짝이는 하루, 그게 오늘이야",레슬리 마샹,미디어숲,전자책,9791160000000 ,자기계발,2023-03-10
10460,조금 서툴더라도 네 인생을 응원해,자회독서회,미디어숲,전자책,9791160000000 ,시/에세이,2023-03-10
10461,"다가올 미래, 부의 흐름",곽수종,메이트북스,전자책,9791160000000 ,경제경영,2023-03-10
10462,딱 1분만 읽어봐,1분만,메이트북스,전자책,9791160000000 ,인문/역사,2023-03-10
10463,3년 후 부의 흐름이 보이는 경제지표 정독법: 거시경제의 거장 김영익이 미래를 읽는 법,김영익,한스미디어,전자책,1160078416 ,경제경영,2023-03-10
10464,냉정과 열정 사이(Rosso)(리커버),에쿠니 가오리,소담출판사,전자책,9791160000000 ,소설,2023-03-10
10465,언젠가 기억에서 사라진다 해도,에쿠니 가오리,소담출판사,전자책,9791160000000 ,소설,2023-03-10
10466,혼자서 종이우산을 쓰고 가다,에쿠니 가오리,소담출판사,전자책,9791160000000 ,소설,2023-03-10
10467,그 영화의 뒷모습이 좋다,주성철,씨네21북스,전자책,1160405123 ,예술/대중문화,2023-03-10
10468,내밀 예찬,김지선,한겨레출판사,전자책,1160408289 ,시/에세이,2023-03-10
10469,소비단식 일기,서박하,휴머니스트,전자책,1160808546 ,시/에세이,2023-03-10
10470,금요일엔 시골집으로 퇴근합니다,김미리,휴머니스트,전자책,9791160000000 ,시/에세이,2023-03-10
10471,결혼,알베르 카뮈,휴머니스트,전자책,9791160000000 ,시/에세이,2023-03-10
10472,지적 대화를 위한 교양인의 기호학,폴 코블리,팬덤북스,전자책,1161692150 ,인문/역사,2023-03-10
10473,수상한 초콜릿 가게,김예은,서랍의날씨,전자책,9791160000000 ,소설,2023-03-10
10474,영혼들의 지혜,앤 클라크,나무생각,전자책,116218213X,인문/역사,2023-03-10
10475,플럭스,에이프럴 리니,나무생각,전자책,9791160000000 ,자기계발,2023-03-10
10476,반드시 끝내는 힘,아옐릿 피시배크,비즈니스북스,전자책,1162542926 ,자기계발,2023-03-10
10477,위로의 책,매트 헤이그,비즈니스북스,전자책,1162542969 ,시/에세이,2023-03-10
10478,돈의 신에게 배우는 머니 시크릿,김새해,비즈니스북스,전자책,1162542985 ,자기계발,2023-03-10
10479,모바일 미래보고서 2023,커넥팅랩,비즈니스북스,전자책,1162543000 ,경제경영,2023-03-10
10480,내 최고의 하루는 오늘부터 시작된다,브리애나 위스트,비즈니스북스,전자책,9791160000000 ,자기계발,2023-03-10
10481,세계미래보고서 2023,박영숙,비즈니스북스,전자책,9791160000000 ,경제경영,2023-03-10
10482,가장 빨리 10억 버는 기술,일레인 포펠트,비즈니스북스,전자책,9791160000000 ,경제경영,2023-03-10
10483,지금 나에게 모든 것을 걸어라,앤 하이엇,비즈니스북스,전자책,9791160000000 ,자기계발,2023-03-10
10484,말괄량이 사이코패스(리커버),기윤슬,고즈넉이엔티,전자책,9791160000000 ,소설,2023-03-10
10485,해빙 잇 올,존 아사라프,부커,전자책,9791160000000 ,자기계발,2023-03-10
10486,사라진 여자들,메리 쿠비카,해피북스투유,전자책,9791160000000 ,소설,2023-03-10
10487,철수 삼촌,김남윤,팩토리나인,전자책,1165343754 ,소설,2023-03-10
10488,기괴한 레스토랑. 1: 정원사의 선물,김민정,팩토리나인,전자책,1165344092 ,소설,2023-03-10
10489,바람난 의사와 미친 이웃들,니나 리케,팩토리나인,전자책,1165344181 ,소설,2023-03-10
10490,우는 법을 잃어버린 당신에게,김영아,쌤앤파커스,전자책,1165344505 ,인문/역사,2023-03-10
10491,기괴한 레스토랑 3: 결전의 날,김민정,팩토리나인,전자책,1165344653 ,소설,2023-03-10
10492,산덴 공장의 기적,김영순,쌤앤파커스,전자책,1165345315 ,경제경영,2023-03-10
10493,역량,임춘성,쌤앤파커스,전자책,1165345331 ,경제경영,2023-03-10
10494,나는 이렇게 세 딸을 하버드에 보냈다,심활경,쌤앤파커스,전자책,116534548X,가정/생활/요리,2023-03-10
10495,언어를 디자인하라,유영만,쌤앤파커스,전자책,9791170000000 ,자기계발,2023-03-10
10496,안개꽃 빌라의 탐식가들,장아결,팩토리나인,전자책,1165346281 ,소설,2023-03-10
10497,판다 베어,주노,팩토리나인,전자책,9791170000000 ,소설,2023-03-10
10498,부자의 서재에는 반드시 심리학 책이 놓여 있다,정인호,센시오,전자책,9791170000000 ,자기계발,2023-03-10
10499,여자들의 왕,정보라,아작,전자책,1166686809 ,소설,2023-03-10
10500,신인류가 몰려온다,이시형,특별한서재,전자책,1167030567 ,인문/역사,2023-03-10
10501,품격 있는 아내들의 남편 다루는 법,김민수,북스고,전자책,9791170000000 ,가정/생활/요리,2023-03-10
10502,알고 있다는 착각,질리언 테트,어크로스,전자책,1167740572 ,경제경영,2023-03-10
10503,주의력 연습,아미시 자,어크로스,전자책,9791170000000 ,인문/역사,2023-03-10
10504,세대 감각,바비 더피,어크로스,전자책,116774067X,정치/사회,2023-03-10
10505,역설계,론 프리드먼,어크로스,전자책,9791170000000 ,자기계발,2023-03-10
10506,감정와해기법,현진(김홍대),메이킹북스,전자책,1167911709 ,인문/역사,2023-03-10
10507,비전공자도 이해할 수 있는 AI 지식,박상길,반니,전자책,116796022X,과학/공학,2023-03-10
10508,"슬픔은 원샷, 매일이 맑음",김한솔,위즈덤하우스,전자책,1168122724 ,시/에세이,2023-03-10
10509,기적의 마인드파워 다이어트,조성희,위즈덤하우스,전자책,116812400X,건강/의학,2023-03-10
10510,내 일로 건너가는 법,김민철,위즈덤하우스,전자책,9791170000000 ,시/에세이,2023-03-10
10511,언리시,조용민,위즈덤하우스,전자책,9791170000000 ,자기계발,2023-03-10
10512,Z세대 트렌드 2023,대학내일20대연구소,위즈덤하우스,전자책,9791170000000 ,경제경영,2023-03-10
10513,읽는 생활,임진아,위즈덤하우스,전자책,9791170000000 ,시/에세이,2023-03-10
10514,내 아이를 바꾸는 위대한 질문 하브루타,민혜영(하브루타 민쌤),서사원,전자책,1168220785 ,가정/생활/요리,2023-03-10
10515,"마음이 흔들려서, 마흔인 걸 알았다",김선호,서사원,전자책,1168220912 ,인문/역사,2023-03-10
10516,더 해머,데이브 질크,서사원,전자책,1168220920 ,경제경영,2023-03-10
10517,엄마의 말 연습,윤지영,카시오페아,전자책,9791170000000 ,가정/생활/요리,2023-03-10
10518,파친코 1,이민진,인플루엔셜,전자책,1168340519 ,소설,2023-03-10
10519,파친코 2,이민진,인플루엔셜,전자책,1168340543 ,소설,2023-03-10
10520,"어서 오세요, 이야기 수학 클럽에",김민형,인플루엔셜,전자책,1168340551 ,청소년,2023-03-10
10521,"한 권으로 끝내는 무역영어, 이메일영어, 계약영어",조상무,북랩,전자책,1168363950 ,국어/외국어,2023-03-10
10522,보통 일베들의 시대,김학준,오월의봄,전자책,1168730252 ,정치/사회,2023-03-10
10523,빌리프(Belief),권미래,미다스북스,전자책,9791170000000 ,자기계발,2023-03-10
10524,환율 비밀 노트,최재영,시공사,전자책,9791170000000 ,경제경영,2023-03-10
10525,나 이대로 괜찮은 걸까,권아혜,시공사,전자책,9791170000000 ,인문/역사,2023-03-10
10526,세븐 퀘스천,닉 해터,온워드,전자책,9791170000000 ,자기계발,2023-03-10
10527,이상하고 아름다운 나의 N잡 일지,서메리,티라미수 더북,전자책,9791170000000 ,자기계발,2023-03-10
10528,책과 우연들,김초엽,열림원,전자책,9791170000000 ,시/에세이,2023-03-10
10529,기적의 영어 발음공식,강철,라의눈,전자책,118603999X,국어/외국어,2023-03-10
10530,통찰의 시간,신수정,알투스,전자책,9791190000000 ,자기계발,2023-03-10
10531,새로운 언어를 위해서 쓴다,정희진,교양인,전자책,1187064890 ,인문/역사,2023-03-10
10532,"아무튼, 아이돌",윤혜은,제철소,전자책,9791160000000 ,시/에세이,2023-03-10
10533,가능한 불가능,신은혜,제철소,전자책,9791160000000 ,시/에세이,2023-03-10
10534,역사를 재미난 이야기로 만든 사람들에 대한 역사책,정기문,책과함께,전자책,9791190000000 ,인문/역사,2023-03-10
10535,2040 미래 예측,나루케 마코토,빈티지하우스,전자책,9791190000000 ,경제경영,2023-03-10
10536,광화문 괴담,박종인,와이즈맵,전자책,9791190000000 ,인문/역사,2023-03-10
10537,치앙마이 홀리데이(2023~2024),박애진,꿈의지도,전자책,9791170000000 ,여행/취미,2023-03-10
10538,비웃는 숙녀 두 사람,나카야마 시치리,블루홀식스(블루홀6),전자책,1189571722 ,소설,2023-03-10
10539,전망탑의 라푼젤,우사미 마코토,블루홀식스(블루홀6),전자책,9791190000000 ,소설,2023-03-10
10540,이 책은 돈 버는 법에 관한 이야기,고명환,라곰,전자책,없음,경제경영,2023-03-10
10541,내가 행복한 이유,그렉 이건,허블,전자책,1190090678 ,소설,2023-03-10
10542,네가 세계의 마지막 소년이라면,알렉산더 케이,허블,전자책,9791190000000 ,소설,2023-03-10
10543,계산된 삶,앤 차녹,허블,전자책,9791190000000 ,소설,2023-03-10
10544,7번째 여름이 남긴 기적,나타엘 트라프,북플라자,전자책,1190157721 ,소설,2023-03-10
10545,기묘한 괴담하우스,사와무라 이치,북플라자,전자책,1190157748 ,소설,2023-03-10
10546,종이학 살인사건,치넨 미키토,북플라자,전자책,9791190000000 ,소설,2023-03-10
10547,형사의 분노,야쿠마루 가쿠,북플라자,전자책,9791190000000 ,소설,2023-03-10
10548,마이 샐린저 이어,조애나 라코프,잔,전자책,9791190000000 ,소설,2023-03-10
10549,어떻게 삶을 이어갈 것인가,교황 프란치스코,다돌책방,전자책,9791190000000 ,시/에세이,2023-03-10
10550,나를 살게 하는 것들,김창옥,수오서재,전자책,1190382679 ,자기계발,2023-03-10
10551,맞짱,김경율,천년의상상,전자책,9791190000000 ,정치/사회,2023-03-10
10552,광개토태왕 담덕 1: 순풍과 역풍,엄광용,새움,전자책,1190473895 ,소설,2023-03-10
10553,광개토태왕 담덕 2: 천손신화,엄광용,새움,전자책,1190473909 ,소설,2023-03-10
10554,락다운,피터 메이,북레시피,전자책,9791190000000 ,소설,2023-03-10
10555,참 괜찮은 태도,박지현,메이븐,전자책,9791190000000 ,인문/역사,2023-03-10
10556,만일 내가 인생을 다시 산다면(10만 부 기념 스페셜 에디션),김혜남,메이븐,전자책,9791190000000 ,인문/역사,2023-03-10
10557,"나는, 경찰서로 출근합니다",어보경,지식인하우스,전자책,없음,시/에세이,2023-03-10
10558,계절의 위로,서은,지식인하우스,전자책,없음,시/에세이,2023-03-10
10559,리얼 국내여행(2022~2023년),배나영,한빛라이프,전자책,9791190000000 ,여행/취미,2023-03-10
10560,"영어뉴스 청취, 딱 하루치만",유지훈,투나미스,전자책,1190847442 ,국어/외국어,2023-03-10
10561,플레이 나이스 벗 윈,마이클 델,페이지2북스,전자책,9791190000000 ,경제경영,2023-03-10
10562,윌리엄 오닐 최고의 주식 최적의 타이밍 성공투자 스토리,에이미 스미스,페이지2북스,전자책,1190977729 ,경제경영,2023-03-10
10563,밥 프록터 생각의 시크릿,밥 프록터,페이지2북스,전자책,9791190000000 ,자기계발,2023-03-10
10564,그깟 취미가 절실해서,채반석,꿈꾸는인생,전자책,9791190000000 ,시/에세이,2023-03-10
10565,하마터면 아내로만 살 뻔했다,박서윤,유노라이프,전자책,9791190000000 ,인문/역사,2023-03-10
10566,이게 무슨 일이야,우아한형제들,북스톤,전자책,1191211681 ,자기계발,2023-03-10
10567,2023 트렌드 노트,이원희,북스톤,전자책,9791190000000 ,경제경영,2023-03-10
10568,지옥에서 보낸 7일,신정일,창해,전자책,9791190000000 ,소설,2023-03-10
10569,마이 폴리스맨,베선 로버츠,엘리,전자책,9791190000000 ,소설,2023-03-10
10570,인간들의 가장 은밀한 기억,모하메드 음부가르 사르,엘리,전자책,9791190000000 ,소설,2023-03-10
10571,김종훈 회장의 세계 현대건축 여행,김종훈,클라우드나인,전자책,1191334791 ,인문/역사,2023-03-10
10572,조셉 머피 마음의 법칙,조셉 머피,미래지식,전자책,9791190000000 ,자기계발,2023-03-10
10573,대항해시대 최초의 정복자들,로저 크롤리,책과함께,전자책,9791190000000 ,인문/역사,2023-03-10
10574,식사만 바꿔도 젊어집니다,마키타 젠지,북드림,전자책,1191509338 ,건강/의학,2023-03-10
10575,말의 알고리즘,고은미,한밤의책,전자책,1191731251 ,자기계발,2023-03-10
10576,빠르게 실패하기,존 크럼볼츠,스노우폭스북스,전자책,1191769208 ,자기계발,2023-03-10
10577,위로의 미술관,진병관,빅피시,전자책,1191825140 ,예술/대중문화,2023-03-10
10578,퇴근길의 마음,이다혜,빅피시,전자책,9791190000000 ,시/에세이,2023-03-10
10579,사랑은 그렇게 하는 것이 아니다,김달,빅피시,전자책,9791190000000 ,시/에세이,2023-03-10
10580,나로서 충분히 괜찮은 사람,김재식,북로망스,전자책,1191891097 ,시/에세이,2023-03-10
10581,당신이라는 기적,정한경,북로망스,전자책,1191891119 ,시/에세이,2023-03-10
10582,잘될 수밖에 없는 너에게,최서영,북로망스,전자책,9791190000000 ,시/에세이,2023-03-10
10583,"차이나 쇼크, 한국의 선택",한청훤,사이드웨이,전자책,1191998088 ,정치/사회,2023-03-10
10584,전공자도 비전공자도 IT 업계에서 억대 연봉 만들기,김민형,라온북,전자책,9791190000000 ,경제경영,2023-03-10
10585,이건희 반도체 전쟁,허문명,동아일보사,전자책,9791190000000 ,경제경영,2023-03-10
10586,"부자 엄마, 가난한 엄마",이진화,트러스트북스,전자책,1192218574 ,경제경영,2023-03-10
10587,고민의 답,글배우,강한별,전자책,1192237021 ,자기계발,2023-03-10
10588,서툰 어른 처방전,박대선,강한별,전자책,9791190000000 ,시/에세이,2023-03-10
10589,과거가 남긴 우울 미래가 보낸 불안,김아라,유노북스,전자책,1192300211 ,인문/역사,2023-03-10
10590,마흔에 읽는 니체,장재형,유노북스,전자책,1192300246 ,인문/역사,2023-03-10
10591,하루 15분 리더를 위한 인문학 수업,임성훈,유노북스,전자책,9791190000000 ,인문/역사,2023-03-10
10592,게으른 완벽주의자를 위한 심리학,헤이든 핀치,시크릿하우스,전자책,1192312201 ,인문/역사,2023-03-10
10593,상위 1%의 압도적 대화법,김형준,떠오름,전자책,1192372050 ,자기계발,2023-03-10
10594,사라지지 않는다,클라라 뒤퐁-모노,필름(Feelm),전자책,9791190000000 ,소설,2023-03-10
10595,자본심,김수영(김부투),경이로움,전자책,9791190000000 ,경제경영,2023-03-10
10596,하버드대생 공부법은 당신과 다르다,류쉬안,다연,전자책,1192556011 ,자기계발,2023-03-10
10597,박병창의 돈을 부르는 매매의 심리,박병창,포레스트북스,전자책,1192625013 ,경제경영,2023-03-10
10598,광개토태왕 담덕 3: 여명의 기운,엄광용,새움,전자책,9791190000000 ,소설,2023-03-10
10599,영화 속 뉴욕 산책,정윤주,hummingbird,전자책,1196988935 ,여행/취미,2023-03-10
10600,"그날, 너는 무엇을 했는가",마사키 도시카,모로,전자책,1197559744 ,소설,2023-03-10
10601,시크릿 인스타그램,조은,애드앤미디어,전자책,1197625054 ,경제경영,2023-03-10
10602,작은 생물에게서 인생을 배운다,래니 샤,드림셀러,전자책,9791200000000 ,자기계발,2023-03-10
10603,철학이라는 해독제,파브리스 미달,클레이하우스,전자책,1197768432 ,인문/역사,2023-03-10
10604,벌거벗은 한국사: 인물편,tvN STORY 〈벌거벗은 한국사〉 제작팀,프런트페이지,전자책,9791200000000 ,인문/역사,2023-03-10
10605,아라의 소설,정세랑,안온북스,전자책,1197873066 ,소설,2023-03-10
10606,숫자 감각의 힘,사이토 고타츠,클랩북스,전자책,1197889140 ,경제경영,2023-03-10
10607,합격 공식,최하은,클랩북스,전자책,9791200000000 ,청소년,2023-03-10
10608,부모 인문학 수업,김종원,청림라이프,전자책,1197914323 ,가정/생활/요리,2023-03-10
10609,수학의 위로,마이클 프레임,디플롯,전자책,9791200000000 ,인문/역사,2023-03-10
10610,부동산 하락장에서 살아남기,대치동 키즈,재유,전자책,9791200000000 ,경제경영,2023-03-10
10611,위닝,팀 그로버,갤리온,전자책,8901262827 ,자기계발,2023-03-10
10612,ADHD 우리 아이 어떻게 키워야 할까,신윤미,웅진지식하우스,전자책,8901264633 ,가정/생활/요리,2023-03-10
10613,넘버스 스틱!,칩 히스,웅진지식하우스,전자책,8901264641 ,경제경영,2023-03-10
10614,"우리, 편하게 말해요",이금희,웅진지식하우스,전자책,9788900000000 ,자기계발,2023-03-10
10615,스틱!(15주년 기념판),칩 히스,웅진지식하우스,전자책,9788900000000 ,경제경영,2023-03-10
10616,자이언트 임팩트,박종훈,웅진지식하우스,전자책,9788900000000 ,경제경영,2023-03-10
10617,너를 빛나게 할 일들이 기다리고 있어,황현,웅진지식하우스,전자책,9788900000000 ,시/에세이,2023-03-10
10618,화폐의 추락,스티브 포브스,알에이치코리아,전자책,9788930000000 ,경제경영,2023-03-10
10619,이코노미스트 홍춘욱 투자에도 순서가 있다,홍춘욱,알에이치코리아,전자책,892557750X,경제경영,2023-03-10
10620,차일드 코드,다니엘 딕,알에이치코리아,전자책,9788930000000 ,가정/생활/요리,2023-03-10
10621,"언젠간 잘리고, 회사는 망하고, 우리는 죽는다!",이동수,알에이치코리아,전자책,8925577801 ,시/에세이,2023-03-10
10622,썬킴의 세계사 완전 정복,썬킴,알에이치코리아,전자책,8925577887 ,인문/역사,2023-03-10
10623,브라이트,제시카 정,알에이치코리아,전자책,8925577909 ,소설,2023-03-10
10624,작고 기특한 불행,오지윤,알에이치코리아,전자책,9788930000000 ,시/에세이,2023-03-10
10625,오래된 기억들의 방,베로니카 오킨,알에이치코리아,전자책,9788930000000 ,과학/공학,2023-03-10
10626,소년A 살인사건,이누즈카 리히토,알에이치코리아,전자책,8925578328 ,소설,2023-03-10
10627,중국어 따페이 단어장,한민이,다락원,전자책,8927723023 ,국어/외국어,2023-03-10
10628,차이나는 클라스: 인문학 편,JTBC <차이나는 클라스> 제작진,중앙북스,전자책,9788930000000 ,인문/역사,2023-03-10
10629,게르버,프리드리히 토어베르크,문예출판사,전자책,9788930000000 ,소설,2023-03-10
10630,IT 용어 도감: 엔지니어편,마스이 토시카츠,성안당,전자책,9788930000000 ,IT/프로그래밍,2023-03-10
10631,"나는 JOB을 원했지, JOB것들을 원하지 않았다",이종훈,성안당,전자책,9788930000000 ,시/에세이,2023-03-10
10632,당신의 현실에는 이유가 있습니다,카밀로,정신세계사,전자책,8935704571 ,자기계발,2023-03-10
10633,외모 대여점,이시카와 히로시카,마시멜로,전자책,8947548405 ,소설,2023-03-10
10634,롭 무어 부와 성공의 기회,롭 무어,한국경제신문,전자책,8947548421 ,자기계발,2023-03-10
10635,오십의 말 품격 수업,조관일,21세기북스,전자책,895090540X,자기계발,2023-03-10
10636,예언의 섬,사와무라 이치,아르테(arte),전자책,9788950000000 ,소설,2023-03-10
10637,위어드,조지프 헨릭,21세기북스,전자책,9788950000000 ,인문/역사,2023-03-10
10638,이토록 평범한 미래,김연수,문학동네,전자책,9788950000000 ,소설,2023-03-10
10639,하얼빈,김훈,문학동네,전자책,895469991X,소설,2023-03-10
10640,은닉,배명훈,북하우스,전자책,9791160000000 ,소설,2023-03-10
10641,트렌드 코리아 2023,김난도,미래의창,전자책,8959897094 ,경제경영,2023-03-10
10642,1000개 기업 탐방으로 알게 된 수익 내는 주식 투자의 원칙,호크마,황금부엉이,전자책,9788960000000 ,경제경영,2023-03-10
10643,"폴 크루그먼, 좀비와 싸우다",폴 크루그먼,부키,전자책,8960519340 ,경제경영,2023-03-10
10644,___답지 않은 세계,홍정수,부키,전자책,9788960000000 ,시/에세이,2023-03-10
10645,"전쟁과 약, 기나긴 악연의 역사",백승만,동아시아,전자책,9788960000000 ,인문/역사,2023-03-10
10646,과학이 필요한 시간,궤도,동아시아,전자책,9788960000000 ,과학/공학,2023-03-10
10647,왜 파타고니아는 맥주를 팔까,신현암,흐름출판,전자책,8965965195 ,경제경영,2023-03-10
10648,리마케팅하라!,박노성,성안북스,전자책,9788970000000 ,경제경영,2023-03-10
10649,조용헌의 도사열전,조용헌,불광출판사,전자책,8974797089 ,인문/역사,2023-03-10
10650,당질 중독,마키타 젠지,문예춘추사,전자책,8976045254 ,건강/의학,2023-03-10
10651,HR 테크 혁명,피플 애널리틱스 연구팀,삼성글로벌리서치,전자책,9788980000000 ,경제경영,2023-03-10
10652,위라클(WERACLE),박위,토기장이,전자책,8977824761 ,시/에세이,2023-03-10
10653,권력의 미래,조지프 나이,세종서적,전자책,8984078131 ,정치/사회,2023-03-10
10654,영어 글쓰기의 기본(THE ELEMENTS OF STYLE),윌리엄 스트렁크 2세,인간희극,전자책,8995637153 ,국어/외국어,2023-03-10
10655,대한민국의 붕괴,코나아이 시스템다이내믹스팀,양서원,전자책,없음,정치/사회,2023-03-10
10656,다시 사랑하고 살자는 말,정영욱,아르떼,전자책,9788950000000 ,시/에세이,2023-03-10
10657,어른의 대화법,임정민,서사원,오디오북,9791170000000 ,인문/역사,2023-03-10
10658,작은 땅의 야수들,김주혜,다산책방,오디오북,9791130000000 ,소설,2023-03-10
10659,다정한 물리학,해리 클리프,다산북스,오디오북,9791140000000 ,과학/공학,2023-03-10
10660,당신은 일을 못하는 게 아니라 말을 못하는 겁니다,이규희,서사원,오디오북,9791170000000 ,성공학/처세술,2023-03-10
10661,당신에게 좋은 소식을 전해줄게요,권글,떠오름,오디오북,9791140000000 ,에세이,2023-03-10
10662,그때 이렇게 말했더라면,몰리 하우스,웅진지식하우스,오디오북,9788900000000 ,성공학/처세술,2023-03-10
10663,쇼펜하우어 인생론,쇼펜하우어,범우사,오디오북,9791110000000 ,인문/역사,2023-03-10
10664,제 마음대로 살아보겠습니다,이원지,상상출판,오디오북,9791170000000 ,에세이,2023-03-10
10665,당신은 생각보다 멘탈이 강한 사람입니다,박세니,다산북스,오디오북,9791130000000 ,에세이,2023-03-10
10666,오십의 주역공부,김동완,다산북스,오디오북,9791130000000 ,인문/역사,2023-03-10
10667,인간을 탐구하는 미술관,이다,브라이트,오디오북,9791130000000 ,인문/역사,2023-03-10
10668,삶에 지치고 사랑도 무너져갈 때,흔글,경향BP,오디오북,9788970000000 ,에세이,2023-03-10
10669,때로는 행복 대신 불행을 택하기도 한다,김진명,이타북스,오디오북,9791140000000 ,에세이,2023-03-10
10670,시퀀스,손문,범우사,오디오북,9788960000000 ,에세이,2023-03-10
10671,수상한 중고상점,미치오 슈스케,놀(다산북스),오디오북,9791130000000 ,소설,2023-03-10
10672,대출의 마법 : 전세부터 매매까지 알면 알수록 많이 받고 싸게 받는,레오(김은진),다산북스,오디오북,9791130000000 ,투자/재테크,2023-03-10
10673,헬프 미 시스터,이서수,은행나무,오디오북,9791170000000 ,소설,2023-03-10
10674,오늘의 법정을 열겠습니다,허승,북트리거,오디오북,9791190000000 ,정치/사회,2023-03-10
10675,행성어 서점,김초엽,마음산책,오디오북,9788960000000 ,소설,2023-03-10
10676,굿모닝 해빗,"멜 로빈스 저, 강성실 역",쌤앤파커스,오디오북,9791170000000 ,성공학/처세술,2023-03-10
10677,책들의 부엌,김지혜,팩토리나인,오디오북,9791170000000 ,소설,2023-03-10
10678,불안,알랭 드 보통,은행나무,오디오북,9791190000000 ,에세이,2023-03-10
10679,바람과 함께 사라지다(하),마거릿 미첼,열린책들,오디오북,9788930000000 ,소설,2023-03-10
10680,바람과 함께 사라지다(중),마거릿 미첼,열린책들,오디오북,9788930000000 ,소설,2023-03-10
10681,바람과 함께 사라지다(상),마거릿 미첼,열린책들,오디오북,9788930000000 ,소설,2023-03-10
10682,사람은 무엇으로 사는가,레프 똘스또이,열린책들,오디오북,9788930000000 ,소설,2023-03-10
10683,향수,파트리크 쥐스킨트,열린책들,오디오북,9788930000000 ,소설,2023-03-10
10684,기억2 : 베르나르 베르베르 장편소설,베르나르 베르베르,열린책들,오디오북,9788930000000 ,소설,2023-03-10
10685,기억1: 베르나르 베르베르 장편소설,베르나르 베르베르,열린책들,오디오북,9788930000000 ,소설,2023-03-10
10686,죽음2 : 베르나르 베르베르 장편소설,베르나르 베르베르,열린책들,오디오북,9788930000000 ,소설,2023-03-10
10687,죽음1 : 베르나르 베르베르 장편소설,베르나르 베르베르,열린책들,오디오북,9788930000000 ,소설,2023-03-10
10688,고양이 2 : 베르나르 베르베르 장편소설,베르나르 베르베르,열린책들,오디오북,9788930000000 ,소설,2023-03-10
10689,고양이 1 : 베르나르 베르베르 장편소설,베르나르 베르베르,열린책들,오디오북,9788930000000 ,소설,2023-03-10
10690,"창업가의 습관 : 시작하고 3년, 사업 시스템을 만드는 법",이상훈,좋은습관연구소,오디오북,9791190000000 ,경제경영,2023-03-10
10691,코끼리 같은 걱정 한입씩 먹어치우자,장신웨,리드리드출판,오디오북,9791140000000 ,삶의자세,2023-03-10
10692,하쿠다 사진관,허태연,놀,오디오북,9791130000000 ,소설,2023-03-10
10693,레슨 인 케미스트리2,보니 가머스,다산책방,오디오북,9791130000000 ,소설,2023-03-10
10694,레슨 인 케미스트리1,보니 가머스,다산책방,오디오북,9791130000000 ,소설,2023-03-10
10695,미지의 파랑,차율이,"비룡소, 아툰즈",오디오북,9791190000000 ,어린이,2023-03-10
10696,가스등 아래 선 남자,양완영,오디언,오디오북,9791140000000 ,소설,2023-03-10
10697,30년만의 휴식,이무석,두란노,오디오북,9791190000000 ,종교,2023-03-10
10698,입지센스,훨훨(박성혜),다산북스,오디오북,9791130000000 ,경제경영,2023-03-10
10699,열기구가 사라졌다,바바라 오코너,다산책방,오디오북,9791130000000 ,소설,2023-03-10
10700,뭐든 해봐요,김동현,콘택트,오디오북,9791130000000 ,에세이,2023-03-10
10701,"지금 여기, 무탈한가요?",오찬호,북트리거,오디오북,9791190000000 ,정치/사회,2023-03-10
10702,캠핑하루,생활모험가,소로소로,오디오북,9791190000000 ,여행/취미,2023-03-10
10703,알고 싶은 우리 아이 마음,김성현,담아,오디오북,9791160000000 ,가정/생활/요리,2023-03-10
10704,호모 아딕투스,김병규,다산북스,오디오북,9791130000000 ,투자/재테크,2023-03-10
10705,어떻게 살아야 하는가,이나모리 가즈오,다산북스,오디오북,9791130000000 ,경제경영,2023-03-10
10706,선을 넘지 않는 사람이 성공한다,장샤오헝,미디어숲,오디오북,9791140000000 ,성공학/처세술,2023-03-10
10707,마법 서점 라라북스,임자경,달꽃,오디오북,9791160000000 ,소설,2023-03-10
10708,혼자는 무서워!,줄리아 페사벤토 글,다봄,오디오북,9791190000000 ,유아,2023-03-10
10709,"벨 에포크, 인간이 아름다웠던 시대",심우찬,시공사,오디오북,9791170000000 ,예술/대중문화,2023-03-10
10710,엄마 아빠가 꼭 알아야 할 학교폭력의 모든 것,노윤호,시공사,오디오북,9791170000000 ,가정/생활/요리,2023-03-10
10711,앨리스 죽이기,고바야시 야스미,검은숲,오디오북,9791170000000 ,소설,2023-03-10
10712,상위 1%의 압도적 대화법,김형준,떠오름,오디오북,9791140000000 ,성공학/처세술,2023-03-10
10713,이웃집 식물상담소,신혜우,브라이트,오디오북,9791130000000 ,에세이,2023-03-10
10714,운명은 아직 결정되지 않았다,오왕근,상상출판,오디오북,9791170000000 ,에세이,2023-03-10
10715,위기주도학습법,임현서,스튜디오오드리,오디오북,9791140000000 ,성공학/처세술,2023-03-10
10716,컬러愛 물들다,밤 햄블리,리드리드출판,오디오북,9791140000000 ,성공학/처세술,2023-03-10
10717,나는 왜 집중하지 못하는가,반건호,라이프앤페이지,오디오북,9791140000000 ,인문/역사,2023-03-10
10718,모든 사람에게 사랑받을 필요는 없다,이평,스튜디오오드리,오디오북,9791140000000 ,에세이,2023-03-10
10719,말하기 전에 생각했나요?,권민창,떠오름,오디오북,9791140000000 ,에세이,2023-03-10
10720,내 인생 구하기,개리 비숍,웅진지식하우스,오디오북,9788900000000 ,삶의자세,2023-03-10
10721,회복력 수업,류페이쉬안,갤리온,오디오북,9788900000000 ,인문/역사,2023-03-10
10722,내가 틀릴 수도 있습니다,비욘 나티코 린데블라드,다산초당,오디오북,9791130000000 ,인문/역사,2023-03-10
10723,삶이라는 우주를 건너는 너에게,김민형,웅진지식하우스,오디오북,9788900000000 ,인문/역사,2023-03-10
10724,"더 잘하고 싶어서, 더 잘 살고 싶어서",양경민,빅피시,오디오북,9791140000000 ,에세이,2023-03-10
10725,기적을 부르는 공감 대화법,장신웨,리드리드출판,오디오북,9791140000000 ,성공학/처세술,2023-03-10
10726,프리랜서지만 잘 먹고 잘 삽니다,도란,원앤원북스,오디오북,9791140000000 ,성공학/처세술,2023-03-10
10727,돈을 지배하는 31가지 부의 도구,오지혜,원앤원북스,오디오북,9791140000000 ,투자/재테크,2023-03-10
10728,나는 불안할 때 논어를 읽는다,판덩,다빈치하우스,오디오북,9791140000000 ,삶의자세,2023-03-10
10729,경복궁 괴물투어 핸드북 - 한국 신과 경복궁 탈환작전,에픽로그협동조합,에픽로그협동조합,오디오북,9791200000000 ,인문/역사,2023-03-10
10730,나는 대출없이 0원으로 소형 아파트를 산다,잭파시(최경천),다산북스,오디오북,9791130000000 ,경제경영,2023-03-10
10731,돈의 흐름에 올라타라,홍춘욱,스마트북스,오디오북,9791140000000 ,투자/재테크,2023-03-10
10732,"너는 참, 같은 말을 해도",임영균,마인드빌딩,오디오북,9791190000000 ,성공학/처세술,2023-03-10
10733,데이트가 피곤해 결혼했더니,김수정,마인드빌딩,오디오북,9791190000000 ,에세이,2023-03-10
10734,더현대서울 인사이트,"김난도, 최지혜, 이수진, 이향은",다산북스,오디오북,9791130000000 ,경제경영,2023-03-10
10735,저 별은 모두 당신을 위해 빛나고 있다,손힘찬,떠오름,오디오북,9791140000000 ,에세이,2023-03-10
10736,마음버스,"김유 글 , 소복이 그림",천개의바람,오디오북,9791170000000 ,청소년,2023-03-10
10737,럭키드로우,드로우앤드류,다산북스,오디오북,9791130000000 ,취업/창업,2023-03-10
10738,나쁜 기억 지우개,이정현,떠오름,오디오북,9791140000000 ,에세이,2023-03-10
10739,우리 모두 가끔은 미칠 때가 있지,정지음,빅피시,오디오북,9791140000000 ,에세이,2023-03-10
10740,공부의 본질,이윤규,빅피시,오디오북,9791140000000 ,성공학/처세술,2023-03-10
10741,나의 첫 메타버스 수업,이재원,메이트북스,오디오북,9791140000000 ,마케팅/세일즈,2023-03-10
10742,셰익스피어 20,윌리엄 셰익스피어,현대지성,오디오북,9791140000000 ,소설,2023-03-10
10743,좀머 씨 이야기,파트리크 쥐스킨트,열린책들,오디오북,9788930000000 ,소설,2023-03-10
10744,창문 넘어 도망친 100세 노인,요나스 요나손,열린책들,오디오북,9788930000000 ,소설,2023-03-10
10745,겨울에 만나는 봄,김지인,북극곰,오디오북,9791170000000 ,유아,2023-03-10
10746,브레이킹 루틴,천인우,중앙북스,오디오북,9791140000000 ,성공학/처세술,2023-03-10
10747,더 이상 무리하지 않겠습니다,길진세,니들북,오디오북,9791140000000 ,성공학/처세술,2023-03-10
10748,엑셀런스,도리스 메르틴,다산초당,오디오북,9791130000000 ,인문/역사,2023-03-10
10749,고양이 찻집,박종진,소원나무,오디오북,9791170000000 ,유아,2023-03-10
10750,보이지 않는 곳에서 애쓰고 있는 너에게,최대호,떠오름,오디오북,9791140000000 ,에세이,2023-03-10
10751,생각의 각도,이민규,끌리는책,오디오북,9791140000000 ,삶의자세,2023-03-10
10752,왜 일하는가,이나모리 가즈오,다산북스,오디오북,9791130000000 ,경제경영,2023-03-10
10753,마음의 주인,이기주,말글터,오디오북,9791140000000 ,에세이,2023-03-10
10754,픽사 스토리텔링,매튜 룬,현대지성,오디오북,9791140000000 ,경제경영,2023-03-10
10755,데일리 필로소피,라이언 홀리데이·스티븐 핸슬먼 / 장원철,다산초당,오디오북,9791130000000 ,인문/역사,2023-03-10
10756,웰씽킹,켈리 최,다산북스,오디오북,9791130000000 ,성공학/처세술,2023-03-10
10757,계획이 실패가 되지 않게,이소연,다산북스,오디오북,9791130000000 ,성공학/처세술,2023-03-10
10758,아무런 대가 없이 건네는 다정,하태완,빅피시,오디오북,9791140000000 ,에세이,2023-03-10
10759,말 습관을 바꾸니 아이가 달라졌어요,강민경,미다스북스,오디오북,9791140000000 ,가정/생활/요리,2023-03-10
10760,[10minute English] 원어민이 매일 쓰는 네이티브 생활영어 step3,김교포,스마트챌린지,오디오북,9791140000000 ,영어,2023-03-10
10761,[10minute English] 원어민이 매일 쓰는 네이티브 생활영어 step2,김교포,스마트챌린지,오디오북,9791140000000 ,영어,2023-03-10
10762,[10minute English] 원어민이 매일 쓰는 네이티브 생활영어 step1,김교포,스마트챌린지,오디오북,9791140000000 ,영어,2023-03-10
10763,[10minute English] 입에 착 붙는 왕초보 생활영어 step3,제리,스마트챌린지,오디오북,9791140000000 ,영어,2023-03-10
10764,[10minute English] 입에 착 붙는 왕초보 생활영어 step2,제리,스마트챌린지,오디오북,9791140000000 ,영어,2023-03-10
10765,[10minute English] 입에 착 붙는 왕초보 생활영어 step1,제리,스마트챌린지,오디오북,9791140000000 ,영어,2023-03-10
10766,우울할 땐 뇌 과학,앨릭스 코브,심심,오디오북,9791160000000 ,인문/역사,2023-03-10
10767,한 권으로 배우는 음악 이야기,전기홍,상상출판,오디오북,9791170000000 ,성공학/처세술,2023-03-10
10768,진짜 프랑스는 시골에 있다,문정훈/장준우,상상출판,오디오북,9791170000000 ,여행/취미,2023-03-10
10769,할 말은 합니다,희렌최,유영,오디오북,9791130000000 ,성공학/처세술,2023-03-10
10770,고도일보 송가을인데요,송경화,한겨레출판,오디오북,9791160000000 ,소설,2023-03-10
10771,오늘만큼은 내 편이 되어주기로 했다,권민창,스튜디오오드리,오디오북,9791140000000 ,에세이,2023-03-10
10772,삼국지 읽고 쓰다,조아라,M&Kids,오디오북,9791140000000 ,어린이,2023-03-10
10773,인생의 답은 내 안에 있다,김이섭,미디어숲,오디오북,9791140000000 ,성공학/처세술,2023-03-10
10774,나는 장사의 신이다,은현장,떠오름,오디오북,9791140000000 ,마케팅/세일즈,2023-03-10
10775,TAKE OFF 테이크 오프,이상규,나비의활주로,오디오북,9791140000000 ,마케팅/세일즈,2023-03-10
10776,신입사원일 때 알았더라면 좋았을 것들,류영숙,마일스톤,오디오북,9791140000000 ,성공학/처세술,2023-03-10
10777,팀 켈러의 인생 질문,팀 켈러 (Timothy Keller),두란노,오디오북,9788950000000 ,종교,2023-03-10
10778,천로역정,존 번연,두란노,오디오북,9788950000000 ,종교,2023-03-10
10779,가난해지지 않는 마음,양다솔,놀,오디오북,9791130000000 ,에세이,2023-03-10
10780,감정이 아니라고 말할 때,성유미,다산초당,오디오북,9791130000000 ,인문/역사,2023-03-10
10781,니체와 함께 산책을,시라토리 하루히코,다산초당,오디오북,9791130000000 ,인문/역사,2023-03-10
10782,당신은 괜찮은 부모입니다,이근후,다산북스,오디오북,9791130000000 ,에세이,2023-03-10
10783,당신이 모르는 이야기,서장원,다산책방,오디오북,9791130000000 ,소설,2023-03-10
10784,메타버스의 시대: 미래의 부와 기회를 선점하는 7대 메가트렌드,이시한,다산북스,오디오북,9791130000000 ,마케팅/세일즈,2023-03-10
10785,아이와의 관계는 아빠의 말투에서 시작됩니다,김범준,다산에듀,오디오북,9791130000000 ,가정/생활/요리,2023-03-10
10786,엄마에 대하여,한정현 조우리 김이설 최정나 한유주 차현지,다산책방,오디오북,9791130000000 ,소설,2023-03-10
10787,으뜸체력,심으뜸,다산북스,오디오북,9791130000000 ,에세이,2023-03-10
10788,플라멩코 추는 남자,허태연,다산책방,오디오북,9791130000000 ,소설,2023-03-10
10789,프로테스탄트 윤리와 자본주의 정신,막스 베버,현대지성,오디오북,9791140000000 ,정치/사회,2023-03-10
10790,나는 인생의 아주 기본적인 것부터 바꿔보기로 했다,개리 비숍,갤리온,오디오북,9788900000000 ,성공학/처세술,2023-03-10
10791,아기 곰 ABC,이루리,북극곰,오디오북,9791170000000 ,유아,2023-03-10
10792,"곰아, 자니?",조리 존,북극곰,오디오북,9791170000000 ,유아,2023-03-10
10793,우리는 약속도 없이 사랑을 하고,정현우,웅진지식하우스,오디오북,9788900000000 ,에세이,2023-03-10
10794,주식 투자 기본도 모르고 할 뻔했다,박병창,북오션,오디오북,9791140000000 ,투자/재테크,2023-03-10
10795,더 보스(THE BOSS),안규호,떠오름,오디오북,9791140000000 ,성공학/처세술,2023-03-10
10796,생각이 너무 많은 서른 살에게,김은주,메이븐,오디오북,9791140000000 ,삶의자세,2023-03-10
10797,단군은 정말?,박용준,도서출판 기역,오디오북,9791190000000 ,에세이,2023-03-10
10798,예언자,㈜유기지능 스튜디오,㈜유기지능 스튜디오,오디오북,9791140000000 ,에세이,2023-03-10
10799,요즘 팀장은 이렇게 일합니다,백종화,중앙북스,오디오북,9791140000000 ,경제경영,2023-03-10
10800,나는 나무처럼 살고싶다,우종영,메이븐,오디오북,979114000000 ,에세이,2023-03-10
10801,백귀야행,송경아,사계절,오디오북,9791160000000 ,소설,2023-03-10
10802,다이웰 주식회사,남유하,사계절,오디오북,9791160000000 ,소설,2023-03-10
10803,7대 이슈로 보는 돈의 역사 2,홍춘욱,로크미디어,오디오북,9791140000000 ,경제경영,2023-03-10
10804,뼈 있는 아무 말 대잔치,"신영준, 고영성",로크미디어,오디오북,9791140000000 ,에세이,2023-03-10
10805,엄마 (이해인 수녀의 사모곡),이해인,샘터,오디오북,9788950000000 ,시/에세이,2023-03-10
10806,수학 잘하는 아이는 이렇게 공부합니다,류승재,블루무스,오디오북,9791140000000 ,가정/생활/요리,2023-03-10
10807,설레는 건 많을수록 좋아,김옥선,상상출판,오디오북,9791170000000 ,에세이,2023-03-10
10808,"50, 이제 나를 위해 산다",호사카 다카시/ 역 황혜숙,상상출판,오디오북,9791190000000 ,삶의자세,2023-03-10
10809,에린 왕자,심재홍,도서출판 이팝,오디오북,9791200000000 ,인문/역사,2023-03-10
10810,프랑켄슈타인,메리 셸리,현대지성,오디오북,9791140000000 ,소설,2023-03-10
10811,자기 신뢰,랄프 왈도 에머슨,현대지성,오디오북,9791140000000 ,삶의자세,2023-03-10
10812,메타쉐도잉,박세호,다산북스,오디오북,9791140000000 ,성공학/처세술,2023-03-10
10813,이수의 일기,전이수,글의온도,오디오북,9791190000000 ,에세이,2023-03-10
10814,백년의 독서,김형석,비전과리더십,오디오북,9791190000000 ,인문/역사,2023-03-10
10815,팬데믹 제2국면,우석,문예출판사,오디오북,9788930000000 ,경제경영,2023-03-10
10816,돈의 흐름을 읽는 습관,차칸양(양재우),좋은습관연구소,오디오북,"	9791191636147",경제경영,2023-03-10
10817,유쾌한 소통의 법칙 67,김창옥,나무생각,오디오북,9791160000000 ,성공학/처세술,2023-03-10
10818,부서진 여름,이정명,은행나무,오디오북,9791170000000 ,소설,2023-03-10
10819,완전한 행복,정유정,은행나무,오디오북,9791170000000 ,소설,2023-03-10
10820,너의 말이 좋아서 밑줄을 그었다,림태주,웅진지식하우스,오디오북,9788900000000 ,에세이,2023-03-10
10821,순간의 힘,"칩 히스, 댄 히스",웅진지식하우스,오디오북,9788900000000 ,경제경영,2023-03-10
10822,"어느 날, 죽음이 만나자고 했다",정상훈,웅진지식하우스,오디오북,9788900000000 ,에세이,2023-03-10
10823,하우스보트에서의 인문학 게임,존 켄드릭 뱅스,책읽는귀족,오디오북,9791190000000 ,인문/역사,2023-03-10
10824,와인이 있는 100가지 장면,"엄정선, 
배두환",보틀프레스,오디오북,"	9791191725049",예술/대중문화,2023-03-10
10825,업스트림,댄 히스,웅진지식하우스,오디오북,9788900000000 ,경제경영,2023-03-10
10826,다이어트 필살기,이우재,피톤치드,오디오북,9791140000000 ,건강/의학,2023-03-10
10827,심리학이 돈을 말하다,저우신위에,미디어숲,오디오북,9791140000000 ,성공학/처세술,2023-03-10
10828,군주론,니콜로 마키아벨리,현대지성,오디오북,9791140000000 ,정치/사회,2023-03-10
10829,버블: 부의 대전환,"윌리엄 퀸, 존 D. 터너",브라이트,오디오북,9791130000000 ,투자/재테크,2023-03-10
10830,개를 훔치는 완벽한 방법,바바라 오코너,놀,오디오북,9791130000000 ,소설,2023-03-10
10831,보노보노처럼 살다니 다행이야(축약본),김신회,놀,오디오북,9791130000000 ,에세이,2023-03-10
10832,꿈꾸는 구둣방,아지오,다산북스,오디오북,9791130000000 ,경제경영,2023-03-10
10833,순서 파괴,"콜린 브라이어, 빌 카",다산북스,오디오북,9791130000000 ,경제경영,2023-03-10
10834,뇌 과학이 인생에 필요한 순간,김대수,브라이트,오디오북,9791130000000 ,인문/역사,2023-03-10
10835,불안한 사람들,프레드릭 배크만,다산책방,오디오북,9791130000000 ,소설,2023-03-10
10836,할머니가 미안하다고 전해달랬어요 2,프레드릭 배크만,다산책방,오디오북,9791130000000 ,소설,2023-03-10
10837,할머니가 미안하다고 전해달랬어요 1,프레드릭 배크만,다산책방,오디오북,9791130000000 ,소설,2023-03-10
10838,멋지게 말하고 싶습니다,조관일,유영,오디오북,9791130000000 ,성공학/처세술,2023-03-10
10839,브릿마리 여기 있다 2,프레드릭 배크만,다산책방,오디오북,9791130000000 ,소설,2023-03-10
10840,브릿마리 여기 있다 1,프레드릭 배크만,다산책방,오디오북,9791130000000 ,소설,2023-03-10
10841,오래된 질문,"다큐멘터리 〈Noble Asks〉 제작팀, 장원재",다산북스,오디오북,9791130000000 ,인문/역사,2023-03-10
10842,수도자처럼 생각하기,제이 셰티,다산초당,오디오북,9791130000000 ,인문/역사,2023-03-10
10843,사라지는 건 여자들뿐이거든요,"강화길, 손보미, 임솔아, 지혜, 천희란, 최영건, 최진영, 허희정",은행나무,오디오북,9791170000000 ,소설,2023-03-10
10844,신종 바이러스의 습격,김우주,반니,오디오북,9791170000000 ,과학/공학,2023-03-10
10845,7개 코드로 읽는 유럽도시,윤혜준,아날로그,오디오북,9791140000000 ,인문/역사,2023-03-10
10846,유토피아,토머스 모어,현대지성,오디오북,9791170000000 ,소설,2023-03-10
10847,얼마나 닮았는가,김보영,아작,오디오북,9791170000000 ,소설,2023-03-10
10848,어떤 물질의 사랑,천선란,아작,오디오북,9791170000000 ,소설,2023-03-10
10849,끌리는 말투 호감 가는 말투,리우난,리드리드출판,오디오북,9791140000000 ,삶의자세,2023-03-10
10850,사랑의 기술,에리히 프롬,문예출판사,오디오북,9788930000000 ,인문/역사,2023-03-10
10851,엉망진창 나라의 앨리스,존 켄드릭 뱅스,책읽는귀족,오디오북,9791190000000 ,정치/사회,2023-03-10
10852,인간 욕망의 법칙,로버트 그린,웅진지식하우스,오디오북,9788900000000 ,성공학/처세술,2023-03-10
10853,이만하면 괜찮은 남자는 없다,박정훈,한겨레출판,오디오북,9791140000000 ,정치/사회,2023-03-10
10854,그리고 아무도 없었다,김민지,오디언,오디오북,9791140000000 ,소설,2023-03-10
10855,시작의 기술,개리 비숍,웅진지식하우스,오디오북,9788900000000 ,성공학/처세술,2023-03-10
10856,습관의 힘,찰스 두히그,갤리온,오디오북,9788900000000 ,성공학/처세술,2023-03-10
10857,탈무드: 오늘 하루 첫 번째 날처럼 마지막 날처럼,주원규,마리북스,오디오북,9791190000000 ,에세이,2023-03-10
10858,너의 췌장을 먹고 싶어,스미노 요루,소미미디어,오디오북,9791160000000 ,소설,2023-03-10
10859,2030 축의 전환,마우로 기옌,리더스북,오디오북,9788900000000 ,경제경영,2023-03-10
10860,은둔의 즐거움,신기율,웅진지식하우스,오디오북,9791140000000 ,삶의자세,2023-03-10
10861,오늘도 좋아하는 일을 하는 중이야,안정은,서랍의날씨,오디오북,9791140000000 ,에세이,2023-03-10
10862,혼자 사는데 돈이라도 있어야지,윤경희,가나출판사,오디오북,9791140000000 ,성공학/처세술,2023-03-10
10863,사르륵 사르륵,고마운,북극곰,오디오북,9791170000000 ,유아,2023-03-10
10864,"달님, 왜 따라와요?","이루리, 송은실",북극곰,오디오북,9791170000000 ,유아,2023-03-10
10865,꼬마 시인의 하루,장혜진,북극곰,오디오북,9791170000000 ,유아,2023-03-10
10866,당신이 오려면 여름이 필요해 (배우 서지혜 낭독),민구,아침달,오디오북,9791140000000 ,시/에세이,2023-03-10
10867,좋은 곳에 갈 거예요 (배우 김호정 낭독),김소형,아침달,오디오북,9791140000000 ,시/에세이,2023-03-10
10868,한 줄도 너를 잊지 못했다 (배우 신동미 낭독),창작동인 뿔,아침달,오디오북,9791140000000 ,시/에세이,2023-03-10
10869,햇빛 속에 호랑이 (배우 길해연 낭독),최정례,아침달,오디오북,9791140000000 ,시/에세이,2023-03-10
10870,맑고 높은 나의 이마 (배우 길해연 낭독),김영미,아침달,오디오북,9791140000000 ,시/에세이,2023-03-10
10871,나는 오늘 혼자 바다에 갈 수 있어요 (배우 오승훈 낭독),육호수,아침달,오디오북,9791140000000 ,시/에세이,2023-03-10
10872,숨쉬는 무덤 (배우 정웅인 낭독),김언,아침달,오디오북,9791140000000 ,시/에세이,2023-03-10
10873,당신의 자리 - 나무로 자라는 방법 (배우 윤계상 낭독),유희경,아침달,오디오북,9791140000000 ,시/에세이,2023-03-10
10874,운의 알고리즘,현존 정회도,소울소사이어티,오디오북,9791200000000 ,성공학/처세술,2023-03-10
10875,그레이엄의 빵 심부름,장 바티스트 드루오,옐로스톤,오디오북,9791190000000 ,어린이,2023-03-10
10876,비밀의 정원 - 세계 미스터리 고전문학,길버트 키스 체스터턴,현인,오디오북,9791160000000 ,소설,2023-03-10
10877,악의 꽃,샤를 보들레르,문예출판사,오디오북,9791140000000 ,시/에세이,2023-03-10
10878,나는 나답게 살기로 했다,손힘찬,스튜디오오드리,오디오북,9791190000000 ,에세이,2023-03-10
10879,김지성이 읽는 딩링의 소피의 일기,딩링,커뮤니케이션북스,오디오북,9791130000000 ,소설,2023-03-10
10880,최정원이 읽는 마르그리트 뒤라스의 파리의 오렐리아,마르그리트 뒤라스,커뮤니케이션북스,오디오북,9791130000000 ,소설,2023-03-10
10881,유준상이 읽는 알퐁스 도데의 별,알퐁스 도데,커뮤니케이션북스,오디오북,9791130000000 ,소설,2023-03-10
10882,"서현철, 정재은이 읽는 마크 트웨인의 아담과 이브의 일기",마크 트웨인,커뮤니케이션북스,오디오북,9791130000000 ,소설,2023-03-10
10883,기주봉이 읽는 표도르 도스토옙스키의 우스운 사람의 꿈,표도르 도스토옙스키,커뮤니케이션북스,오디오북,9791130000000 ,소설,2023-03-10
10884,이석준이 읽는 너새니얼 호손의 큰 바위 얼굴,너새니얼 호손,커뮤니케이션북스,오디오북,9791130000000 ,소설,2023-03-10
10885,서태화가 읽는 기쿠치 간의 무명작가의 일기,기쿠치 간,커뮤니케이션북스,오디오북,9791130000000 ,소설,2023-03-10
10886,최희진이 읽는 사토 하루오의 스페인 개의 집,사토 하루오,커뮤니케이션북스,오디오북,9791130000000 ,소설,2023-03-10
10887,정경호가 읽는 한스 크리스티안 안데르센의 그림자,한스 크리스티안 안데르센,커뮤니케이션북스,오디오북,9791130000000 ,소설,2023-03-10
10888,이용녀가 읽는 샤를 페로의 푸른 수염,샤를 페로,커뮤니케이션북스,오디오북,9791130000000 ,소설,2023-03-10
10889,양희경이 읽는 루시 모드 몽고메리의 개와 고양이,루시 모드 몽고메리,커뮤니케이션북스,오디오북,9791130000000 ,소설,2023-03-10
10890,유성주가 읽는 니콜라이 고골의 외투,니콜라이 고골,커뮤니케이션북스,오디오북,9791130000000 ,소설,2023-03-10
10891,질서 너머,조던 B 피터슨,웅진지식하우스,오디오북,9788900000000 ,인문/역사,2023-03-10
10892,김영민이 읽는 예쓰의 포스트식민 음식과 사랑,예쓰,커뮤니케이션북스,오디오북,9791130000000 ,소설,2023-03-10
10893,김주헌이 읽는 이보 안드리치의 파노라마,이보 안드리치,커뮤니케이션북스,오디오북,9791130000000 ,소설,2023-03-10
10894,전현아가 읽는 하라 다미키의 여름 꽃,하라 다미키,커뮤니케이션북스,오디오북,9791130000000 ,소설,2023-03-10
10895,장용철이 읽는 브루노 슐츠의 모래시계 요양원,브루노 슐츠,커뮤니케이션북스,오디오북,9791130000000 ,소설,2023-03-10
10896,김은석이 읽는 미하일 불가코프의 모르핀,미하일 불가코프,커뮤니케이션북스,오디오북,9791130000000 ,소설,2023-03-10
10897,양손프로젝트가 읽는 아쿠타가와 류노스케의 덤불 속,아쿠타가와 류노스케,커뮤니케이션북스,오디오북,9791130000000 ,소설,2023-03-10
10898,한보경이 읽는 D.H. 로런스의 당신이 날 만졌잖아요,D. H. 로런스,커뮤니케이션북스,오디오북,9791130000000 ,소설,2023-03-10
10899,신안진이 읽는 칸셀라와 루사레타의 운명은 어리석다,"아르투로 칸셀라, 필라드 데 루사레타",커뮤니케이션북스,오디오북,9791130000000 ,소설,2023-03-10
10900,정만식이 읽는 모리 오가이의 다카세부네,모리 오가이,커뮤니케이션북스,오디오북,9791130000000 ,소설,2023-03-10
10901,김석훈이 읽는 헤르만 헤세의 청춘은 아름다워라,헤르만 헤세,커뮤니케이션북스,오디오북,9791130000000 ,소설,2023-03-10
10902,이지혜가 읽는 마르셀 프루스트의 어느 소녀의 고백,마르셀 푸르스트,커뮤니케이션북스,오디오북,9791130000000 ,소설,2023-03-10
10903,박상종이 읽는 나쓰메 소세키의 편지,나쓰메 소세키,커뮤니케이션북스,오디오북,9791130000000 ,소설,2023-03-10
10904,예지원이 읽는 캐서린 맨스필드의 차 한 잔,캐서린 맨스필드,커뮤니케이션북스,오디오북,9791130000000 ,소설,2023-03-10
10905,박건형이 읽는 레프 톨스토이의 무도회가 끝난 뒤,레프 톨스토이,커뮤니케이션북스,오디오북,9791130000000 ,소설,2023-03-10
10906,배해선이 읽는 샬럿 퍼킨스 길먼의 노란 벽지,샬럿 퍼킨스 길먼,커뮤니케이션북스,오디오북,9791130000000 ,소설,2023-03-10
10907,박수영이 읽는 이반 투르게네프의 베진 초원,이반 투르게네프,커뮤니케이션북스,오디오북,9791130000000 ,소설,2023-03-10
10908,김명국이 읽는 알프레트 되블린의 민들레꽃의 살해,알프레트 되블린,커뮤니케이션북스,오디오북,9791130000000 ,소설,2023-03-10
10909,원근희가 읽는 허먼 멜빌의 필경사 바틀비,허먼 멜빌,커뮤니케이션북스,오디오북,9791130000000 ,소설,2023-03-10
10910,문채원이 읽는 토머스 하디의 우울한 독일 경기병,토머스 하디,커뮤니케이션북스,오디오북,9791130000000 ,소설,2023-03-10
10911,최승일이 읽는 막심 고리키의 첼카시,막심 고리키,커뮤니케이션북스,오디오북,9791130000000 ,소설,2023-03-10
10912,정성화가 읽는 오스카 와일드의 행복한 왕자,오스카 와일드,커뮤니케이션북스,오디오북,9791130000000 ,소설,2023-03-10
10913,김뢰하가 읽는 로버트 루이스 스티븐슨의 마크하임,로버트 루이스 스티븐슨,커뮤니케이션북스,오디오북,9791130000000 ,소설,2023-03-10
10914,문소리가 읽는 기 드 모파상의 목걸이,기 드 모파상,커뮤니케이션북스,오디오북,9791130000000 ,소설,2023-03-10
10915,지현준이 읽는 위다푸의 침륜,위다푸,커뮤니케이션북스,오디오북,9791130000000 ,소설,2023-03-10
10916,박호산이 읽는 프랜시스 스콧 피츠제럴드의 겨울 꿈,프랜시스 스콧 피츠제럴드,커뮤니케이션북스,오디오북,9791130000000 ,소설,2023-03-10
10917,전미도가 읽는 멈짜오 아깟담끙 라피팟의 사춘기,멈짜오 아깟담끙 라피팟,커뮤니케이션북스,오디오북,9791130000000 ,소설,2023-03-10
10918,박용수가 읽는 라이허의 뱀 선생,라이허,커뮤니케이션북스,오디오북,9791130000000 ,소설,2023-03-10
10919,이대연이 읽는 카렐 차페크의 배우 벤다의 실종,카렐 차페크,커뮤니케이션북스,오디오북,9791130000000 ,소설,2023-03-10
10920,이지하가 읽는 아르투어 슈니츨러의 죽은 자는 말이 없다,아르투어 슈니츨러,커뮤니케이션북스,오디오북,9791130000000 ,소설,2023-03-10
10921,안석환이 읽는 하인리히 폰 클라이스트의 주워온 아이,하인리히 폰 클라이스트,커뮤니케이션북스,오디오북,9791130000000 ,소설,2023-03-10
10922,서이숙이 읽는 샤오훙의 손,샤오훙,커뮤니케이션북스,오디오북,9791140000000 ,소설,2023-03-10
10923,송일국이 읽는 제임스 조이스의 작은 구름,제임스 조이스,커뮤니케이션북스,오디오북,9791130000000 ,소설,2023-03-10
10924,이종혁이 읽는 찰스 워델 체스넛의 그랜디슨의 통과,찰스 워뎃 체스넛,커뮤니케이션북스,오디오북,9791130000000 ,소설,2023-03-10
10925,우현주가 읽는 버지니아 울프의 유산,버지니아 울프,커뮤니케이션북스,오디오북,9791130000000 ,소설,2023-03-10
10926,정보석이 읽는 알베르 카뮈의 손님,알베르 카뮈,커뮤니케이션북스,오디오북,9791130000000 ,소설,2023-03-10
10927,길해연이 읽는 알렉산드르 푸시킨의 스페이드 여왕,알레산드르 푸시킨,커뮤니케이션북스,오디오북,9791130000000 ,소설,2023-03-10
10928,김의성이 읽는 어니스트 헤밍웨이의 킬리만자로의 눈,어니스트 헤밍웨이,커뮤니케이션북스,오디오북,9791130000000 ,소설,2023-03-10
10929,권해효가 읽는 고바야시 다키지의 독방,고바야시 다키지,커뮤니케이션북스,오디오북,9791130000000 ,소설,2023-03-10
10930,오지혜가 읽는 쉬디산의 춘타오,쉬디산,커뮤니케이션북스,오디오북,9791130000000 ,소설,2023-03-10
10931,김학철이 읽는 니콜라이 레스코프의 왼손잡이,니콜라이 레스코프,커뮤니케이션북스,오디오북,9791130000000 ,소설,2023-03-10
10932,박지일이 읽는 헨리 제임스의 진짜,헨리 제임스,커뮤니케이션북스,오디오북,9791130000000 ,소설,2023-03-10
10933,손숙이 읽는 오 헨리의 크리스마스 선물,오 헨리,커뮤니케이션북스,오디오북,9791130000000 ,소설,2023-03-10
10934,정우성이 읽는 조지 오웰의 코끼리를 쏘다,조지 오웰,커뮤니케이션북스,오디오북,9791130000000 ,소설,2023-03-10
10935,윤석화가 읽는 귀스타브 플로베르의 순박한 마음,귀스타브 플로베르,커뮤니케이션북스,오디오북,9791130000000 ,소설,2023-03-10
10936,윤주상이 읽는 찰스 디킨스의 신호원,찰스 디킨스,커뮤니케이션북스,오디오북,9791130000000 ,소설,2023-03-10
10937,이영애가 읽는 케이트 쇼팽의 데지레의 아기,케이트 쇼팽,커뮤니케이션북스,오디오북,9791130000000 ,소설,2023-03-10
10938,박정자가 읽는 윌리엄 포크너의 에밀리를 위한 장미,윌리엄 포크너,커뮤니케이션북스,오디오북,9791130000000 ,소설,2023-03-10
10939,정동환이 읽는 안톤 체호프의 롯실드의 바이올린,안톤 체호프,커뮤니케이션북스,오디오북,9791130000000 ,소설,2023-03-10
10940,김혜자가 읽는 라이너 마리아 릴케의 아기 예수,라이너 마리아 릴케,커뮤니케이션북스,오디오북,9791130000000 ,소설,2023-03-10
10941,이호재가 읽는 베르톨트 브레히트의 이단자의 외투,베르톨트 브레히트,커뮤니케이션북스,오디오북,9791130000000 ,소설,2023-03-10
10942,절대 배신하지 않는 공부의 기술,이상욱,웅진지식하우스,오디오북,9788900000000 ,성공학/처세술,2023-03-10
10943,인간 관계의 법칙,로버트 그린,웅진지식하우스,오디오북,9788900000000 ,인문/역사,2023-03-10
10944,"메타인지, 생각의 기술",오봉근,원앤원북스,오디오북,9791140000000 ,경제경영,2023-03-10
10945,있는 그대로 살아도 괜찮아,박찬위,떠오름,오디오북,9791140000000 ,에세이,2023-03-10
10946,투자자의 인문학 서재,서준식,한스미디어,오디오북,9791140000000 ,경제경영,2023-03-10
10947,"다시, 대화가 필요한 시간",황유선,황소북스,오디오북,9791140000000 ,성공학/처세술,2023-03-10
10948,유리멘탈을 위한 심리책,미즈시마 히로코,갤리온,오디오북,9788900000000 ,인문/역사,2023-03-10
10949,조선 시대 양반들은 어떻게 살았을까?,박수현,키다리,오디오북,9791160000000 ,유아,2023-03-10
10950,포근포근 낮잠을 자요,디디에뒤프레슨,키다리,오디오북,9791160000000 ,유아,2023-03-10
10951,치카치카 이를 닦아요,디디에뒤프레슨,키다리,오디오북,9791160000000 ,유아,2023-03-10
10952,쉿 이제 잘 시간이에요,디디에뒤프레슨,키다리,오디오북,9791160000000 ,유아,2023-03-10
10953,퐁당퐁당 목욕을해요,디디에뒤프레슨,키다리,오디오북,9791160000000 ,유아,2023-03-10
10954,기저귀 그만할래요,디디에뒤프레슨,키다리,오디오북,9791160000000 ,유아,2023-03-10
10955,혼자 입어요,디디에뒤프레슨,키다리,오디오북,9791160000000 ,유아,2023-03-10
10956,테크노믹스 시대의 부의 지도,"박상현, 고태봉",메이트북스,오디오북,9791140000000 ,투자/재테크,2023-03-10
10957,아이디어 생산법,제임스 W. 양,윌북,오디오북,9791160000000 ,성공학/처세술,2023-03-10
10958,나는 내가 좋은 엄마인 줄 알았습니다,앤절린 밀러,윌북,오디오북,9791160000000 ,인문/역사,2023-03-10
10959,철학은 어떻게 삶의 무기가 되는가,야마구치 슈,다산초당,오디오북,9791130000000 ,인문/역사,2023-03-10
10960,심리학을 만나 행복해졌다,장원청,미디어숲,오디오북,9791140000000 ,삶의자세,2023-03-10
10961,만남은 지겹고 이별은 지쳤다,색과 체,떠오름,오디오북,9791140000000 ,에세이,2023-03-10
10962,부자의 그릇,이즈미 마사토,다산북스,오디오북,9791130000000 ,투자/재테크,2023-03-10
10963,돈의 시나리오,"김종봉, 제갈현열",다산북스,오디오북,9791130000000 ,투자/재테크,2023-03-10
10964,노라와 모라,김선재,다산책방,오디오북,9791130000000 ,소설,2023-03-10
10965,"괜찮지 않을까, 우리가 함께라면","성진환, 오지은",수카,오디오북,9791130000000 ,에세이,2023-03-10
10966,마감 일기,"김민철, 이숙명, 권여선, 권남희, 강이슬, 임진아, 이영미, 김세희",놀,오디오북,9791130000000 ,에세이,2023-03-10
10967,자유로운 이기주의자,율리엔 바크하우스,다산북스,오디오북,9791130000000 ,성공학/처세술,2023-03-10
10968,작가는 처음이라,김태윤,다산북스,오디오북,9791130000000 ,성공학/처세술,2023-03-10
10969,예술의 쓸모,강은진,다산초당,오디오북,9791130000000 ,인문/역사,2023-03-10
10970,50의 품격은 말투로 완성된다,김범준,유영,오디오북,9791130000000 ,성공학/처세술,2023-03-10
10971,고양이는 내게 행복하라고 말했다,에두아르도 하우레기,다산책방,오디오북,9791130000000 ,소설,2023-03-10
10972,완전학습 바이블,임작가,다산에듀,오디오북,9791130000000 ,가정/생활/요리,2023-03-10
10973,정아에 대해 말하자면,김현진,다산책방,오디오북,9791130000000 ,소설,2023-03-10
10974,공감이 이끄는 조직,"메건 댈러커미나, 미셸 매퀘이드",다산북스,오디오북,9791130000000 ,경제경영,2023-03-10
10975,듣고 싶은 말을 했더니 잘 풀리기 시작했다,하라 구니오,유영,오디오북,9791130000000 ,성공학/처세술,2023-03-10
10976,그런 사람 또 없습니다,원태연,북로그컴퍼니,오디오북,9791190000000 ,시/에세이,2023-03-10
10977,그 사랑 놓치지 마라,이해인,마음산책,오디오북,9788960000000 ,에세이,2023-03-10
10978,어웨이크,박세니,책들의정원,오디오북,9791140000000 ,성공학/처세술,2023-03-10
10979,주린이도 술술 읽는 친절한 주식책,최정희/이슬기,메이트북스,오디오북,9791140000000 ,경제경영,2023-03-10
10980,피터 래빗 시리즈 전집,베아트릭스 포터,현대지성,오디오북,9791190000000 ,소설,2023-03-10
10981,소크라테스의 변명 크리톤·파이돈·향연,플라톤,현대지성,오디오북,9791170000000 ,인문/역사,2023-03-10
10982,5분 뚝딱 철학,김필영,스마트북스,오디오북,9791140000000 ,인문/역사,2023-03-10
10983,2억 빚을 진 내게 우주님이 가르쳐준 운이 풀리는 말버릇,고이케 히로시,나무생각,오디오북,9791160000000 ,삶의자세,2023-03-10
10984,너에게만 좋은 사람이 되고 싶어,유귀선,스튜디오오드리,오디오북,"	9791135761607",에세이,2023-03-10
10985,어린이라는 세계,김소영,사계절출판사,오디오북,9791140000000 ,에세이,2023-03-10
10986,완벽한 바나바,"테리 펜, 에릭 펜, 데빈 펜",북극곰,오디오북,9791170000000 ,유아,2023-03-10
10987,행운 바이러스,최형미,킨더랜드,오디오북,9788960000000 ,어린이,2023-03-10
10988,도서관에 간 외계인,"박미숙, 최향숙",킨더랜드,오디오북,9788960000000 ,어린이,2023-03-10
10989,파랑 오리,릴리아,킨더랜드,오디오북,9788960000000 ,유아,2023-03-10
10990,곰이 강을 따라갔을 때,리처드 T. 모리스,소원나무,오디오북,9791170000000 ,유아,2023-03-10
10991,나는 절대 저렇게 추하게 늙지 말아야지,심너울,아작,오디오북,9791170000000 ,소설,2023-03-10
10992,할머니의 용궁 여행,권민조,천개의바람,오디오북,9791170000000 ,유아,2023-03-10
10993,당신을 응원하는 누군가,선미화,시그마북스,오디오북,9791140000000 ,에세이,2023-03-10
10994,"요한, 씨돌, 용현 : 어디에나 있었고, 어디에도 없었던","SBS 스페셜 제작팀, 이큰별, 이승미",가나출판사,오디오북,9788960000000 ,에세이,2023-03-10
10995,"계획이 다 있었던 남자, 봉준호",이형석,북오션,오디오북,9788970000000 ,에세이,2023-03-10
10996,워킹맘을 위한 초등 1학년 준비법,이나연,글담,오디오북,9791190000000 ,가정/생활/요리,2023-03-10
10997,601호 재판관,박현숙,아이앤북,오디오북,9791160000000 ,어린이,2023-03-10
10998,종이 찢는 아이,박성철,아이앤북,오디오북,9791160000000 ,어린이,2023-03-10
10999,인문학적 성장을 위한 8개의 질문,김종원,나무생각,오디오북,9791160000000 ,인문/역사,2023-03-10
11000,나의 숲을 지켜 줘,윤혜숙,키다리,오디오북,9791160000000 ,유아,2023-03-10
11001,사도의 8일 : 생각할수록 애련한,조성기,한길사,오디오북,9788940000000 ,소설,2023-03-10
11002,나는 괜찮아요,박영현,생각나눔,오디오북,9791170000000 ,에세이,2023-03-10
11003,삐삐언니는 조울의 사막을 건넜어,이주현,한겨례출판,오디오북,9791160000000 ,에세이,2023-03-10
11004,관계에도 연습이 필요합니다,박상미,웅진지식하우스,오디오북,9791140000000 ,삶의자세,2023-03-10
11005,실격당한 자들을 위한 변론,김원영,사계절,오디오북,9791160000000 ,정치/사회,2023-03-10
11006,기분이 태도가 되지 않게,레몬심리,갤리온,오디오북,9788900000000 ,인문/역사,2023-03-10
11007,귀찮지만 행복해 볼까,권남희,상상출판,오디오북,9791190000000 ,에세이,2023-03-10
11008,나의 최소 취향 이야기,신미경,상상출판,오디오북,9791190000000 ,에세이,2023-03-10
11009,어쨌든 미술은 재밌다,박혜성,글담,오디오북,9791140000000 ,예술/대중문화,2023-03-10
11010,이것이 인공지능이다,김명락,슬로미디어,오디오북,9791140000000 ,마케팅/세일즈,2023-03-10
11011,까만 코다 (개정판),이루리,북극곰,오디오북,9791170000000 ,유아,2023-03-10
11012,북극곰 코다 두 번째 이야기 : 호 (개정판),이루리,북극곰,오디오북,9791170000000 ,유아,2023-03-10
11013,레모네이드가 좋아요,마크 서머셋,북극곰,오디오북,9791170000000 ,유아,2023-03-10
11014,똑똑해지는 약,마크 서머셋,북극곰,오디오북,9791170000000 ,유아,2023-03-10
11015,약국에 없는 약 이야기,박성규,MID 엠아이디,오디오북,9791140000000 ,인문/역사,2023-03-10
11016,홍대 앞은 왜 홍대를 다니지 않는 사람들로 가득할까,장기민,리드리드출판,오디오북,9791140000000 ,성공학/처세술,2023-03-10
11017,최고의 인테리어는 정리입니다,정희숙,가나출판사,오디오북,9791140000000 ,실용,2023-03-10
11018,터널,이귤희,국민서관,오디오북,9788910000000 ,어린이,2023-03-10
11019,튀김이 떡볶이에 빠진 날,최은옥,국민서관,오디오북,9788910000000 ,어린이,2023-03-10
11020,"After corona, 다른 세상이 열리고 있다",김경준,국가경영전략연구원,오디오북,9791140000000 ,인문/역사,2023-03-10
11021,조선시대 역경 속의 리더십 - 역병을 중심으로,신병주,국가경영전략연구원,오디오북,9791140000000 ,인문/역사,2023-03-10
11022,"팬데믹, 글로벌 금융과 한국",김경수,국가경영전략연구원,오디오북,9791140000000 ,경제경영,2023-03-10
11023,역사학자 정기문의 식사,정기문,책과함께,오디오북,9791190000000 ,인문/역사,2023-03-10
11024,농경의 배신,제임스 C. 스콧,책과함께,오디오북,9791190000000 ,인문/역사,2023-03-10
11025,저스트 어 모멘트,이경화,탐,오디오북,9788960000000 ,소설,2023-03-10
11026,사춘기라서 그래?,이명랑,탐,오디오북,9788960000000 ,소설,2023-03-10
11027,나는 왠지 대박날 것만 같아!,손정현,이은북,오디오북,9791190000000 ,성공학/처세술,2023-03-10
11028,"나, 함께 산다",서중원,오월의봄,오디오북,9791190000000 ,정치/사회,2023-03-10
11029,거의 완벽에 가까운 사람들,마이클 부스,글항아리,오디오북,9788970000000 ,정치/사회,2023-03-10
11030,미술관에 간 심리학,윤현희,믹스커피,오디오북,9791140000000 ,예술/대중문화,2023-03-10
11031,부자는 매일 아침 경제기사를 읽는다,임현우,책들의정원,오디오북,9791140000000 ,경제경영,2023-03-10
11032,"진이, 지니",정유정,은행나무출판사,오디오북,9791190000000 ,소설,2023-03-10
11033,미니어처 하우스,"김아정,박규민,박선우,오성은",은행나무출판사,오디오북,9791190000000 ,소설,2023-03-10
11034,[공룡나라 친구들] 알을 주운 프시타코 사우루스,캐서린 비치,풀빛,오디오북,9791160000000 ,어린이,2023-03-10
11035,[공룡나라 친구들] 친구가 없는 스피노 사우루스,캐서린 비치,풀빛,오디오북,9791160000000 ,어린이,2023-03-10
11036,[공룡나라 친구들] 이가 너무 아픈 알로사우루스,캐서린 비치,풀빛,오디오북,9791160000000 ,어린이,2023-03-10
11037,[공룡나라 친구들] 꼬리 곤봉이 싫은 안킬로사우루스,프랜 브로매지,풀빛,오디오북,9791160000000 ,어린이,2023-03-10
11038,[공룡나라 친구들] 친구가 보고 싶은 스테고사우루스,캐서린 비치,풀빛,오디오북,9791160000000 ,어린이,2023-03-10
11039,[공룡나라 친구들] 자기밖에 모르는 플라테오사우루스,캐서린 비치,풀빛,오디오북,9791160000000 ,어린이,2023-03-10
11040,[공룡나라 친구들] 잠들지 못하는 이구아노돈,캐서린 비치,풀빛,오디오북,9791160000000 ,어린이,2023-03-10
11041,[공룡나라 친구들] 엉뚱한 생각만 하는 디플로도쿠스,프랜 브로매지,풀빛,오디오북,9791160000000 ,어린이,2023-03-10
11042,[공룡나라 친구들] 참견하기 좋아하는 브라키오사우루스,캐서린 비치,풀빛,오디오북,9791160000000 ,어린이,2023-03-10
11043,[공룡나라 친구들] 항상 급한 벨로키랍토르,프랜 브로매지,풀빛,오디오북,9791160000000 ,어린이,2023-03-10
11044,[공룡나라 친구들] 겁이 많은 티라노 사우루스,프랜 브로매지,풀빛,오디오북,9791160000000 ,어린이,2023-03-10
11045,철학과 굴뚝청소부,이진경,그린비,오디오북,9788980000000 ,인문/역사,2023-03-10
11046,살고 싶다는 농담,허지웅,웅진지식하우스,오디오북,9788900000000 ,에세이,2023-03-10
11047,해빗,웬디 우드,"다산북스",오디오북,9791130000000 ,성공학/처세술,2023-03-10
11048,단추 마녀와 쓰레기 괴물,정란희,키다리,오디오북,9791160000000 ,어린이,2023-03-10
11049,정조의 말,정창권,이다북스,오디오북,9791190000000 ,삶의자세,2023-03-10
11050,미치도록 잡고 싶다,정락인,이다북스,오디오북,9791190000000 ,정치/사회,2023-03-10
11051,"별, 할머니, 미생물, 그리고 사랑",이낙원,밥북,오디오북,9791160000000 ,시/에세이,2023-03-10
11052,축구 소녀 마루와 슈퍼닥터,조연화,고래책빵,오디오북,9791160000000 ,어린이,2023-03-10
11053,톨스토이 고백록,레프 톨스토이,현대지성,오디오북,9791190000000 ,인문/역사,2023-03-10
11054,아라비안 나이트,작자미상,현대지성,오디오북,9791190000000 ,소설,2023-03-10
11055,끝까지 남겨두는 그 마음,나태주,북로그컴퍼니,오디오북,9791190000000 ,시/에세이,2023-03-10
11056,SF는 정말 끝내주는데,심완선,에이플랫,오디오북,9791190000000 ,인문/역사,2023-03-10
11057,함께 사는 다문화 왜 중요할까요?,홍명진,어린이나무생각,오디오북,9791160000000 ,어린이,2023-03-10
11058,이런 사람 만나지 마세요,유영만,나무생각,오디오북,9791160000000 ,에세이,2023-03-10
11059,생각하는 것이 왜 중요할까요?,이관호,어린이나무생각,오디오북,9791160000000 ,어린이,2023-03-10
11060,말잘하는 사람은 잡담부터 합니다,요시다 유코,다산북스,오디오북,9791130000000 ,성공학/처세술,2023-03-10
11061,나는 반려동물과 산다,이선이 외 9인,"다산에듀",오디오북,9791130000000 ,정치/사회,2023-03-10
11062,문제적 고전살롱,유광수,"유영",오디오북,9791130000000 ,인문/역사,2023-03-10
11063,컵 이야기,박성우,"오티움",오디오북,9791130000000 ,소설,2023-03-10
11064,꽃잎처럼,정도상,"다산책방",오디오북,9791130000000 ,소설,2023-03-10
11065,"여름, 어디선가 시체가",박연선,"놀",오디오북,9791130000000 ,소설,2023-03-10
11066,완전소화,류은경,다산라이프,오디오북,9791130000000 ,건강/의학,2023-03-10
11067,나의 할머니에게,"윤성희, 백수린, 강화길","다산북스",오디오북,9791130000000 ,소설,2023-03-10
11068,"사랑할까, 먹을까",황윤,한겨레출판,오디오북,9791160000000 ,정치/사회,2023-03-10
11069,9번의 일,김혜진,한겨레출판,오디오북,9791160000000 ,소설,2023-03-10
11070,빨간 내복의 초능력자 3,서지원,와이즈만북스,오디오북,없음,어린이,2023-03-10
11071,빨간 내복의 초능력자 2,서지원,와이즈만북스,오디오북,없음,어린이,2023-03-10
11072,빨간 내복의 초능력자 1,서지원,와이즈만북스,오디오북,없음,어린이,2023-03-10
11073,상자 속에 든 남자,안톤 체호프,이북코리아,오디오북,없음,소설,2023-03-10
11074,명상록,마르쿠스 아우렐리우스,현대지성,오디오북,9791190000000 ,인문/역사,2023-03-10
11075,녹두꽃 바람 불 적에,최유정,리틀씨앤톡,오디오북,없음,어린이,2023-03-10
11076,피자 맛의 진수,윤혜숙,씨앤톡,오디오북,없음,어린이,2023-03-10
11077,"지금, 행복하고 싶어",이소연,중앙북스,오디오북,9791140000000 ,에세이,2023-03-10
11078,가루전쟁,도현신,이다북스,오디오북,9791140000000 ,인문/역사,2023-03-10
11079,조선 직장인 열전,신동욱,국민출판시,오디오북,9791140000000 ,인문/역사,2023-03-10
11080,당신이 꽃같이 돌아오면 좋겠다,고재욱,웅진지식하우스,오디오북,9791140000000 ,에세이,2023-03-10
11081,돈의 속성,김승호,스노우폭스북스,오디오북,9791190000000 ,투자/재테크,2023-03-10
11082,무례한 사람에게 웃으며 대처하는 법,정문정,㈜가나출판사,오디오북,9788960000000 ,에세이,2023-03-10
11083,적당히 가까운 사이,댄싱스네일,허밍버드,오디오북,9791140000000 ,에세이,2023-03-10
11084,월요일이 무섭지 않은 내향인의 기술,안현진,소울하우스,오디오북,9791140000000 ,성공학/처세술,2023-03-10
11085,우아하게 저항하라,조주희,중앙북스,오디오북,9791140000000 ,성공학/처세술,2023-03-10
11086,시간과 장의사,이묵돌,냉수,오디오북,9791140000000 ,소설,2023-03-10
11087,마당을 나온 암탉,황선미,사계절,오디오북,9791160000000 ,어린이,2023-03-10
11088,"나는 자주 죽고 싶었고, 가끔 정말 살고 싶었다",아른힐 레우뱅,생각정원,오디오북,9791140000000 ,에세이,2023-03-10
11089,내 친구 보푸리,다카하시 노조미,북극곰,오디오북,9791170000000 ,유아,2023-03-10
11090,순이와 빨간 상자,고우리,봄봄출판사,오디오북,9791190000000 ,유아,2023-03-10
11091,"물고기 씨, 안녕하세요?",강하연,봄봄출판사,오디오북,9791190000000 ,유아,2023-03-10
11092,여행의 미래,김다영,미래의창,오디오북,9791140000000 ,경제경영,2023-03-10
11093,게으르지만 콘텐츠로 돈은 잘 법니다,신태순,나비의활주로,오디오북,9791140000000 ,마케팅/세일즈,2023-03-10
11094,내가 원하는 것을 나도 모를 때,전승환,다산초당,오디오북,9791130000000 ,에세이,2023-03-10
11095,내 마음은 내가 결정합니다,정정엽,다산초당,오디오북,9791130000000 ,인문/역사,2023-03-10
11096,시의 온도,"이덕무,한정주",다산초당,오디오북,9791130000000 ,시/에세이,2023-03-10
11097,인생은 언제나 조금씩 어긋난다,박애희,수카,오디오북,9791130000000 ,에세이,2023-03-10
11098,할매가 돌아왔다,김범,다산책방,오디오북,9791130000000 ,소설,2023-03-10
11099,부의 확장,"천영록,제갈현열",다산북스,오디오북,9791130000000 ,투자/재테크,2023-03-10
11100,아침의 피아노,김진영,한겨레출판,오디오북,9791160000000 ,에세이,2023-03-10
11101,눈에 좋은 그림책,이현,국민서관,오디오북,9788910000000 ,어린이,2023-03-10
11102,이가 튼튼 그림책,이현,국민서관,오디오북,9788910000000 ,어린이,2023-03-10
11103,공룡이 쿵쿵쿵,윤미경,국민서관,오디오북,9788910000000 ,어린이,2023-03-10
11104,참게의 여행,양상용,국민서관,오디오북,9788910000000 ,어린이,2023-03-10
11105,곰 아저씨의 선물,고혜진,국민서관,오디오북,9788910000000 ,어린이,2023-03-10
11106,팥죽 호랑이와 일곱 녀석,최은옥,국민서관,오디오북,9788910000000 ,어린이,2023-03-10
11107,난난난,영민,국민서관,오디오북,9788910000000 ,어린이,2023-03-10
11108,인절미 시집가는 날,김아인,국민서관,오디오북,9788910000000 ,어린이,2023-03-10
11109,털실 한 뭉치,홍종의,국민서관,오디오북,9788910000000 ,어린이,2023-03-10
11110,강아지 복실이,한미호,국민서관,오디오북,9788910000000 ,어린이,2023-03-10
11111,맛있는 구름 콩: 두부이야기,임정진,국민서관,오디오북,9788910000000 ,어린이,2023-03-10
11112,여름 휴가,장영복,국민서관,오디오북,9788910000000 ,어린이,2023-03-10
11113,바람이 살랑,조미자,국민서관,오디오북,9788910000000 ,어린이,2023-03-10
11114,으라차차 큰 일꾼,정해왕,국민서관,오디오북,9788910000000 ,어린이,2023-03-10
11115,선녀를 찾아 하늘나라로 올라간 나무꾼,이상교,국민서관,오디오북,9788910000000 ,어린이,2023-03-10
11116,견우와 직녀,오정희,국민서관,오디오북,9788910000000 ,어린이,2023-03-10
11117,신선바위 똥바위,김하늬,국민서관,오디오북,9788910000000 ,어린이,2023-03-10
11118,며느리 방귀 복방귀,조호상,국민서관,오디오북,9788910000000 ,어린이,2023-03-10
11119,혹부리 할아버지,송언,국민서관,오디오북,9788910000000 ,어린이,2023-03-10
11120,도깨비와 범벅장수,이상교,국민서관,오디오북,9788910000000 ,어린이,2023-03-10
11121,해님 달님,송재찬,국민서관,오디오북,9788910000000 ,어린이,2023-03-10
11122,그렇게 물어보면 원하는 답을 들을 수 없습니다,김호,위즈덤하우스,오디오북,"97911357	52506",성공학/처세술,2023-03-10
11123,엄마도 엄마를 사랑했으면 좋겠어,장해주,허밍버드,오디오북,9791140000000 ,에세이,2023-03-10
11124,프리콘,김종훈,엠아이디,오디오북,9791140000000 ,경제경영,2023-03-10
11125,딱 1년만 옷 안 사고 살아보기,임다혜,잇콘,오디오북,9791140000000 ,성공학/처세술,2023-03-10
11126,당신이 부자가 되었으면 좋겠어요,박윤경,잇콘,오디오북,9791140000000 ,투자/재테크,2023-03-10
11127,하버드 100년 전통 말하기 수업,류리나,리드리드출판,오디오북,9791140000000 ,성공학/처세술,2023-03-10
11128,곁에 두고 읽는 인생 문장,김환영,중앙북스,오디오북,9791140000000 ,삶의자세,2023-03-10
11129,"고수와의 대화, 생산성을 말하다",한근태,미래의 창,오디오북,9791140000000 ,성공학/처세술,2023-03-10
11130,"안녕, 나의 보물들",제인 고드윈,모래알,오디오북,9791160000000 ,어린이,2023-03-10
11131,오늘은 아빠의 안부를 물어야겠습니다,윤여준,모래알,오디오북,9791160000000 ,어린이,2023-03-10
11132,결 : 거칢에 대하여,홍세화,한겨례출판,오디오북,9791140000000 ,정치/사회,2023-03-10
11133,유리병 마술 (The Glass Bottle Trick),네일로 홉킨슨,아작,오디오북,9791170000000 ,소설,2023-03-10
11134,하버드 부자 수업,무천강,리드리드출판,오디오북,9791140000000 ,마케팅/세일즈,2023-03-10
11135,아라비안 나이트,리처드 프랜시스 버튼,왓북,오디오북,9791160000000 ,소설,2023-03-10
11136,부자의 독서,"김학렬, 김로사, 김익수",리더스북,오디오북,9791140000000 ,성공학/처세술,2023-03-10
11137,사랑의 목격,최유수,허밍버드,오디오북,9791140000000 ,에세이,2023-03-10
11138,늑대여자 (Gestella),수전 팰위크,아작,오디오북,9791170000000 ,소설,2023-03-10
11139,버찌 잼 토스트,문지나,북극곰,오디오북,9791190000000 ,어린이,2023-03-10
11140,최고의 이름,루치루치,북극곰,오디오북,9791190000000 ,어린이,2023-03-10
11141,여자를 위한 사장 수업,김영휴,다른상상,오디오북,9791140000000 ,성공학/처세술,2023-03-10
11142,나는 나무에게 인생을 배웠다,우종영,메이븐,오디오북,9791140000000 ,인문/역사,2023-03-10
11143,목소리를 드릴게요 (세트),정세랑,아작,오디오북,9791170000000 ,소설,2023-03-10
11144,혼자일 때도 괜찮은 사람,권미선,허밍버드,오디오북,9791140000000 ,에세이,2023-03-10
11145,습관의 완성,이범용,스마트북스,오디오북,9791140000000 ,삶의자세,2023-03-10
11146,딸에게 보내는 심리학 편지,한성희,메이븐,오디오북,9791140000000 ,인문/역사,2023-03-10
11147,마녀의 빵,오 헨리,이북코리아,오디오북,9791140000000 ,소설,2023-03-10
11148,데일 카네기 인간관계론,데일 카네기,현대지성,오디오북,9791190000000 ,삶의자세,2023-03-10
11149,에이트,이지성,차이정원,오디오북,9791140000000 ,삶의자세,2023-03-10
11150,출근길의 주문,이다혜,한겨레출판,오디오북,9791140000000 ,성공학/처세술,2023-03-10
11151,2020 부의 지각변동 ? 미래가 보내온 7가지 시그널,박종훈 KBS 보도본부 경제부장,국가경영전략연구원,오디오북,9791140000000 ,경제경영,2023-03-10
11152,오늘 밤은 굶고 자야지,박상영,한겨레출판,오디오북,9791160000000 ,에세이,2023-03-10
11153,나는 매일 도서관에 가는 엄마입니다,이혜진,로그인,오디오북,9791140000000 ,인문/역사,2023-03-10
11154,청춘의 문장들,김연수,마음산책,오디오북,9788960000000 ,에세이,2023-03-10
11155,축복받은 집,줌파 라히리,마음산책,오디오북,9788960000000 ,소설,2023-03-10
11156,필 때도 질 때도 동백꽃처럼,이해인,마음산책,오디오북,9788960000000 ,에세이,2023-03-10
11157,만든 눈물 참은 눈물,이승우,마음산책,오디오북,9788960000000 ,소설,2023-03-10
11158,너는 너로 살고 있니,김숨,마음산책,오디오북,9788960000000 ,소설,2023-03-10
11159,웬만해선 아무렇지 않다,이기호,마음산책,오디오북,9788960000000 ,소설,2023-03-10
11160,말하자면 좋은 사람,정이현,마음산책,오디오북,9788960000000 ,소설,2023-03-10
11161,세 가지 소원,박완서,마음산책,오디오북,9788960000000 ,소설,2023-03-10
11162,나는 그것에 대해 아주 오랫동안 생각해,김금희,마음산책,오디오북,9788960000000 ,소설,2023-03-10
11163,아빠 쉬는 날,차야다,북극곰,오디오북,9791190000000 ,어린이,2023-03-10
11164,새벽의 방문자들,"장류진, 하유지, 정지향, 박민정, 김현, 김현진",다산책방,오디오북,9791130000000 ,소설,2023-03-10
11165,얼음나무 숲,하지은,황금가지,오디오북,9791160000000 ,소설,2023-03-10
11166,또 이 따위 레시피라니,줄리언 반스,다산책방,오디오북,9791130000000 ,에세이,2023-03-10
11167,역사의 쓸모,최태성,다산북스,오디오북,9791130000000 ,인문/역사,2023-03-10
11168,심미안 수업,윤광준,지와인,오디오북,9791200000000 ,인문/역사,2023-03-10
11169,굿바이 파라다이스,강지영,에브리북,오디오북,9791160000000 ,소설,2023-03-10
11170,남편을 죽이는 서른가지 방법,서미애,에브리북,오디오북,9791160000000 ,소설,2023-03-10
11171,우리 아이 잘 자라고 있나요?,허그맘 아동심리상담센터,예담friend,오디오북,9791140000000 ,가정/생활/요리,2023-03-10
11172,마흔으로 산다는 것,박형근,미래북,오디오북,9791140000000 ,성공학/처세술,2023-03-10
11173,경제를 모르는 그대에게,박병률,메이트북스,오디오북,9791140000000 ,경제경영,2023-03-10
11174,진정성 마케팅,"김상훈, 박상미",21세기북스,오디오북,9791140000000 ,경제경영,2023-03-10
11175,결정적인 순간 힘을 발휘하는 최강의 말하기,손영주,나비의활주로,오디오북,9791140000000 ,성공학/처세술,2023-03-10
11176,루쉰 문학선,루쉰,엑스북스,오디오북,9791190000000 ,소설,2023-03-10
11177,쓸 만한 인간,배우 박정민,상상출판,오디오북,9791140000000 ,에세이,2023-03-10
11178,테마로 배우는 리얼 스피킹 (일상편) step2,이현석,파고다,오디오북,없음,영어,2023-03-10
11179,테마로 배우는 리얼 스피킹 (일상편) step1,이현석,파고다,오디오북,없음,영어,2023-03-10
11180,이만하면 다행인 하루,김다희,21세기북스,오디오북,9791140000000 ,에세이,2023-03-10
11181,그날 당신이 내게 말을 걸어서,허은실,위즈덤하우스,오디오북,9791140000000 ,에세이,2023-03-10
11182,참모로 산다는 것,신병주,매일경제신문사,오디오북,9791140000000 ,인문/역사,2023-03-10
11183,손님이 모이는 디테일,"박지훈, 주시태",매일경제신문사,오디오북,9791140000000 ,경제경영,2023-03-10
11184,내 모든 습관은 여행에서 만들어졌다,김민식,위즈덤하우스,오디오북,9791140000000 ,성공학/처세술,2023-03-10
11185,은둔여행자,양수련,양북스,오디오북,9791160000000 ,소설,2023-03-10
11186,하마터면 완벽한 엄마가 되려고 노력할 뻔했다,윤옥희,메이트북스,오디오북,9791140000000 ,가정/생활/요리,2023-03-10
11187,우리 아이가 달라졌어요,마더커뮤니케이션,마더커뮤니케이션,오디오북,9791140000000 ,가정/생활/요리,2023-03-10
11188,댓글왕 곰손 선생님,양승현,소원나무,오디오북,9791170000000 ,어린이,2023-03-10
11189,호랑이를 물리친 재투성이 재덕이,한상순,아이앤북,오디오북,9791160000000 ,어린이,2023-03-10
11190,"요즘 애들, 요즘 어른들",김용섭,21세기북스,오디오북,9791140000000 ,경제경영,2023-03-10
11191,나는 마음 놓고 죽었다,임선경,뮤진트리,오디오북,9791160000000 ,소설,2023-03-10
11192,죽음의 에티켓,롤란드슐츠,스노우북스폭스,오디오북,9791140000000 ,인문/역사,2023-03-10
11193,"멈추지 마, 다시 꿈부터 써봐",김수영,꿈꾸는지구,오디오북,9791140000000 ,삶의자세,2023-03-10
11194,단박에 조선사,심용환,위즈덤하우스,오디오북,9791140000000 ,인문/역사,2023-03-10
11195,주문을 틀리는 요리점,오구니 시로,웅진지식하우스,오디오북,9791140000000 ,에세이,2023-03-10
11196,최고의 팀은 무엇이 다른가, 대니얼 코일,웅진지식하우스,오디오북,9788900000000 ,경제경영,2023-03-10
11197,하버드 새벽 4시 반,웨이슈잉,라이스메이커,오디오북,9791140000000 ,성공학/처세술,2023-03-10
11198,아직은 끝이 아니야 - 아직은 끝이 아니야,고호관,아작,오디오북,9791140000000 ,소설,2023-03-10
11199,문장의 온도,이덕무,다산초당,오디오북,9791130000000 ,인문/역사,2023-03-10
11200,차라리 이기적으로 살 걸 그랬습니다,김영훈,21세기북스,오디오북,9791140000000 ,인문/역사,2023-03-10
11201,나 홀로 버스,남강한,북극곰,오디오북,9791190000000 ,어린이,2023-03-10
11202,빈센트 나의 빈센트,정여울,21세기북스,오디오북,9791140000000 ,에세이,2023-03-10
11203,열두 시에 라면을 끓인다는 건,정다이,경향BP,오디오북,9791140000000 ,에세이,2023-03-10
11204,줄무늬 미용실,홍유경,북극곰,오디오북,9791190000000 ,어린이,2023-03-10
11205,여행자의 하룻밤,이안수,남해의봄날,오디오북,9791140000000 ,에세이,2023-03-10
11206,가장 예쁜 생각을 너에게 주고 싶다,나태주,알에이치코리아,오디오북,9791140000000 ,시/에세이,2023-03-10
11207,나를 뺀 세상의 전부,김소연,마음의숲,오디오북,9791140000000 ,에세이,2023-03-10
11208,마음이 살짝 기운다,나태주,알에이치코리아,오디오북,9791140000000 ,시/에세이,2023-03-10
11209,똑똑한 영어 읽기 Wise & Wide 1-3. 폭풍우 속의 그림자 (Shadows in the Storm),Sarah J. Dodd,다락원,오디오북,9788930000000 ,동화,2023-03-10
11210,똑똑한 영어 읽기 Wise & Wide 1-2. 이솝우화 (Aesop’s Fables),Sarah J. Dodd,다락원,오디오북,9788930000000 ,동화,2023-03-10
11211,똑똑한 영어 읽기 Wise & Wide 1-1. 숨어서 잠자기 (Hide and Sleep),Suzanne Pitner,다락원,오디오북,9788930000000 ,동화,2023-03-10
11212,차이나는 클라스,JTBC 차이나는 클라스 제작진 외,중앙북스,오디오북,9791140000000 ,정치/사회,2023-03-10
11213,곁에 남아 있는 사람 - 곁에 남아 있는 사람,임경선,위즈덤하우스,오디오북,9791140000000 ,소설,2023-03-10
11214,곁에 남아 있는 사람 - 치앙마이,임경선,위즈덤하우스,오디오북,9791140000000 ,소설,2023-03-10
11215,똑똑한 영어 읽기 Wise & Wide 6-10. 그림에 관해 알아야 할 것들 (Things to Know about Paintings),Sarah J. Dodd,다락원,오디오북,9788930000000 ,동화,2023-03-10
11216,똑똑한 영어 읽기 Wise & Wide 6-9. 세계의 위대한 지도자들 (Great Leaders of the World),Cathy C. Hall,다락원,오디오북,9788930000000 ,동화,2023-03-10
11217,똑똑한 영어 읽기 Wise & Wide 6-8. 베니스의 상인 (The Merchant of Venice),Sarah J. Dodd,다락원,오디오북,9788930000000 ,동화,2023-03-10
11218,똑똑한 영어 읽기 Wise & Wide 6-7. 활약하는 동물들 (Animals in Action),Sarah J. Dodd,다락원,오디오북,9788930000000 ,동화,2023-03-10
11219,똑똑한 영어 읽기 Wise & Wide 6-6. 낭만주의 시대의 작곡가들 (Romantic Era Composers),Suzanne Pitner,다락원,오디오북,9788930000000 ,동화,2023-03-10
11220,똑똑한 영어 읽기 Wise & Wide 6-5. 멋진 보드 스포츠 (Cool Board Sports),Lisa Ricard Claro,다락원,오디오북,9788930000000 ,동화,2023-03-10
11221,똑똑한 영어 읽기 Wise & Wide 6-4. 가장 좋은 친구 (The Best of Friends),Sarah J. Dodd,다락원,오디오북,9788930000000 ,동화,2023-03-10
11222,똑똑한 영어 읽기 Wise & Wide 6-3. 별의 신화 (The Myths in the Stars),Brooke Rousseau,다락원,오디오북,9788930000000 ,동화,2023-03-10
11223,똑똑한 영어 읽기 Wise & Wide 6-2. 황금 비율의 비밀 (The Secret of the Golden Ratio),Sarah J. Dodd,다락원,오디오북,9788930000000 ,동화,2023-03-10
11224,똑똑한 영어 읽기 Wise & Wide 6-1. 캠프 데인저로의 여행 (A Trip to Camp Danger),Sarah J. Dodd,다락원,오디오북,9788930000000 ,동화,2023-03-10
11225,똑똑한 영어 읽기 Wise & Wide 5-10. 세계사를 바꾼 결정적 순간들 (Turning Points in World History),Suzanne Pitner,다락원,오디오북,9788930000000 ,동화,2023-03-10
11226,똑똑한 영어 읽기 Wise & Wide 5-9. 15소년 표류기 (Adrift in the Pacific),Sarah J. Dodd,다락원,오디오북,9788930000000 ,동화,2023-03-10
11227,똑똑한 영어 읽기 Wise & Wide 5-8. 심리학을 찾아서 (Finding Psychology),Cathy C. Hall,다락원,오디오북,9788930000000 ,동화,2023-03-10
11228,똑똑한 영어 읽기 Wise & Wide 5-7. 명화 속의 비밀 (Hidden Secrets of Famous Paintings),Sarah J. Dodd,다락원,오디오북,9788930000000 ,동화,2023-03-10
11229,똑똑한 영어 읽기 Wise & Wide 5-6. 로봇에 관한 모든 것 (All about Robots),Sarah J. Dodd,다락원,오디오북,9788930000000 ,동화,2023-03-10
11230,똑똑한 영어 읽기 Wise & Wide 5-5. 박물관의 미스터리 (Mystery at the Museum),Cathy C. Hall,다락원,오디오북,9788930000000 ,동화,2023-03-10
11231,똑똑한 영어 읽기 Wise & Wide 5-4. 우진이의 날씨 쇼 (Woojin’s Weather Show),Brooke Rousseau,다락원,오디오북,9788930000000 ,동화,2023-03-10
11232,똑똑한 영어 읽기 Wise & Wide 5-3. 아서왕 (King Arthur),Sarah J. Dodd,다락원,오디오북,9788930000000 ,동화,2023-03-10
11233,똑똑한 영어 읽기 Wise & Wide 5-2. 쉬지 않는 지구 (Restless Earth),Sarah J. Dodd,다락원,오디오북,9788930000000 ,동화,2023-03-10
11234,똑똑한 영어 읽기 Wise & Wide 5-1. 아마존의 놀라운 동물들 (Amazing Animals of the Amazon),Brooke Rousseau,다락원,오디오북,9788930000000 ,동화,2023-03-10
11235,똑똑한 영어 읽기 Wise & Wide 4-10. 세계의 가장 인기있는 스포츠 (The World’s Most Popular Sports),Suzanne Pitner,다락원,오디오북,9788930000000 ,동화,2023-03-10
11236,똑똑한 영어 읽기 Wise & Wide 4-9. 셜록 홈즈 이야기 (Stories of Sherlock Holmes),Sarah J. Dodd,다락원,오디오북,9788930000000 ,동화,2023-03-10
11237,똑똑한 영어 읽기 Wise & Wide 4-8. 골드러시! (Gold Rush!),Sarah J. Dodd,다락원,오디오북,9788930000000 ,동화,2023-03-10
11238,똑똑한 영어 읽기 Wise & Wide 4-7. 우리 주변의 위대한 발명품 (The Great Inventions around us),Lisa Ricard Claro,다락원,오디오북,9788930000000 ,동화,2023-03-10
11239,똑똑한 영어 읽기 Wise & Wide 4-6. 유령 전시회장 (A Gallery of Ghosts),Cathy C. Hall,다락원,오디오북,9788930000000 ,동화,2023-03-10
11240,똑똑한 영어 읽기 Wise & Wide 4-5. 투란도트 / 아이다 (Turandot / Aida),Sarah J. Dodd,다락원,오디오북,9788930000000 ,동화,2023-03-10
11241,똑똑한 영어 읽기 Wise & Wide 4-4. 세계의 놀라운 고대 문화 (Amazing Ancient Cultures of the World,Brooke Rousseau,다락원,오디오북,9788930000000 ,동화,2023-03-10
11242,똑똑한 영어 읽기 Wise & Wide 4-3. 세계의 천지창조 이야기 (Creation Stories from around the World),Sarah J. Dodd,다락원,오디오북,9788930000000 ,동화,2023-03-10
11243,"똑똑한 영어 읽기 Wise & Wide 4-2. 먹을 수 있는 녹색 기계 (The Edible, Green Machine)",Sarah J. Dodd,다락원,오디오북,9788930000000 ,동화,2023-03-10
11244,똑똑한 영어 읽기 Wise & Wide 4-1. 자연과의 삶 (Living with Nature),"Peter Wynne-Willson, Ruth Wilson",다락원,오디오북,9788930000000 ,동화,2023-03-10
11245,똑똑한 영어 읽기 Wise & Wide 3-10. 오 헨리 단편 소설 (O. Henry’s Short Stories),Suzanne Pitner,다락원,오디오북,9788930000000 ,동화,2023-03-10
11246,똑똑한 영어 읽기 Wise & Wide 3-9. 누가 회장이 될까? (Who’ll Be President?),Cathy C. Hall,다락원,오디오북,9788930000000 ,동화,2023-03-10
11247,똑똑한 영어 읽기 Wise & Wide 3-8. 숲에서 길을 잃다 (Lost in the Forest),Sarah J. Dodd,다락원,오디오북,9788930000000 ,동화,2023-03-10
11248,똑똑한 영어 읽기 Wise & Wide 3-7. 일상 속의 재미있는 수학 (Fun Math in Everyday Life),Sarah J. Dodd,다락원,오디오북,9788930000000 ,동화,2023-03-10
11249,똑똑한 영어 읽기 Wise & Wide 3-6. 태양계의 슈퍼스타 (Solar System Superstar),Sarah J. Dodd,다락원,오디오북,9788930000000 ,동화,2023-03-10
11250,똑똑한 영어 읽기 Wise & Wide 3-5. 세계의 가장 놀라운 축제들 (The World’s Most Astonishing Festivals),Sarah J. Dodd,다락원,오디오북,9788930000000 ,동화,2023-03-10
11251,똑똑한 영어 읽기 Wise & Wide 3-4. 숨바꼭질하는 고릴라들 (Hide and Seek Gorillas),Brooke Rousseau,다락원,오디오북,9788930000000 ,동화,2023-03-10
11252,똑똑한 영어 읽기 Wise & Wide 3-3. 나노봇 구출 대작전 (Nanobots to the Rescue),Suzanne Pitner,다락원,오디오북,9788930000000 ,동화,2023-03-10
11253,똑똑한 영어 읽기 Wise & Wide 3-2. 애완동물 돌보기 대모험 (Adventures in Pet Sitting),Suzanne Pitner,다락원,오디오북,9788930000000 ,동화,2023-03-10
11254,"똑똑한 영어 읽기 Wise & Wide 3-1. 캘리포니아 해달, 샌디 (Sandy, the California Sea Otter)",Suzanne Pitner,다락원,오디오북,9788930000000 ,동화,2023-03-10
11255,"똑똑한 영어 읽기 Wise & Wide 2-10. 스키, 썰매, 스케이트! (Skis, Sleds, and Skates!)",Suzanne Pitner,다락원,오디오북,9788930000000 ,동화,2023-03-10
11256,똑똑한 영어 읽기 Wise & Wide 2-9. 타임머신 자전거 (The Time Machine Bicycle),Sarah J. Dodd,다락원,오디오북,9788930000000 ,동화,2023-03-10
11257,똑똑한 영어 읽기 Wise & Wide 2-8. 달빛 오케스트라 (The Moonlight Orchestra),Sarah J. Dodd,다락원,오디오북,9788930000000 ,동화,2023-03-10
11258,똑똑한 영어 읽기 Wise & Wide 2-7. 신비로운 괴물들 (Mysterious Monsters),Sarah J. Dodd,다락원,오디오북,9788930000000 ,동화,2023-03-10
11259,똑똑한 영어 읽기 Wise & Wide 2-6. 공룡들과의 밤 (The Night with the Dinosaurs),Suzanne Pitner,다락원,오디오북,9788930000000 ,동화,2023-03-10
11260,똑똑한 영어 읽기 Wise & Wide 2-5. 내 몸은 정말 똑똑해! (My Body Is So Clever!),Sarah J. Dodd,다락원,오디오북,9788930000000 ,동화,2023-03-10
11261,상속의 역사,백승종,사우,오디오북,9791140000000 ,인문/역사,2023-03-10
11262,"에이, 뭘 사랑까지 하고 그래",김서령,허밍버드,오디오북,9791140000000 ,에세이,2023-03-10
11263,증발 : 모바일 경제를 관통하는 핵심 원리,로버트 터섹,커뮤니케이션북스,오디오북,9791130000000 ,소설,2023-03-10
11264,차이나는 클라스 - 고전 인류 사회 편,"김상근,폴 김,이정모,이명현,이진우,전상진,박미랑,이나영,고미숙",중앙북스,오디오북,9791140000000 ,인문/역사,2023-03-10
11265,10대에게 권하는 역사,김한종,글담출판사,오디오북,9791140000000 ,청소년,2023-03-10
11266,뇌는 춤추고 싶다,"장동선, 줄리아 크리스텐슨",북이십일,오디오북,9791140000000 ,인문/역사,2023-03-10
11267,어디에도 속하지 않은 폴의 하루 : 라스트 북스토어,임재희,작가정신,오디오북,9791140000000 ,소설,2023-03-10
11268,어디에도 속하지 않은 폴의 하루 : 어디에도 속하지 않은 폴의 하루,임재희,작가정신,오디오북,9791140000000 ,소설,2023-03-10
11269,하기 싫은 일을 하는 힘,홍주현,사우,오디오북,9791140000000 ,삶의자세,2023-03-10
11270,참 잘했어요,박광수,메이븐,오디오북,9791140000000 ,에세이,2023-03-10
11271,마음이 그랬어,박진아,노란돼지,오디오북,9791140000000 ,어린이,2023-03-10
11272,세상에서 제일 쉬운 엄마표 생활영어 step2,지나킴,스마트챌린지,오디오북,9791140000000 ,영어,2023-03-10
11273,세상에서 제일 쉬운 엄마표 생활영어 step1,지나킴,스마트챌린지,오디오북,9791140000000 ,영어,2023-03-10
11274,공부머리 독서법,최승필,책구루,오디오북,9791140000000 ,가정/생활/요리,2023-03-10
11275,심리학이 이렇게 쓸모 있을 줄이야,류쉬안,다연,오디오북,9791140000000 ,삶의자세,2023-03-10
11276,여자 둘이 살고 있습니다,"김하나, 황선우",위즈덤하우스,오디오북,9791140000000 ,에세이,2023-03-10
11277,그들은 무엇에 집중하는가,신경수,21세기북스,오디오북,9791140000000 ,경제경영,2023-03-10
11278,오늘도 예민하게 잘살고 있습니다,송지은,사우,오디오북,9791140000000 ,인문/역사,2023-03-10
11279,마음이 퐁퐁퐁,"김성은, 조미자",천개의바람,오디오북,9791140000000 ,어린이,2023-03-10
11280,제가 알아서 할게요,박은지,상상출판,오디오북,9791140000000 ,에세이,2023-03-10
11281,90년생이 온다,임홍택,웨일북,오디오북,9791140000000 ,마케팅/세일즈,2023-03-10
11282,을의 연애,을냥이,생각정거장,오디오북,9791140000000 ,에세이,2023-03-10
11283,"나, 있는 그대로 참 좋다",조유미,허밍버드,오디오북,9791140000000 ,에세이,2023-03-10
11284,당신과 나 사이,김혜남,메이븐,오디오북,9791140000000 ,인문/역사,2023-03-10
11285,신경 끄기의 기술 (완독),마크 맨슨,갤리온,오디오북,9791140000000 ,성공학/처세술,2023-03-10
11286,넛지,"리처드 탈러, 캐스 선스타인",리더스북,오디오북,9791140000000 ,성공학/처세술,2023-03-10
11287,뷰티풀 마이 라이프,김다온,북플레이어,오디오북,9791190000000 ,소설,2023-03-10
11288,참방참방 비오는날,후시카 에츠코,키다리,오디오북,9791140000000 ,어린이,2023-03-10
11289,죽고 싶지만 떡볶이는 먹고 싶어,백세희,흔,오디오북,9791135712692 (9900원) 9791135715136 (12000원),에세이,2023-03-10
11290,행복해지는 연습을 해요,전승환,허밍버드,오디오북,9791140000000 ,에세이,2023-03-10
11291,상처받은 줄도 모르고 어른이 되었다,선안남,글담출판사,오디오북,9791140000000 ,인문/역사,2023-03-10
11292,만들어진 질병,"김태훈, 박용우, 서재걸, 임종필, 양재진",블루페가수스,오디오북,9791140000000 ,정치/사회,2023-03-10
11293,사흘만 볼 수 있다면,헬렌 켈러,사우,오디오북,9791140000000 ,에세이,2023-03-10
11294,괜찮다는 말은 차마 못했어도,함정임,작가정신,오디오북,9791140000000 ,에세이,2023-03-10
11295,사실 바쁘게 산다고 해결되진 않아,한중섭,책들의정원,오디오북,9791140000000 ,정치/사회,2023-03-10
11296,너의 시간이 다하더라도,김유민,쌤앤파커스,오디오북,9791140000000 ,에세이,2023-03-10
11297,태도에 관하여,임경선,한겨레출판,오디오북,9791160000000 ,에세이,2023-03-10
11298,리더는 어떻게 생각하고 행동해야 하는가,노주선,메이트북스,오디오북,9791140000000 ,경제경영,2023-03-10
11299,사람들은 왜 한가지만 잘하는 식당을 찾을까?,"이경태, 맛있는 창업",천그루숲,오디오북,9791140000000 ,취업/창업,2023-03-10
11300,지식의 착각,"스티븐 슬로먼, 필립 페른백",세종서적,오디오북,9791140000000 ,인문/역사,2023-03-10
11301,칼리의 프랑스 학교 이야기,목수정,생각정원,오디오북,9791130000000 ,가정/생활/요리,2023-03-10
11302,법정 마음의 온도,김옥림,미래북,오디오북,9791140000000 ,에세이,2023-03-10
11303,나는 너와의 연애를 후회한다,허유선,믹스커피,오디오북,9791140000000 ,에세이,2023-03-10
11304,행복 예습,김형석,덴스토리,오디오북,9791140000000 ,인문/역사,2023-03-10
11305,어차피 연애는 남의 일,도대체,위즈덤하우스,오디오북,9791140000000 ,에세이,2023-03-10
11306,"홀딩, 턴",서유미,위즈덤하우스,오디오북,9791140000000 ,소설,2023-03-10
11307,무엇이든 세탁해 드립니다,원명희,스콜라,오디오북,9791140000000 ,어린이,2023-03-10
11308,여자들은 모르는 남자들의 심리,이성현,21세기북스,오디오북,9791140000000 ,에세이,2023-03-10
11309,오늘도 계획만 세울래?,홍석기,원앤원북스,오디오북,9791140000000 ,삶의자세,2023-03-10
11310,결국 이기는 힘,이지훈,21세기북스,오디오북,9791140000000 ,성공학/처세술,2023-03-10
11311,엄마의 꽃시,김용택,마음서재,오디오북,9791140000000 ,시/에세이,2023-03-10
11312,문제적 주인공만 오세요,황미연,팜파스,오디오북,9791140000000 ,인문/역사,2023-03-10
11313,우리는 예쁨 받으려고 태어난 게 아니다,김현진,이다북스,오디오북,9791140000000 ,에세이,2023-03-10
11314,심리학의 온기,조영은,소울메이트,오디오북,9791140000000 ,인문/역사,2023-03-10
11315,사람과 사람 사이의 따뜻함이 그립다,"노주선, 이현주",소울메이트,오디오북,9791130000000 ,인문/역사,2023-03-10
11316,비커밍 Becoming,미셸 오바마,웅진지식하우스,오디오북,9791140000000 ,인문/역사,2023-03-10
11317,어른이 되어보니,이주형,다연,오디오북,9791130000000 ,에세이,2023-03-10
11318,오늘처럼 내가 싫었던 날은 없다,글배우,21세기북스,오디오북,9791130000000 ,인문/역사,2023-03-10
11319,나도 내 감정과 친해지고 싶다,황선미,메이트북스,오디오북,9791130000000 ,인문/역사,2023-03-10
11320,기억이 머무는 밤,현동경,상상출판,오디오북,9791130000000 ,에세이,2023-03-10
11321,아이스크림 걸음!,박종진,소원나무,오디오북,9791190000000 ,어린이,2023-03-10
11322,당신은 햄버거 하나에 팔렸습니다,김지헌,중앙북스,오디오북,9791130000000 ,경제경영,2023-03-10
11323,출퇴근의 역사 RUSH HOUR,이언 게이틀리,책세상,오디오북,9791130000000 ,인문/역사,2023-03-10
11324,수련,배철현,21세기북스,오디오북,9791130000000 ,인문/역사,2023-03-10
11325,지치지 않는 힘,이민규,끌리는책,오디오북,9791130000000 ,삶의자세,2023-03-10
11326,이 매력적인 친구와 친해지려면 어떻게 해야 할까?,김상중,치읓,오디오북,9791130000000 ,성공학/처세술,2023-03-10
11327,부부의 집짓기,"이지성, 차유람",차이정원,오디오북,9791130000000 ,가정/생활/요리,2023-03-10
11328,이쁘게 말하는 당신이 좋다,임영주,메이트북스,오디오북,9791130000000 ,삶의자세,2023-03-10
11329,이번 달만 버텨봅시다,정안나,마음의숲,오디오북,9791130000000 ,에세이,2023-03-10
11330,행복한 명작읽기 49. 안나 카레니나,"Leo Nikolaevich Tolstoy, Brain J. Stuart (각색)",다락원,오디오북,9788930000000 ,동화,2023-03-10
11331,행복한 명작읽기 48. 주홍글씨,"Nathaniel Howthorne, Michael Robert Bradie (각색)",다락원,오디오북,9788930000000 ,동화,2023-03-10
11332,행복한 명작읽기 46. 드라큘라,Bram Stoker,다락원,오디오북,9788930000000 ,동화,2023-03-10
11333,행복한 명작읽기 45. 포 단편선,Edgar Allen Poe,다락원,오디오북,9788930000000 ,동화,2023-03-10
11334,행복한 명작읽기 40. 그리스 로마 신화,"Thomas Bulfinch, Brian J. Stuart(각색)",다락원,오디오북,9788930000000 ,동화,2023-03-10
11335,행복한 명작읽기 39. 레 미제라블,"Victor Hugo, Michael Robert Bradie (각색)",다락원,오디오북,9788930000000 ,동화,2023-03-10
11336,행복한 명작읽기 38. 오 헨리 단편선,"O. Henry, Brian J. Stuart (각색)",다락원,오디오북,9788930000000 ,동화,2023-03-10
11337,행복한 명작읽기 36. 고도를 기다리며,Samuel Beckett,다락원,오디오북,9788930000000 ,동화,2023-03-10
11338,행복한 명작읽기 35. 안네의 일기,Anne Frank,다락원,오디오북,9788930000000 ,동화,2023-03-10
11339,행복한 명작읽기 34. 돈키호테,"Miguel de Cervantes Saavedra, Michael Robert Bradie (각색)",다락원,오디오북,9788930000000 ,동화,2023-03-10
11340,나의 123 영어 공부,이성주,차이정원,오디오북,9791130000000 ,성공학/처세술,2023-03-10
11341,행복한 명작읽기 21. 톨스토이 단편선,Lev Nikolaevich Tolstoy,다락원,오디오북,9788930000000 ,동화,2023-03-10
11342,행복한 명작읽기 19. 몽테크리스토 백작,"Alexandre Dumas, Scott Fisher(각색)",다락원,오디오북,9788930000000 ,동화,2023-03-10
11343,행복한 명작읽기 15. 키다리 아저씨,"Louise Benette, David Hwang",다락원,오디오북,9788930000000 ,동화,2023-03-10
11344,행복한 명작읽기 12. 큰 바위 얼굴,"Louise Benette, David Hwang",다락원,오디오북,9788930000000 ,동화,2023-03-10
11345,행복한 명작읽기 10. 톰 아저씨의 오두막,"Harriet Elizabeth Beecher Stowe, Michael Robert Bradie(각색)",다락원,오디오북,9788930000000 ,동화,2023-03-10
11346,행복한 명작읽기 04. 성냥팔이 소녀 외,"David Desmond OFlaherty,Louise Benette, David Hwang",다락원,오디오북,9788930000000 ,동화,2023-03-10
11347,행복한 명작읽기 03. 크리스마스 이야기,"Louise Benette, David Hwang",다락원,오디오북,9788930000000 ,동화,2023-03-10
11348,행복한 명작읽기 02. 인어공주,"Louise Benette, David Hwang",다락원,오디오북,9788930000000 ,동화,2023-03-10
11349,9시 취침의 기적,김연수,끌리는책,오디오북,9791130000000 ,가정/생활/요리,2023-03-10
11350,고수의 질문법,한근태,미래의창,오디오북,9791130000000 ,성공학/처세술,2023-03-10
11351,1년 만에 중국어 통역사가 된 비법,조자룡,슬로디미디어그룹,오디오북,9791130000000 ,취업/창업,2023-03-10
11352,4차 산업혁명을 주도할 6가지 코드,안무정,나비의활주로,오디오북,9791130000000 ,마케팅/세일즈,2023-03-10
11353,나는 이제 싫다고 말하기로 했다,김호,위즈덤하우스,오디오북,9791130000000 ,삶의자세,2023-03-10
11354,고백록,아우구스티누스,친절한이웃,오디오북,9791130000000 ,소설,2023-03-10
11355,짠테크의 품격,성형찬,페이스메이커,오디오북,9791130000000 ,투자/재테크,2023-03-10
11356,그 문장을 읽고 또 읽었다,허연,생각정거장,오디오북,9791130000000 ,에세이,2023-03-10
11357,신기루의 법칙,심길후,나비의활주로,오디오북,9791130000000 ,마케팅/세일즈,2023-03-10
11358,잘생김은 이번 생에 과감히 포기한다,김태균,페이퍼로드,오디오북,9791130000000 ,에세이,2023-03-10
11359,어른이 처음이라서 그래,하주원,팜파스,오디오북,9791130000000 ,인문/역사,2023-03-10
11360,나쁜 기억에서 자유로워지는 연습,이진희,팜파스,오디오북,9791130000000 ,삶의자세,2023-03-10
11361,내 삶의 주인으로 산다는 것,김권수,책들의정원,오디오북,9791130000000 ,삶의자세,2023-03-10
11362,어린 가정부 조앤,로라 에이미 슐리츠,세종서적,오디오북,9791130000000 ,소설,2023-03-10
11363,문장 수집 생활,이유미,21세기북스,오디오북,9791130000000 ,인문/역사,2023-03-10
11364,정치는 잘 모르는데요,"임진희, 김연수, 명형준, 여혜원, 장다예, 정윤주",21세기북스,오디오북,9791130000000 ,정치/사회,2023-03-10
11365,친절한 오페라 이야기 - 투란도트 (Opera Explained - Turandot),톰슨 스밀리 (Thomson Smillie),낙소스,오디오북,9791130000000 ,교양/일반,2023-03-10
11366,친절한 오페라 이야기 - 피가로의 결혼 (Opera Explained - The Marriage of Figaro),톰슨 스밀리 (Thomson Smillie),낙소스,오디오북,9791130000000 ,교양/일반,2023-03-10
11367,목소리를 바꾸니 면접에 합격했다,임유정,원앤원북스,오디오북,9791130000000 ,성공학/처세술,2023-03-10
11368,관계 수업,치아,책들의정원,오디오북,9791130000000 ,삶의자세,2023-03-10
11369,출근이 칼퇴보다 즐거워지는 책,장한이,책들의정원,오디오북,9791130000000 ,성공학/처세술,2023-03-10
11370,일의 미래,딜로이트 컨설팅,원앤원북스,오디오북,9791130000000 ,경제경영,2023-03-10
11371,관계 사전,치아,책들의정원,오디오북,9791130000000 ,삶의자세,2023-03-10
11372,시작은 언제나 옳다,"전제우, 박미영",21세기북스,오디오북,9791130000000 ,에세이,2023-03-10
11373,여행이라는 참 이상한 일,한수희,인디고,오디오북,9791130000000 ,에세이,2023-03-10
11374,가장 빨리 작가 되는 법,김태광(김도사),위닝북스,오디오북,9791130000000 ,성공학/처세술,2023-03-10
11375,예정된 전쟁,그레이엄 앨리슨,세종서적,오디오북,9791130000000 ,정치/사회,2023-03-10
11376,지속적 소득,김우현,새로운제안,오디오북,9791130000000 ,경제경영,2023-03-10
11377,미래채널,황준원,21세기북스,오디오북,9791130000000 ,마케팅/세일즈,2023-03-10
11378,알뜰하게 쓸모있는 경제학 강의,유효상,21세기북스,오디오북,9791130000000 ,경제경영,2023-03-10
11379,하마터면 열심히 살 뻔했다,하완,웅진지식하우스,오디오북,9791130000000 ,에세이,2023-03-10
11380,빅팻캣 7: 100년 만의 폭설,무코야마 다카히코,윌북,오디오북,9791160000000 ,문학,2023-03-10
11381,빅팻캣 6: 포춘 쿠키,무코야마 다카히코,윌북,오디오북,9791160000000 ,문학,2023-03-10
11382,빅팻캣 5: 미스터 존스,무코야마 다카히코,윌북,오디오북,9791160000000 ,문학,2023-03-10
11383,빅팻캣 4: 매직 파이 숍,무코야마 다카히코,윌북,오디오북,9791160000000 ,문학,2023-03-10
11384,빅팻캣 3: 고스트 애비뉴,무코야마 다카히코,윌북,오디오북,9791160000000 ,문학,2023-03-10
11385,빅팻캣 2: 도시로 가다,무코야마 다카히코,윌북,오디오북,9791160000000 ,문학,2023-03-10
11386,빅팻캣 1: 머스터드 파이,무코야마 다카히코,윌북,오디오북,9791160000000 ,문학,2023-03-10
11387,1코노미,이준영,21세기북스,오디오북,9791130000000 ,마케팅/세일즈,2023-03-10
11388,단 하루도 너를 사랑하지 않은 날이 없다,김재식,쌤앤파커스,오디오북,9791130000000 ,에세이,2023-03-10
11389,팀 하포드의 경제학 팟캐스트,팀 하포드,세종서적,오디오북,9791130000000 ,경제경영,2023-03-10
11390,"다행이야, 그날의 내가 있어서",오승희,위즈덤하우스,오디오북,9791130000000 ,에세이,2023-03-10
11391,탁월한 사유의 시선,최진석,21세기북스,오디오북,9791130000000 ,인문/역사,2023-03-10
11392,"그해, 역사가 바뀌다",주경철,21세기북스,오디오북,9791130000000 ,인문/역사,2023-03-10
11393,사소한 용기,자림,마음의숲,오디오북,9791130000000 ,에세이,2023-03-10
11394,"별, 빛의 과학",지웅배,위즈덤하우스,오디오북,9791130000000 ,과학/공학,2023-03-10
11395,호텔 VIP에게는 특별함이 있다,오현석,미래의창,오디오북,9791130000000 ,성공학/처세술,2023-03-10
11396,괴짜 노인 그럼프,투오마스 퀴뢰,세종서적,오디오북,9791130000000 ,소설,2023-03-10
11397,사소한 것들,앤디 앤드루스,세종서적,오디오북,9791130000000 ,성공학/처세술,2023-03-10
11398,배우 류시현이 들려주는 괴테 시집,요한 볼프강 폰 괴테,문예출판사,오디오북,9791130000000 ,시/에세이,2023-03-10
11399,"고양이님, 저랑 살 만하신가요?",이학범,팜파스,오디오북,9791130000000 ,실용,2023-03-10
11400,1Cm+,김은주,허밍버드,오디오북,9791130000000 ,에세이,2023-03-10
11401,나를 지키는 힘,임병희,생각정원,오디오북,9791130000000 ,성공학/처세술,2023-03-10
11402,케미컬 라이프,"강상욱, 이준영",미래의창,오디오북,9791130000000 ,실용,2023-03-10
11403,미중전쟁 2,김진명,쌤앤파커스,오디오북,9791130000000 ,소설,2023-03-10
11404,미중전쟁 1,김진명,쌤앤파커스,오디오북,9791130000000 ,소설,2023-03-10
11405,언더독 레볼루션,전종하,미래의창,오디오북,9791130000000 ,경제경영,2023-03-10
11406,"하고 싶은 거 하고 살아요, 우리",강예신,위즈덤하우스,오디오북,9791130000000 ,에세이,2023-03-10
11407,하우투 워라밸,안성민,미래의창,오디오북,9791130000000 ,성공학/처세술,2023-03-10
11408,"테드, 미래를 보는 눈",박용삼,원앤원북스,오디오북,9791130000000 ,마케팅/세일즈,2023-03-10
11409,당신은 모를 것이다,이학범,마음서재,오디오북,9791130000000 ,에세이,2023-03-10
11410,사회적 경제는 좌우를 넘는다,우석훈,문예출판사,오디오북,9791130000000 ,경제경영,2023-03-10
11411,여기가 아니면 어디라도,이다혜,예담,오디오북,9791130000000 ,에세이,2023-03-10
11412,까칠한 재석이가 폭발했다,고정욱,애플북스,오디오북,9791130000000 ,소설,2023-03-10
11413,동물의 생각에 관한 생각,프란스 드 발,세종서적,오디오북,9791130000000 ,과학/공학,2023-03-10
11414,"빨강머리N 난 이래, 넌 어때?",최현정,마음의숲,오디오북,9791130000000 ,에세이,2023-03-10
11415,내 마음을 읽는 시간,변지영,더퀘스트,오디오북,9791130000000 ,인문/역사,2023-03-10
11416,나는 오늘도 소진되고 있습니다,이진희,대림북스,오디오북,9791130000000 ,인문/역사,2023-03-10
11417,빨강머리 N,최현정,마음의숲,오디오북,9791130000000 ,에세이,2023-03-10
11418,"새벽 세 시, 공시생 일기",남세진,애플북스,오디오북,9791130000000 ,에세이,2023-03-10
11419,영어책 한 권 외워봤니?,김민식,위즈덤하우스,오디오북,9791130000000 ,성공학/처세술,2023-03-10
11420,일단 오늘은 나한테 잘합시다,도대체,예담,오디오북,9791130000000 ,에세이,2023-03-10
11421,대한민국이 묻는다,문재인,21세기북스,오디오북,9791130000000 ,정치/사회,2023-03-10
11422,조여정의 도련님,나쓰메소세키,오디언,오디오북,9791130000000 ,소설,2023-03-10
11423,아무것도 하지 않을 권리,정희재,갤리온,오디오북,9791130000000 ,에세이,2023-03-10
11424,이지성의 꿈꾸는 다락방,이지성,차이정원,오디오북,9791130000000 ,성공학/처세술,2023-03-10
11425,나는 나로 살기로 했다,김수현,마음의숲,오디오북,9789000000000 ,에세이,2023-03-10
11426,감기벌레는 집짓기를 좋아해,미우,노란돼지,오디오북,9791130000000 ,어린이,2023-03-10
11427,이잘닦아 공주와 이안닦아 왕자,이주혜,노란돼지,오디오북,9791130000000 ,어린이,2023-03-10
11428,청춘의 독서,유시민,웅진지식하우스,오디오북,9789000000000 ,인문/역사,2023-03-10
11429,조여정의 오이디푸스왕,소포클레스,오디언,오디오북,9789000000000 ,소설,2023-03-10
11430,"응가야, 안녕?",김미애,스마트베어,오디오북,9789000000000 ,유아,2023-03-10
11431,비밀스런 책마을 도서관 탐험대,컬툰스토리,태믹스,오디오북,9791160000000 ,인문/역사,2023-03-10
11432,학교도서관의 신기한 축제,컬툰스토리,태믹스,오디오북,9791160000000 ,인문/역사,2023-03-10
11433,길을 잃은 동화책을 찾아주는 도서관 요정의 비밀,컬툰스토리,태믹스,오디오북,9791160000000 ,인문/역사,2023-03-10
11434,도서관을 살리는 올바른 이용 방법,컬툰스토리,태믹스,오디오북,9791160000000 ,인문/역사,2023-03-10
11435,사서체험과 도서관을 지키는 일,컬툰스토리,태믹스,오디오북,9791160000000 ,인문/역사,2023-03-10
11436,도서관 책 장르별 독서법,컬툰스토리,태믹스,오디오북,9791160000000 ,인문/역사,2023-03-10
11437,올바른 독서 자세와 책 읽는 방법,컬툰스토리,태믹스,오디오북,9791160000000 ,인문/역사,2023-03-10
11438,세계 유명 도서관으로 떠나는 시간여행,컬툰스토리,태믹스,오디오북,9791160000000 ,인문/역사,2023-03-10
11439,"고대 로마와 미국, 프랑스 대표 도서관으로 떠나는 시간모험",컬툰스토리,태믹스,오디오북,9791160000000 ,인문/역사,2023-03-10
11440,부자언니 부자연습,유수진,세종서적,오디오북,9789000000000 ,투자/재테크,2023-03-10
11441,공터에서,김훈,해냄,오디오북,9791130000000 ,소설,2023-03-10
11442,말의 품격,이기주,황소북스,오디오북,9791130000000 ,성공학/처세술,2023-03-10
11443,"군함도, 끝나지 않은 전쟁","김민철, 김승은 외",생각정원,오디오북,9791130000000 ,인문/역사,2023-03-10
11444,소리나는 이야기 그림책 - 정글북,편집부,애플비북스,오디오북,9791130000000 ,유아,2023-03-10
11445,우리 아기 첫 성경 이야기,유종남,국민출판사,오디오북,없음,어린이,2023-03-10
11446,저주토끼 - 저주토끼,정보라,아작,오디오북,없음,소설,2023-03-10
11447,달토끼 거북이 오징어,조수진,반달,오디오북,9788960000000 ,어린이,2023-03-10
11448,흐르는 북 (배우 정재진 낭독),최일남,커뮤니케이션북스,오디오북,9791130000000 ,소설,2023-03-10
11449,징 소리 (배우 전무송 낭독),문순태,커뮤니케이션북스,오디오북,9791130000000 ,소설,2023-03-10
11450,어둠의 혼 (배우 장용철 낭독),김원일,커뮤니케이션북스,오디오북,9791130000000 ,소설,2023-03-10
11451,황혼의 집 (배우 고수희 낭독),윤흥길,커뮤니케이션북스,오디오북,9791130000000 ,소설,2023-03-10
11452,유자약전 (배우 이지하 낭독),이제하,커뮤니케이션북스,오디오북,9791130000000 ,소설,2023-03-10
11453,1등의 독서법,이해성,미다스북스,오디오북,없음,성공학/처세술,2023-03-10
11454,언어의 온도,이기주,말글터,오디오북,9791140000000 ,에세이,2023-03-10
11455,원미동 시인 (배우 길해연 낭독),양귀자,커뮤니케이션북스,오디오북,9791130000000 ,소설,2023-03-10
11456,몽기미 풍경 (배우 문소리 낭독),송기숙,커뮤니케이션북스,오디오북,9791130000000 ,소설,2023-03-10
11457,오발탄 (배우 최민식 낭독),이범선,커뮤니케이션북스,오디오북,9791130000000 ,소설,2023-03-10
11458,벙어리 삼룡이 (배우 성지루 낭독),나도향,커뮤니케이션북스,오디오북,9791130000000 ,소설,2023-03-10
11459,빛 속에 (배우 박건형 낭독),김사량,커뮤니케이션북스,오디오북,9791130000000 ,소설,2023-03-10
11460,무너진 극장 (배우 이종혁 낭독),박태순,커뮤니케이션북스,오디오북,9791130000000 ,소설,2023-03-10
11461,전황당인보기 (배우 전국환 낭독),정한숙,커뮤니케이션북스,오디오북,9791130000000 ,소설,2023-03-10
11462,가짜렐라 제발 그만해,서석영,바우솔,오디오북,없음,어린이,2023-03-10
11463,Magic Adventures (영어 만화 학습서),"Jason Wilburn,Casey Kim",이퓨쳐,오디오북,9791130000000 ,동화,2023-03-10
11464,유토피아 2,토마스 모어,펭귄클래식코리아,오디오북,9791130000000 ,소설,2023-03-10
11465,유토피아 1,토마스 모어,펭귄클래식코리아,오디오북,9791130000000 ,소설,2023-03-10
11466,오페라의 유령,가스통 르루,펭귄클래식코리아,오디오북,9791130000000 ,소설,2023-03-10
11467,레이디 수잔 (Lady Susan),Jane Austen,낙소스,오디오북,없음,문학,2023-03-10
11468,고대 로마의 위대한 통치자들(Great Rulers of Ancient Rome),Hugh Griffith(휴 그리피스),낙소스,오디오북,9789630000000 ,교양/일반,2023-03-10
11469,바이킹(The Vikings),David Angus(데이빗 앵거스),낙소스,오디오북,없음,문학,2023-03-10
11470,흔들흔들 다리에서,기무라 유이치,천개의바람,오디오북,9791140000000 ,어린이,2023-03-10
11471,타인의 방 (배우 김의성 낭독),최인호,커뮤니케이션북스,오디오북,9791130000000 ,소설,2023-03-10
11472,무진기행 (배우 박상원 낭독),김승옥,커뮤니케이션북스,오디오북,9791130000000 ,소설,2023-03-10
11473,이방원 정도전 최후의 전쟁,허수정,고즈넉,오디오북,없음,소설,2023-03-10
11474,꼬리가 생긴 날에는?,"다케시타 후미코,나가도 도모코",천개의바람,오디오북,9791140000000 ,어린이,2023-03-10
11475,도서관에서 만나요,"가제키 가즈히토,오카다 치아키",천개의바람,오디오북,9791140000000 ,어린이,2023-03-10
11476,아트 클래식 리더스북 - The Musicians of Bremen,Julie Sormark,이퓨쳐,오디오북,없음,동화,2023-03-10
11477,아트 클래식 리더스북 - The Fox and the Crane,Julie Sormark,이퓨쳐,오디오북,없음,동화,2023-03-10
11478,아트 클래식 리더스북 - The Giant in a Bottle,Julie Sormark,이퓨쳐,오디오북,없음,동화,2023-03-10
11479,아트 클래식 리더스북 - The Elves and the Shoemaker,Julie Sormark,이퓨쳐,오디오북,없음,동화,2023-03-10
11480,아트 클래식 리더스북 - The Farm Rooster and the Weather Vane,Julie Sormark,이퓨쳐,오디오북,없음,동화,2023-03-10
11481,아트 클래식 리더스북 - Country Mouse and City Mouse,Julie Sormark,이퓨쳐,오디오북,없음,동화,2023-03-10
11482,아트 클래식 리더스북 - The Wolf and the Seven Little Goats,Julie Sormark,이퓨쳐,오디오북,없음,동화,2023-03-10
11483,아트 클래식 리더스북 - Golidilocks and the Three Bears,Julie Sormark,이퓨쳐,오디오북,없음,동화,2023-03-10
11484,아트 클래식 리더스북 - The Three Little Pigs,Julie Sormark,이퓨쳐,오디오북,없음,동화,2023-03-10
11485,아트 클래식 리더스북 - The Great Big Turnip,Julie Sormark,이퓨쳐,오디오북,없음,동화,2023-03-10
11486,오막살이 집 한 채 (배우 장영남 낭독),김성동,커뮤니케이션북스,오디오북,9791130000000 ,소설,2023-03-10
11487,토끼와 잠수함 (배우 조재윤 낭독),박범신,커뮤니케이션북스,오디오북,9791130000000 ,소설,2023-03-10
11488,잠자고 싶은 토끼,칼 요한 포셴 엘린,쌤앤파커스,오디오북,없음,유아,2023-03-10
11489,암흑시대 (배우 서이숙 낭독),박경리,커뮤니케이션북스,오디오북,9791130000000 ,소설,2023-03-10
11490,성황당 (배우 예지원 낭독),정비석,커뮤니케이션북스,오디오북,9791130000000 ,소설,2023-03-10
11491,탁류 (배우 김영민 낭독),현경준,커뮤니케이션북스,오디오북,9791130000000 ,소설,2023-03-10
11492,자동차 운전수 (배우 권해효 낭독),방인근,커뮤니케이션북스,오디오북,9791130000000 ,소설,2023-03-10
11493,비 오는 날 (배우 예수정 낭독),손창섭,커뮤니케이션북스,오디오북,9791130000000 ,소설,2023-03-10
11494,악마의 사랑 (배우 정보석 낭독),임노월,커뮤니케이션북스,오디오북,9791130000000 ,소설,2023-03-10
11495,하버드식 시간관리 타임블록(Time Block),켄트김,KENT KIM(켄트김),오디오북,없음,교양/일반,2023-03-10
11496,제3인간형 (배우 유인촌 낭독),안수길,커뮤니케이션북스,오디오북,9791130000000 ,소설,2023-03-10
11497,사하촌 (배우 손병호 낭독),김정한,커뮤니케이션북스,오디오북,9791130000000 ,소설,2023-03-10
11498,모밀꽃 필 무렵 (배우 김명곤 낭독),이효석,커뮤니케이션북스,오디오북,9791130000000 ,소설,2023-03-10
11499,젊은 이상주의자의 사 (배우 정진영 낭독),김기진,커뮤니케이션북스,오디오북,9791130000000 ,소설,2023-03-10
11500,할머니의 검정고무신,김태광(김도사),위닝북스,오디오북,없음,소설,2023-03-10
11501,우리 집 고양이 봄이,이호백,논장,오디오북,없음,어린이,2023-03-10
11502,이 세상에서 제일 예쁜 못난이,박완서,어린이작가정신,오디오북,없음,유아,2023-03-10
11503,동백꽃 (배우 이희준 낭독),김유정,커뮤니케이션북스,오디오북,9791130000000 ,소설,2023-03-10
11504,전화 (배우 양희경 낭독),염상섭,커뮤니케이션북스,오디오북,9791130000000 ,소설,2023-03-10
11505,소설가 구보씨의 일일 (배우 문성근 낭독),박태원,커뮤니케이션북스,오디오북,9791130000000 ,소설,2023-03-10
11506,아랑의 정조 (배우 양미경 낭독),박종화,커뮤니케이션북스,오디오북,9791130000000 ,소설,2023-03-10
11507,화수분 (배우 심양홍 낭독),전영택,커뮤니케이션북스,오디오북,9791130000000 ,소설,2023-03-10
11508,사냥개 (배우 명계남 낭독),박영희,커뮤니케이션북스,오디오북,9791130000000 ,소설,2023-03-10
11509,석공조합대표 (배우 송일국 낭독),송영,커뮤니케이션북스,오디오북,9791130000000 ,소설,2023-03-10
11510,국화와 칼 (The Chrysanthemum And the Sword),루스 F. 베네딕트,삼지사,오디오북,없음,문학,2023-03-10
11511,백치 아다다 (배우 강부자 낭독),계용묵,커뮤니케이션북스,오디오북,9791130000000 ,소설,2023-03-10
11512,사랑 손님과 어머니 (배우 이지혜 낭독),주요섭,커뮤니케이션북스,오디오북,9791130000000 ,소설,2023-03-10
11513,배따라기 (배우 정동환 낭독),김동인,커뮤니케이션북스,오디오북,9791130000000 ,소설,2023-03-10
11514,마권 (배우 안재욱 낭독),유향림,커뮤니케이션북스,오디오북,9791130000000 ,소설,2023-03-10
11515,날개 (배우 송승환 낭독),이상,커뮤니케이션북스,오디오북,9791130000000 ,소설,2023-03-10
11516,경희 (배우 윤석화 낭독),나혜석,커뮤니케이션북스,오디오북,9791130000000 ,소설,2023-03-10
11517,"Peter and the Wolf(피터와 늑대), Young Person's Guide to the Orchestra(청소년을 위한 관현악 입문",닐 웬본(Neil Wenborn),낙소스,오디오북,9791140000000 ,문학,2023-03-10
11518,내 보물 1호는 화장품,김경선,팜파스,오디오북,없음,어린이,2023-03-10
11519,삼국지(하),나관중,범우사,오디오북,9791130000000 ,소설,2023-03-10
11520,삼국지(중),나관중,범우사,오디오북,9791130000000 ,소설,2023-03-10
11521,삼국지(상),나관중,범우사,오디오북,9791130000000 ,소설,2023-03-10
11522,징비록,유성룡,돋을새김,오디오북,없음,인문/역사,2023-03-10
11523,Young Learner 클래식 리더스 영어동화 - Two Years' Vacation,Karl Nordvall,웅진컴퍼스,오디오북,9781600000000 ,동화,2023-03-10
11524,Young Learner 클래식 리더스 영어동화 - The Sandman,Stephanie Alexander Thacker,웅진컴퍼스,오디오북,9781600000000 ,동화,2023-03-10
11525,Young Learner 클래식 리더스 영어동화 - The Last Leaf,Kayang Gagiano,웅진컴퍼스,오디오북,9781600000000 ,동화,2023-03-10
11526,Young Learner 클래식 리더스 영어동화 - The Hunchback of Notre Dame,J. Randolph Lewis,웅진컴퍼스,오디오북,9781600000000 ,동화,2023-03-10
11527,Young Learner 클래식 리더스 영어동화 - The Hollow Needle,Michael Souza,웅진컴퍼스,오디오북,9781600000000 ,동화,2023-03-10
11528,Young Learner 클래식 리더스 영어동화 - The Count of Monte Christo,David Charlton,웅진컴퍼스,오디오북,9791130000000 ,동화,2023-03-10
11529,Young Learner 클래식 리더스 영어동화 - The Battle of Red Cliffs,Paul Peters,웅진컴퍼스,오디오북,9781600000000 ,동화,2023-03-10
11530,Young Learner 클래식 리더스 영어동화 - The Barber of Seville,Liana Robinson,웅진컴퍼스,오디오북,9781600000000 ,동화,2023-03-10
11531,Young Learner 클래식 리더스 영어동화 - Pollyanna,Karl Nordvall,웅진컴퍼스,오디오북,9781600000000 ,동화,2023-03-10
11532,Young Learner 클래식 리더스 영어동화 - Ivanhoe,J. Randolph Lewis,웅진컴퍼스,오디오북,9781600000000 ,동화,2023-03-10
11533,Young Learner 클래식 리더스 영어동화 - What Katy Did,Stephanie Alexander Thacker,웅진컴퍼스,오디오북,9781600000000 ,동화,2023-03-10
11534,Young Learner 클래식 리더스 영어동화 - The Magic Flute,Kayang Gagiano,웅진컴퍼스,오디오북,9781600000000 ,동화,2023-03-10
11535,Young Learner 클래식 리더스 영어동화 - The Legend of Sleepy Hollow,Casey Malarcher,웅진컴퍼스,오디오북,9781600000000 ,동화,2023-03-10
11536,Young Learner 클래식 리더스 영어동화 - The Last Lesson,J. Randolph Lewis,웅진컴퍼스,오디오북,9781600000000 ,동화,2023-03-10
11537,Young Learner 클래식 리더스 영어동화 - The Gift of the Magi,Pierre Stapley,웅진컴퍼스,오디오북,9781600000000 ,동화,2023-03-10
11538,Young Learner 클래식 리더스 영어동화 - Pinocchio,Casey Malarcher,웅진컴퍼스,오디오북,9781600000000 ,동화,2023-03-10
11539,Young Learner 클래식 리더스 영어동화 - Little Lord Fauntleroy,Liana Robinson,웅진컴퍼스,오디오북,9781600000000 ,동화,2023-03-10
11540,Young Learner 클래식 리더스 영어동화 - King Arthur and the Black Knight,Jeremy Monroe,웅진컴퍼스,오디오북,9781600000000 ,동화,2023-03-10
11541,Young Learner 클래식 리더스 영어동화 - Journey to the West,Paul Peters,웅진컴퍼스,오디오북,9781600000000 ,동화,2023-03-10
11542,Young Learner 클래식 리더스 영어동화 - A Dog of Flanders,Michael Souza,웅진컴퍼스,오디오북,9781600000000 ,동화,2023-03-10
11543,Young Learner 클래식 리더스 영어동화 - The Prince and the Pauper,Kayang Gagiano,웅진컴퍼스,오디오북,9781600000000 ,동화,2023-03-10
11544,Young Learner 클래식 리더스 영어동화 - The Lady or the Tiger?,Casey Malarcher,웅진컴퍼스,오디오북,9781600000000 ,동화,2023-03-10
11545,Young Learner 클래식 리더스 영어동화 - The Fish and the Ring,Nancie McKinnon,웅진컴퍼스,오디오북,9781600000000 ,동화,2023-03-10
11546,Young Learner 클래식 리더스 영어동화 - The Enchanted Castle,Liana Robinson,웅진컴퍼스,오디오북,9781600000000 ,동화,2023-03-10
11547,Young Learner 클래식 리더스 영어동화 - The Life and Adventures of Santa Claus,Kelli Ripatti,웅진컴퍼스,오디오북,9781600000000 ,동화,2023-03-10
11548,Young Learner 클래식 리더스 영어동화 - Ivan the Fool,Stephanie Alexander Thacker,웅진컴퍼스,오디오북,9781600000000 ,동화,2023-03-10
11549,Young Learner 클래식 리더스 영어동화 - Gulliver's Travels,J. Randolph Lewis,웅진컴퍼스,오디오북,9781600000000 ,동화,2023-03-10
11550,Young Learner 클래식 리더스 영어동화 - Fairy Gifts,Casey Malarcher,웅진컴퍼스,오디오북,9781600000000 ,동화,2023-03-10
11551,Young Learner 클래식 리더스 영어동화 - Beauty and the Beast,Nancie McKinnon,웅진컴퍼스,오디오북,9781600000000 ,동화,2023-03-10
11552,Young Learner 클래식 리더스 영어동화 - A Little Princess,Vinodini Murugesan,웅진컴퍼스,오디오북,9781600000000 ,동화,2023-03-10
11553,Young Learner 클래식 리더스 영어동화 - The Three Sillies,Kelli Ripatti,웅진컴퍼스,오디오북,없음,동화,2023-03-10
11554,Young Learner 클래식 리더스 영어동화 - The Three Bears,Casey Malarcher,웅진컴퍼스,오디오북,없음,동화,2023-03-10
11555,Young Learner 클래식 리더스 영어동화 - The Nightingale and the Rose,J. Randolph Lewis,웅진컴퍼스,오디오북,9781600000000 ,동화,2023-03-10
11556,Young Learner 클래식 리더스 영어동화 - The Magic Swan,Kelli Ripatti,웅진컴퍼스,오디오북,9781600000000 ,동화,2023-03-10
11557,Young Learner 클래식 리더스 영어동화 - The Dream God,Nancie McKinnon,웅진컴퍼스,오디오북,9781600000000 ,동화,2023-03-10
11558,Young Learner 클래식 리더스 영어동화 - Heidi,Kayang Gagiano,웅진컴퍼스,오디오북,9781600000000 ,동화,2023-03-10
11559,Young Learner 클래식 리더스 영어동화 - Hans Brinker,Stephanie Alexander Thacker,웅진컴퍼스,오디오북,9781600000000 ,동화,2023-03-10
11560,Young Learner 클래식 리더스 영어동화 - Diamonds and Toads,Casey Malarcher,웅진컴퍼스,오디오북,없음,동화,2023-03-10
11561,Young Learner 클래식 리더스 영어동화 - Daedalus Icarus,J. Randolph Lewis,웅진컴퍼스,오디오북,9781600000000 ,동화,2023-03-10
11562,Young Learner 클래식 리더스 영어동화 - Cinderella,Casey Malarcher,웅진컴퍼스,오디오북,9781600000000 ,동화,2023-03-10
11563,Young Learner 클래식 리더스 영어동화 - The Woodman and the Ax,Stephanie Alexander Thacker,웅진컴퍼스,오디오북,없음,동화,2023-03-10
11564,Young Learner 클래식 리더스 영어동화 - The Trojan Horse,Casey Malarcher,웅진컴퍼스,오디오북,없음,동화,2023-03-10
11565,Young Learner 클래식 리더스 영어동화 - The Son Who Came Home,J. Randolph Lewis,웅진컴퍼스,오디오북,없음,동화,2023-03-10
11566,Young Learner 클래식 리더스 영어동화 - The Nutcracker,Kayang Gagiano,웅진컴퍼스,오디오북,없음,동화,2023-03-10
11567,Young Learner 클래식 리더스 영어동화 - The Fir Tree,Stephanie Alexander Thacker,웅진컴퍼스,오디오북,9781600000000 ,동화,2023-03-10
11568,Young Learner 클래식 리더스 영어동화 - The Elves and the Shoemaker,J. Randolph Lewis,웅진컴퍼스,오디오북,9781600000000 ,동화,2023-03-10
11569,Young Learner 클래식 리더스 영어동화 - Sleeping Beauty,Kayang Gagiano,웅진컴퍼스,오디오북,없음,동화,2023-03-10
11570,Young Learner 클래식 리더스 영어동화 - Puss in Boots,Casey Malarcher,웅진컴퍼스,오디오북,없음,동화,2023-03-10
11571,Young Learner 클래식 리더스 영어동화 - Jack and the Magic Beans,Kelly Daniels,웅진컴퍼스,오디오북,없음,동화,2023-03-10
11572,Young Learner 클래식 리더스 영어동화 - How Bear Lost His Tail,Kelly Daniels,웅진컴퍼스,오디오북,없음,동화,2023-03-10
11573,Young Learner 클래식 리더스 영어동화 - Two Frogs,Kelly Daniels,웅진컴퍼스,오디오북,없음,동화,2023-03-10
11574,Young Learner 클래식 리더스 영어동화 - The Town Mouse and the Country Mouse,J. Randolph Lewis,웅진컴퍼스,오디오북,없음,동화,2023-03-10
11575,Young Learner 클래식 리더스 영어동화 - The Three Little Pigs,Casey Malarcher,웅진컴퍼스,오디오북,없음,동화,2023-03-10
11576,Young Learner 클래식 리더스 영어동화 - The Three Goats,Casey Malarcher,웅진컴퍼스,오디오북,없음,동화,2023-03-10
11577,Young Learner 클래식 리더스 영어동화 - The Selfish Giant,J. Randolph Lewis,웅진컴퍼스,오디오북,없음,동화,2023-03-10
11578,Young Learner 클래식 리더스 영어동화 - The Brave Tin Soldier,Jenna Myers,웅진컴퍼스,오디오북,9781600000000 ,동화,2023-03-10
11579,Young Learner 클래식 리더스 영어동화 - Noah's Ark,Liana Robinson,웅진컴퍼스,오디오북,9781600000000 ,동화,2023-03-10
11580,Young Learner 클래식 리더스 영어동화 - How the Red Bird Got His Color,Kelly Daniels,웅진컴퍼스,오디오북,없음,동화,2023-03-10
11581,Young Learner 클래식 리더스 영어동화 - Hansel and Gretel,Jenna Myers,웅진컴퍼스,오디오북,9781600000000 ,동화,2023-03-10
11582,Young Learner 클래식 리더스 영어동화 - Bellerophon and Pegasus,Liana Robinson,웅진컴퍼스,오디오북,9781600000000 ,동화,2023-03-10
11583,빨간 여우,김기정,별숲,오디오북,없음,어린이,2023-03-10
11584,상처받을 용기,이승민,위즈덤하우스,오디오북,없음,삶의자세,2023-03-10
11585,빛나거나 미치거나,현고운,테라스북,오디오북,없음,소설,2023-03-10
11586,컴퍼스 클래식 리더스 영어동화 - Wuthering Heights,Emily Bront&euml;,웅진컴퍼스,오디오북,9781600000000 ,동화,2023-03-10
11587,컴퍼스 클래식 리더스 영어동화 - The War of the Worlds,Herbert George Wells,웅진컴퍼스,오디오북,9781600000000 ,동화,2023-03-10
11588,컴퍼스 클래식 리더스 영어동화 - The Three Musketeers,알렉상드르 뒤마(Alexandre Dumas),웅진컴퍼스,오디오북,9781600000000 ,동화,2023-03-10
11589,컴퍼스 클래식 리더스 영어동화 - The Phantom of the Opera,Gaston Leroux,웅진컴퍼스,오디오북,9781600000000 ,동화,2023-03-10
11590,컴퍼스 클래식 리더스 영어동화 - Tess of the d'Urbervilles,Thomas Hardy,웅진컴퍼스,오디오북,9781600000000 ,동화,2023-03-10
11591,컴퍼스 클래식 리더스 영어동화 - Nicholas Nickleby,Pieter Koster,웅진컴퍼스,오디오북,9781600000000 ,동화,2023-03-10
11592,컴퍼스 클래식 리더스 영어동화 - Jane Eyre,Charlotte Bront&euml;,웅진컴퍼스,오디오북,9781600000000 ,동화,2023-03-10
11593,컴퍼스 클래식 리더스 영어동화 - Great Expectations,Charles Dickens,웅진컴퍼스,오디오북,9781600000000 ,동화,2023-03-10
11594,컴퍼스 클래식 리더스 영어동화 - Classic British Short Stories,Jennifer Crozier,웅진컴퍼스,오디오북,9781600000000 ,동화,2023-03-10
11595,컴퍼스 클래식 리더스 영어동화 - Classic American Short Stories,Jennifer Crozier,웅진컴퍼스,오디오북,9781600000000 ,동화,2023-03-10
11596,컴퍼스 클래식 리더스 영어동화 - The Importance of Being Earnest,Oscar Wilde,웅진컴퍼스,오디오북,9781600000000 ,동화,2023-03-10
11597,컴퍼스 클래식 리더스 영어동화 - Vanity Fair,William Makepeace Thackeray,웅진컴퍼스,오디오북,9781600000000 ,동화,2023-03-10
11598,컴퍼스 클래식 리더스 영어동화 - The Invisible Man,H.G. Wells,웅진컴퍼스,오디오북,9781630000000 ,동화,2023-03-10
11599,컴퍼스 클래식 리더스 영어동화 - The Hound of the Baskervilles,Sir Arthur Conan Doyle,웅진컴퍼스,오디오북,9788960000000 ,동화,2023-03-10
11600,컴퍼스 클래식 리더스 영어동화 - Shakespeare's Comedies,윌리엄 셰익스피어(William Shakespeare),웅진컴퍼스,오디오북,9781600000000 ,동화,2023-03-10
11601,컴퍼스 클래식 리더스 영어동화 - Shakespeare's Tragedies,윌리엄 셰익스피어(William Shakespeare),웅진컴퍼스,오디오북,9781600000000 ,동화,2023-03-10
11602,컴퍼스 클래식 리더스 영어동화 - Pride and Prejudice,Jane Austen,웅진컴퍼스,오디오북,9781600000000 ,동화,2023-03-10
11603,컴퍼스 클래식 리더스 영어동화 - More Tales of Mystery and Imagination,Edgar Allan Poe,웅진컴퍼스,오디오북,9781600000000 ,동화,2023-03-10
11604,컴퍼스 클래식 리더스 영어동화 - Moby Dick,Herman Melville,웅진컴퍼스,오디오북,9781600000000 ,동화,2023-03-10
11605,컴퍼스 클래식 리더스 영어동화 - A Tale of Two Cities,Charles Dickens,웅진컴퍼스,오디오북,9781600000000 ,동화,2023-03-10
11606,컴퍼스 클래식 리더스 영어동화 - The Thirty-Nine Steps,John Buchan,웅진컴퍼스,오디오북,9781600000000 ,동화,2023-03-10
11607,컴퍼스 클래식 리더스 영어동화 - The Prisoner of Zenda,Anthony Hope,웅진컴퍼스,오디오북,9781600000000 ,동화,2023-03-10
11608,컴퍼스 클래식 리더스 영어동화 - The Moonstone,Wilkie Collins,웅진컴퍼스,오디오북,9781600000000 ,동화,2023-03-10
11609,컴퍼스 클래식 리더스 영어동화 - Tales of Mystery and Imagination,Edgar Allan Poe,웅진컴퍼스,오디오북,9781600000000 ,동화,2023-03-10
11610,컴퍼스 클래식 리더스 영어동화 - Sherlock Holmes,아서 코난도일,웅진컴퍼스,오디오북,9781600000000 ,동화,2023-03-10
11611,컴퍼스 클래식 리더스 영어동화 - Sense and Sensibility,Jane Austen,웅진컴퍼스,오디오북,9781600000000 ,동화,2023-03-10
11612,컴퍼스 클래식 리더스 영어동화 - Oliver Twist,Charles Dickens,웅진컴퍼스,오디오북,9781600000000 ,동화,2023-03-10
11613,컴퍼스 클래식 리더스 영어동화 - Little Women,Louisa May Alcott,웅진컴퍼스,오디오북,9781600000000 ,동화,2023-03-10
11614,컴퍼스 클래식 리더스 영어동화 - David Copperfield,Charles Dickens,웅진컴퍼스,오디오북,9781600000000 ,동화,2023-03-10
11615,컴퍼스 클래식 리더스 영어동화 - Around the World in Eighty Days,Jules Verne,웅진컴퍼스,오디오북,9781600000000 ,동화,2023-03-10
11616,컴퍼스 클래식 리더스 영어동화 - Treasure Island,Robert Louis Stevenson,웅진컴퍼스,오디오북,9781600000000 ,동화,2023-03-10
11617,컴퍼스 클래식 리더스 영어동화 - The Time Machine,H.G. Wells,웅진컴퍼스,오디오북,9781600000000 ,동화,2023-03-10
11618,컴퍼스 클래식 리더스 영어동화 - The Merchant of Venice,윌리엄 셰익스피어(William Shakespeare),웅진컴퍼스,오디오북,9781600000000 ,동화,2023-03-10
11619,컴퍼스 클래식 리더스 영어동화 - Romeo and Juliet,윌리엄 셰익스피어(William Shakespeare),웅진컴퍼스,오디오북,9781600000000 ,동화,2023-03-10
11620,컴퍼스 클래식 리더스 영어동화 - Robinson Crusoe,Daniel Defoe,웅진컴퍼스,오디오북,9781600000000 ,동화,2023-03-10
11621,컴퍼스 클래식 리더스 영어동화 - King Solomon's Mines,Henry Rider Haggard,웅진컴퍼스,오디오북,9781600000000 ,동화,2023-03-10
11622,컴퍼스 클래식 리더스 영어동화 - Dr. Jekyll and Mr. Hyde,Robert Louis Stevenson,웅진컴퍼스,오디오북,9781600000000 ,동화,2023-03-10
11623,컴퍼스 클래식 리더스 영어동화 - Frankenstein,Mary Shelly,웅진컴퍼스,오디오북,9781600000000 ,동화,2023-03-10
11624,컴퍼스 클래식 리더스 영어동화 - A Christmas Carol,Charles Dickens,웅진컴퍼스,오디오북,9781600000000 ,동화,2023-03-10
11625,"컴퍼스 클래식 리더스 영어동화 - 20,000 Leagues Under the Sea",Jules Verne,웅진컴퍼스,오디오북,9781600000000 ,동화,2023-03-10
11626,컴퍼스 클래식 리더스 영어동화 - White Fang,잭 런던 (Jack London),웅진컴퍼스,오디오북,9781600000000 ,동화,2023-03-10
11627,컴퍼스 클래식 리더스 영어동화 - The Adventures of Tom Sawyer,Mark Twain,웅진컴퍼스,오디오북,9781600000000 ,동화,2023-03-10
11628,컴퍼스 클래식 리더스 영어동화 - The Wizard of Oz,L. Frank Baum,웅진컴퍼스,오디오북,9781600000000 ,동화,2023-03-10
11629,컴퍼스 클래식 리더스 영어동화 - The Secret Garden,Frances Hodgson Burnett,웅진컴퍼스,오디오북,9781600000000 ,동화,2023-03-10
11630,컴퍼스 클래식 리더스 영어동화 - The Railway Children,Edith Nesbit,웅진컴퍼스,오디오북,9781600000000 ,동화,2023-03-10
11631,컴퍼스 클래식 리더스 영어동화 - The Arabian Nights,Ken Methold and Sheila Lyne,웅진컴퍼스,오디오북,9781600000000 ,동화,2023-03-10
11632,컴퍼스 클래식 리더스 영어동화 - Robin Hood,Howard Pyle,웅진컴퍼스,오디오북,9781600000000 ,동화,2023-03-10
11633,컴퍼스 클래식 리더스 영어동화 - Peter Pan,J.M. Barrie,웅진컴퍼스,오디오북,9781600000000 ,동화,2023-03-10
11634,컴퍼스 클래식 리더스 영어동화 - Anne of Green Gables,Lucy Maud Montgomery,웅진컴퍼스,오디오북,9781600000000 ,동화,2023-03-10
11635,컴퍼스 클래식 리더스 영어동화 - Alice in Wonderland,Lewis Carroll,웅진컴퍼스,오디오북,9781600000000 ,동화,2023-03-10
11636,컴퍼스 클래식 리더스 영어동화 - The Wind in the Willows,Kenneth Grahame,웅진컴퍼스,오디오북,9781600000000 ,동화,2023-03-10
11637,컴퍼스 클래식 리더스 영어동화 - The Jungle Book,Joseph Rudyard Kipling,웅진컴퍼스,오디오북,9781600000000 ,동화,2023-03-10
11638,컴퍼스 클래식 리더스 영어동화 - The Happy Prince,Oscar Wilde,웅진컴퍼스,오디오북,9781600000000 ,동화,2023-03-10
11639,컴퍼스 클래식 리더스 영어동화 - The Emperor's New Clothes,Hans Christian Andersen,웅진컴퍼스,오디오북,9781600000000 ,동화,2023-03-10
11640,컴퍼스 클래식 리더스 영어동화 - Just So Stories,Joseph Rudyard Kipling,웅진컴퍼스,오디오북,9781600000000 ,동화,2023-03-10
11641,컴퍼스 클래식 리더스 영어동화 - Grimm's Fairy Tales,Jacob and Wilhelm Grimm,웅진컴퍼스,오디오북,9781600000000 ,동화,2023-03-10
11642,컴퍼스 클래식 리더스 영어동화 - Favorite Asian Folk Tales,Ken Methold and Sheila Lyne,웅진컴퍼스,오디오북,9781600000000 ,동화,2023-03-10
11643,컴퍼스 클래식 리더스 영어동화 - Doctor Dolittle,Hugh Lofting,웅진컴퍼스,오디오북,9781600000000 ,동화,2023-03-10
11644,컴퍼스 클래식 리더스 영어동화 - Black Beauty,Anna Sewell,웅진컴퍼스,오디오북,9781600000000 ,동화,2023-03-10
11645,컴퍼스 클래식 리더스 영어동화 - Aesop's Fables,Aesop,웅진컴퍼스,오디오북,9781600000000 ,동화,2023-03-10
11646,나의 사랑 나의 신부,이명세,청조사,오디오북,없음,소설,2023-03-10
11647,사도세자,김경민,테라스북,오디오북,없음,소설,2023-03-10
11648,포 단편선,에드거 앨런 포우,범우사,오디오북,없음,소설,2023-03-10
11649,리드투게더(생활 영어 동화) - 10.My Feelings(나의 기분),김채현,애플비,오디오북,없음,동화,2023-03-10
11650,리드투게더(생활 영어 동화) - 9.Things That Go(무엇을 타고 갈까),김채현,애플비,오디오북,없음,동화,2023-03-10
11651,리드투게더(생활 영어 동화) - 8.My Shape Story(나의 모양 이야기),김채현,애플비,오디오북,없음,동화,2023-03-10
11652,리드투게더(생활 영어 동화) - 7.Four Seasons(사계절),김채현,애플비,오디오북,없음,동화,2023-03-10
11653,리드투게더(생활 영어 동화) - 6.My Day(나의 하루),김채현,애플비,오디오북,없음,동화,2023-03-10
11654,리드투게더(생활 영어 동화) - 5.My Body(나의 몸),김채현,애플비,오디오북,없음,동화,2023-03-10
11655,리드투게더(생활 영어 동화) - 4.My Food Story(나의 음식 이야기),김채현,애플비,오디오북,없음,동화,2023-03-10
11656,리드투게더(생활 영어 동화) - 3.My Number Story(나의 수 이야기),김채현,애플비,오디오북,없음,동화,2023-03-10
11657,리드투게더(생활 영어 동화) - 2.My Friend(내 친구),김채현,애플비,오디오북,없음,동화,2023-03-10
11658,리드투게더(생활 영어 동화) - 1.My Family(우리 가족),김채현,애플비,오디오북,없음,동화,2023-03-10
11659,리드투게더(명작 영어 동화) - 10.The Magic Fish(마법의 물고기),김채현,애플비,오디오북,없음,동화,2023-03-10
11660,리드투게더(명작 영어 동화) - 9.The Great Big Turnip(커다란 무),김채현,애플비,오디오북,없음,동화,2023-03-10
11661,리드투게더(명작 영어 동화) - 8.The Three Billy Goats(염소 세 마리),김채현,애플비,오디오북,없음,동화,2023-03-10
11662,리드투게더(명작 영어 동화) - 7.Little Red Hen(리틀 레드 헨),김채현,애플비,오디오북,없음,동화,2023-03-10
11663,리드투게더(명작 영어 동화) - 6.The Wolf and the Seven Kids(늑대와 일곱마리 아기염소),김채현,애플비,오디오북,없음,동화,2023-03-10
11664,리드투게더(명작 영어 동화) - 5.The Bremen Town Musicians(브레멘 음악대),김채현,애플비,오디오북,없음,동화,2023-03-10
11665,리드투게더(명작 영어 동화) - 4.The Magic Cooking Pot(요술 항아리),김채현,애플비,오디오북,없음,동화,2023-03-10
11666,리드투게더(명작 영어 동화) - 3.Goldilocks and the Three Bears(골디락과 곰 세 마리),김채현,애플비,오디오북,없음,동화,2023-03-10
11667,리드투게더(명작 영어 동화) - 2.Little Red Riding Hood(빨간 모자),김채현,애플비,오디오북,없음,동화,2023-03-10
11668,리드투게더(명작 영어 동화) - 1.The Three Little Pigs(아기 돼지 삼형제),김채현,애플비,오디오북,없음,동화,2023-03-10
11669,은주,권비영,청조사,오디오북,없음,소설,2023-03-10
11670,이반 일리치의 죽음,레프 톨스토이,펭귄클래식코리아,오디오북,9791130000000 ,소설,2023-03-10
11671,스마트폰이 먹어 치운 하루,서영선,팜파스,오디오북,없음,어린이,2023-03-10
11672,해저 2만리,쥘 베른,와미디어,오디오북,9791130000000 ,어린이,2023-03-10
11673,피노키오,카를로 콜로디,씽크하우스,오디오북,9791130000000 ,어린이,2023-03-10
11674,대한민국 청소년에게,"우석훈,하종강,김규동,강신주",바이북스,오디오북,없음,청소년,2023-03-10
11675,명량 : 불패의 신화2,박은우,고즈넉,오디오북,없음,소설,2023-03-10
11676,명량 : 불패의 신화1,박은우,고즈넉,오디오북,없음,소설,2023-03-10
11677,피터팬,제임스 매튜 배리,펭귄클래식코리아,오디오북,9791130000000 ,청소년,2023-03-10
11678,"이상한 나라의 앨리스, 거울 나라의 앨리스",루이스 캐럴 (Lewis Carroll),씽크하우스,오디오북,9791130000000 ,청소년,2023-03-10
11679,빨간 머리 앤,루시 모드 몽고메리,씽크하우스,오디오북,9791130000000 ,청소년,2023-03-10
11680,마인2,김내성,한국저작권위원회,오디오북,9791190000000 ,소설,2023-03-10
11681,마인1,김내성,한국저작권위원회,오디오북,9791190000000 ,소설,2023-03-10
11682,걸리버 여행기,조나단 스위프트,와미디어,오디오북,9791160000000 ,청소년,2023-03-10
11683,레 미제라블,빅토르 위고,와미디어,오디오북,9791160000000 ,소설,2023-03-10
11684,Curious George 2,Monica Perez,케이크,오디오북,없음,동화,2023-03-10
11685,Curious George 1,Monica Perez,케이크,오디오북,없음,동화,2023-03-10
11686,SID the Science Kid,Jim Henson Campany,케이크,오디오북,없음,동화,2023-03-10
11687,Super Why! 2,Angela C. Santomero,케이크,오디오북,없음,동화,2023-03-10
11688,Super Why! 1,Angela C. Santomero,케이크,오디오북,없음,동화,2023-03-10
11689,행복한 청소부(The Happy Street Sign Cleaner),모니카 페트,풀빛,오디오북,9791160000000 ,문학,2023-03-10
11690,생각을 모으는 사람(The Collector of Thoughts),모니카 페트,풀빛,오디오북,9791160000000 ,문학,2023-03-10
11691,바다로 간 화가(The Painter Who Went to the Sea),모니카 페트,풀빛,오디오북,9791160000000 ,문학,2023-03-10
11692,노인과 바다 (이보영),헤밍웨이,책읽는동네,오디오북,9791140000000 ,소설,2023-03-10
11693,[디지털 구연 동화] - 세계 동화 6편,편집부편,이북코리아,오디오북,없음,어린이,2023-03-10
11694,[디지털 구연 동화] - 세계 동화 5편,편집부편,이북코리아,오디오북,없음,어린이,2023-03-10
11695,[디지털 구연 동화] - 세계 동화 4편,편집부편,이북코리아,오디오북,없음,어린이,2023-03-10
11696,[디지털 구연 동화] - 세계 동화 3편,편집부편,이북코리아,오디오북,없음,어린이,2023-03-10
11697,[디지털 구연 동화] - 명작 동화, 이북코리아 편집팀,이북코리아,오디오북,없음,어린이,2023-03-10
11698,[디지털 구연 동화] - 이솝 우화, 이북코리아 편집팀,이북코리아,오디오북,없음,어린이,2023-03-10
11699,[디지털 구연 동화] - 동요와 동시, 이북코리아 편집팀,이북코리아,오디오북,없음,어린이,2023-03-10
11700,[디지털 구연 동화] - 외국 동화, 이북코리아 편집팀,이북코리아,오디오북,없음,어린이,2023-03-10
11701,노인과 바다 3 (The Old Man and the Sea),헤밍웨이,삼지사,오디오북,없음,문학,2023-03-10
11702,노인과 바다 2 (The Old Man and the Sea),헤밍웨이,삼지사,오디오북,없음,문학,2023-03-10
11703,노인과 바다 1 (The Old Man and the Sea),헤밍웨이,삼지사,오디오북,없음,문학,2023-03-10
11704,탈무드 4 (The Talmud) - 탈무드에 나오는 성경의 인물과 역사적 인물,삼지사,삼지사,오디오북,없음,교양/일반,2023-03-10
11705,탈무드 3 (The Talmud) - 탈무드의 지혜,삼지사,삼지사,오디오북,없음,교양/일반,2023-03-10
11706,탈무드 2 (The Talmud) - 탈무드의 교훈,삼지사,삼지사,오디오북,없음,교양/일반,2023-03-10
11707,탈무드 1 (The Talmud) - 탈무드 이야기,삼지사,삼지사,오디오북,없음,교양/일반,2023-03-10
11708,킹버드 리더스북 영어동화 Level 5-12,"Jptanhueco,Richelle Gonzales",웨이브홀딩스,오디오북,없음,동화,2023-03-10
11709,킹버드 리더스북 영어동화 Level 5-11,"Jptanhueco,Richelle Gonzales",웨이브홀딩스,오디오북,없음,동화,2023-03-10
11710,킹버드 리더스북 영어동화 Level 5-10,"Jptanhueco,Richelle Gonzales",웨이브홀딩스,오디오북,없음,동화,2023-03-10
11711,킹버드 리더스북 영어동화 Level 5-9,"Jptanhueco,Richelle Gonzales",웨이브홀딩스,오디오북,없음,동화,2023-03-10
11712,킹버드 리더스북 영어동화 Level 5-8,"Jptanhueco,Richelle Gonzales",웨이브홀딩스,오디오북,없음,동화,2023-03-10
11713,킹버드 리더스북 영어동화 Level 5-7,"Jptanhueco,Richelle Gonzales",웨이브홀딩스,오디오북,없음,동화,2023-03-10
11714,킹버드 리더스북 영어동화 Level 5-6,"Jptanhueco,Richelle Gonzales",웨이브홀딩스,오디오북,없음,동화,2023-03-10
11715,킹버드 리더스북 영어동화 Level 5-5,"Jptanhueco,Richelle Gonzales",웨이브홀딩스,오디오북,없음,동화,2023-03-10
11716,킹버드 리더스북 영어동화 Level 5-4,"Jptanhueco,Richelle Gonzales",웨이브홀딩스,오디오북,없음,동화,2023-03-10
11717,킹버드 리더스북 영어동화 Level 5-3,"Jptanhueco,Richelle Gonzales",웨이브홀딩스,오디오북,없음,동화,2023-03-10
11718,킹버드 리더스북 영어동화 Level 5-2,"Jptanhueco,Richelle Gonzales",웨이브홀딩스,오디오북,없음,동화,2023-03-10
11719,킹버드 리더스북 영어동화 Level 5-1,"Jptanhueco,Richelle Gonzales",웨이브홀딩스,오디오북,없음,동화,2023-03-10
11720,킹버드 리더스북 영어동화 Level 4-6,"Jptanhueco,Richelle Gonzales",웨이브홀딩스,오디오북,없음,동화,2023-03-10
11721,킹버드 리더스북 영어동화 Level 4-5,"Jptanhueco,Richelle Gonzales",웨이브홀딩스,오디오북,없음,동화,2023-03-10
11722,킹버드 리더스북 영어동화 Level 4-4,"Jptanhueco,Richelle Gonzales",웨이브홀딩스,오디오북,없음,동화,2023-03-10
11723,킹버드 리더스북 영어동화 Level 4-3,"Jptanhueco,Richelle Gonzales",웨이브홀딩스,오디오북,없음,동화,2023-03-10
11724,킹버드 리더스북 영어동화 Level 4-2,"Jptanhueco,Richelle Gonzales",웨이브홀딩스,오디오북,없음,동화,2023-03-10
11725,킹버드 리더스북 영어동화 Level 4-1,"Jptanhueco,Richelle Gonzales",웨이브홀딩스,오디오북,없음,동화,2023-03-10
11726,킹버드 리더스북 영어동화 Level 3-6,"Jptanhueco,Richelle Gonzales",웨이브홀딩스,오디오북,없음,동화,2023-03-10
11727,킹버드 리더스북 영어동화 Level 3-5,"Jptanhueco,Richelle Gonzales",웨이브홀딩스,오디오북,없음,동화,2023-03-10
11728,킹버드 리더스북 영어동화 Level 3-4,"Jptanhueco,Richelle Gonzales",웨이브홀딩스,오디오북,없음,동화,2023-03-10
11729,킹버드 리더스북 영어동화 Level 3-3,"Jptanhueco,Richelle Gonzales",웨이브홀딩스,오디오북,없음,동화,2023-03-10
11730,킹버드 리더스북 영어동화 Level 3-2,"Jptanhueco,Richelle Gonzales",웨이브홀딩스,오디오북,없음,동화,2023-03-10
11731,킹버드 리더스북 영어동화 Level 3-1,"Jptanhueco,Richelle Gonzales",웨이브홀딩스,오디오북,없음,동화,2023-03-10
11732,킹버드 리더스북 영어동화 Level 2-4,"Jptanhueco,Richelle Gonzales",웨이브홀딩스,오디오북,없음,동화,2023-03-10
11733,킹버드 리더스북 영어동화 Level 2-3,"Jptanhueco,Richelle Gonzales",웨이브홀딩스,오디오북,없음,동화,2023-03-10
11734,킹버드 리더스북 영어동화 Level 2-2,"Jptanhueco,Richelle Gonzales",웨이브홀딩스,오디오북,없음,동화,2023-03-10
11735,킹버드 리더스북 영어동화 Level 2-1,"Jptanhueco,Richelle Gonzales",웨이브홀딩스,오디오북,없음,동화,2023-03-10
11736,킹버드 리더스북 영어동화 Level 1-4,"Jptanhueco,Richelle Gonzales",웨이브홀딩스,오디오북,없음,동화,2023-03-10
11737,킹버드 리더스북 영어동화 Level 1-3,"Jptanhueco,Richelle Gonzales",웨이브홀딩스,오디오북,없음,동화,2023-03-10
11738,킹버드 리더스북 영어동화 Level 1-2,"Jptanhueco,Richelle Gonzales",웨이브홀딩스,오디오북,없음,동화,2023-03-10
11739,킹버드 리더스북 영어동화 Level 1-1,"Jptanhueco,Richelle Gonzales",웨이브홀딩스,오디오북,없음,동화,2023-03-10
11740,킹버드 리더스북 영어동화 Preschool 4,"Jptanhueco,Richelle Gonzales",웨이브홀딩스,오디오북,없음,동화,2023-03-10
11741,킹버드 리더스북 영어동화 Preschool 3,"Jptanhueco,Richelle Gonzales",웨이브홀딩스,오디오북,없음,동화,2023-03-10
11742,킹버드 리더스북 영어동화 Preschool 2,"Jptanhueco,Richelle Gonzales",웨이브홀딩스,오디오북,없음,동화,2023-03-10
11743,킹버드 리더스북 영어동화 Preschool 1,"Jptanhueco,Richelle Gonzales",웨이브홀딩스,오디오북,없음,동화,2023-03-10
11744,칼의 노래,김훈,문학동네,오디오북,없음,소설,2023-03-10
11745,도가니,공지영,오디언,오디오북,없음,소설,2023-03-10
11746,"조선의 마지막 황녀, 덕혜옹주",권비영,다산책방,오디오북,없음,소설,2023-03-10
11747,여자로 태어나 꼭 해야할 42가지,왕싱판,예문,오디오북,없음,에세이,2023-03-10
11748,봉순이 언니,공지영,오디언,오디오북,없음,소설,2023-03-10
11749,까칠한 재석이가 사라졌다,고정욱,애플북스,오디오북,없음,소설,2023-03-10
11750,레 미제라블,빅토르 위고,오디언,오디오북,없음,소설,2023-03-10
11751,우리들의 행복한 시간,공지영,오디언,오디오북,없음,소설,2023-03-10
11752,야간비행,생텍쥐페리,오디언,오디오북,없음,소설,2023-03-10
11753,하늘과 바람과 별과 시 : 윤동주 시집,윤동주,오디언,오디오북,없음,시/에세이,2023-03-10
11754,벤자민 버튼의 시간은 거꾸로 간다,F.스콧 피츠제럴드,오디언,오디오북,없음,소설,2023-03-10
11755,어린왕자,생텍쥐페리,오디언,오디오북,9791134380656 ,소설,2023-03-10
11756,이웃집 에밀아저씨의 길고도 짧은 1년,에밀 수베스트르,페이지,오디오북,없음,소설,2023-03-10
